-0.083927 -0.000005 0.004296 -0.007025 -0.000677 0.000149 -0.000166 -0.000003 -0.000008 -0.000001 -0.000003 -0.085528 -0.001190 0.000717 0.000004 -0.087172 0.000000 0.000030 -0.000007 0.000002 -0.000002 0.000734 0.000659 -0.001096 0.001364 0.000351 -0.000003 0.000213 0.000015 0.000116 0.000942 0.000309 0.000001 -0.001110 0.000121 -0.026264 -0.021929 -0.062237 0.003445 0.003820 -0.085479 0.000100 -0.000001 -0.000001 0.001356 -0.097179 0.000024 -0.001024 -0.000133 -0.083485 -0.000007 -0.000001 0.001056 0.000001 -0.000003 -0.000034 0.003011 0.000003 -0.084043 0.000727 -0.000016 -0.000007 -0.083016 0.004683 0.000291 0.000000 -0.082015 -0.007309 -0.000002 0.000027 -0.000013 -0.129955 -0.000000 0.004743 0.001660 -0.079470 -0.002211 -0.101202 0.000001 0.000059 0.000597 -0.000044 -0.000039 0.000026 -0.042329 -0.000014 0.001320 0.008417 0.000002 -0.031814 -0.110318 -0.072351 0.000000 0.000002 -0.082468 0.001317 0.000103 0.002046 -0.085432 0.000036 -0.000448 0.000197 -0.084834 0.000023 0.032712 -0.000228 -0.000068 -0.000000 -0.015397 -0.004263 0.000218 -0.000640 -0.047282 -0.000004 -0.000007 -0.000032 -0.000006 -0.000005 -0.020580 -0.000135 0.000205 -0.083257 0.002846 -0.000044 0.000139 -0.000002 0.000076 -0.085941 -0.000580 -0.087186 -0.000556 -0.017398 -0.000002 0.000003 -0.002444 -0.015455 -0.000005 0.001556 0.009241 0.000005 -0.002483 -0.000079 0.000001 -0.000055 0.000023 0.067189 -0.033910 0.002264 -0.000004 0.083713 0.000012 -0.000270 0.000104 0.000002 0.000021 -0.000131 -0.000004 0.000037 0.000034 -0.000005 -0.045403 -0.002915 -0.179745 0.003312 -0.005516 0.080769 -0.074595 -0.000003 -0.000001 -0.022409 0.000163 0.003532 0.000101 -0.003369 -0.003860 0.000101 -0.000004 0.001415 -0.104174 -0.000049 -0.083340 -0.000005 0.000004 -0.000967 0.000010 -0.000887 -0.000000 0.000170 0.000004 0.000004 0.000517 0.000029 -0.000001 -0.000000 -0.002721 -0.000550 -0.086455 -0.000004 0.000810 0.000004 0.000103 -0.000019 0.000107 -0.084532 0.000671 -0.052615 0.000007 -0.074511 0.000000 -0.000006 0.034831 -0.000002 -0.052494 0.000003 0.006005 0.000926 -0.000008 0.003949 0.001900 0.000026 -0.000004 -0.040888 -0.000002 -0.000004 -0.000061 0.001205 0.000002 0.000005 -0.000007 0.045178 -0.000828 0.000526 0.000967 0.001140 -0.000002 -0.000036 -0.000023 -0.087773 0.000001 -0.085526 -0.002647 0.001485 -0.000003 0.000027 -0.089530 -0.000131 0.042794 0.000136 -0.086744 0.001158 0.000068 -0.085161 0.002299 0.001146 -0.000004 0.000024
0.230339 -0.000010 -0.543659 0.011445 0.897256 -0.050296 -0.000126 -0.000006 0.000005 -0.000000 0.000006 -0.442472 -0.038507 0.000441 -0.000005 0.317285 -0.000001 0.000024 0.000011 0.000002 -0.000006 0.183506 -0.000150 -0.202939 0.124683 -0.000032 -0.000003 -0.000230 0.000003 0.000062 -0.111449 0.022363 0.000002 -0.058633 0.001158 -0.001230 -0.126493 0.269260 0.075760 -0.171096 -0.254607 0.014717 0.000001 0.000006 0.082336 -0.556223 0.000008 0.006251 0.000322 -0.099645 -0.000018 -0.000000 0.066677 0.000008 0.000004 0.000027 0.013241 -0.000002 0.120246 0.068387 0.000017 -0.000008 0.038411 0.099734 -0.014413 0.000002 0.203177 0.099696 0.000000 -0.000289 0.000023 -0.442827 -0.000002 -0.000444 0.226215 -0.250606 -0.233884 -0.029079 0.000003 -0.000017 0.026780 0.000003 0.000014 0.000002 0.012984 -0.000010 0.168606 0.323309 0.000030 0.121714 0.102699 0.094656 -0.000001 0.000002 -0.216002 0.000590 0.000254 0.730528 0.194746 -0.000022 0.201142 0.000002 -0.423392 0.000011 0.136730 0.001041 -0.000138 0.000001 -0.261444 0.030254 0.000303 -0.026997 0.170622 0.000005 0.000021 0.000004 -0.000005 0.000001 -0.098867 -0.000055 -0.000120 0.000892 0.004874 0.000059 0.039691 0.000003 0.000184 0.158150 0.000344 -0.293311 -0.009021 0.323704 -0.000000 0.000003 0.654297 0.229611 -0.000009 0.022885 0.214976 0.000002 0.532971 0.000002 0.000010 -0.000098 0.000014 0.060445 -0.088747 -0.003487 0.000001 -0.170176 0.000050 -0.000811 -0.000022 -0.000002 -0.000040 -0.000078 0.000005 -0.000013 -0.000130 0.000007 0.255475 -0.187987 -0.249867 0.010054 -0.436087 -0.152648 0.301199 0.000004 -0.000005 -0.614394 0.035263 0.009797 0.000004 0.325350 0.075571 0.380446 0.000020 0.255813 -0.341300 -0.000022 -0.411779 0.000003 0.000004 -0.364447 -0.000011 -0.449889 0.000014 -0.000304 0.000019 -0.000004 0.007169 -0.000040 0.000179 0.000002 0.089097 -0.002936 -0.160506 0.000001 0.268358 -0.000001 0.000004 -0.000018 0.001282 0.057531 -0.005927 -0.087208 0.000006 0.148154 0.000008 -0.000009 0.327886 -0.000002 -0.086393 0.000008 0.406890 0.031967 -0.000006 -0.618096 0.602537 0.000013 -0.000003 -0.039926 -0.000015 -0.000008 0.337664 -0.214948 -0.000005 -0.000008 0.000003 0.131379 -0.097983 0.000036 -0.161301 0.253373 0.000048 -0.000003 0.000034 0.217324 0.000002 0.071554 -0.076533 -0.127650 0.000001 -0.000133 -0.429649 -0.000084 0.078920 0.006087 0.058094 -0.002849 -0.000107 0.423350 -0.006930 -0.026885 -0.000000 0.000002
-0.000004 -0.000006 0.000060 0.000001 -0.000030 -0.000047 -0.000015 0.000001 0.000001 -0.000006 0.000007 -0.000054 -0.000014 -0.000018 0.000003 -0.000031 0.000000 0.000012 0.000004 -0.000001 0.000004 0.000025 0.000016 -0.000015 -0.000040 -0.000007 0.000010 0.000001 -0.000007 0.000001 0.000002 -0.000094 -0.000003 0.000001 -0.000055 -0.000040 -0.000038 -0.000022 -0.000033 -0.000058 -0.000049 0.000059 0.000000 -0.000009 -0.000002 -0.000064 -0.000005 -0.000003 -0.000020 0.000002 -0.000013 -0.000002 0.000027 0.000008 0.000008 -0.000001 -0.000026 0.000002 -0.000017 0.000004 0.000010 -0.000011 -0.000038 -0.000008 0.000015 0.000001 -0.000065 -0.000020 0.000002 0.000008 -0.000007 -0.000019 0.000000 0.000008 -0.000062 -0.000016 -0.000005 0.000001 -0.000003 -0.000004 -0.000034 -0.000004 -0.000003 -0.000004 -0.000062 -0.000012 -0.000022 -0.000067 -0.000006 0.000007 -0.000061 -0.000134 0.000005 0.000002 -0.000034 -0.000046 0.000030 0.000085 -0.000017 -0.000037 -0.000051 0.000005 -0.000050 0.000037 -0.000012 -0.000081 -0.000004 0.000003 -0.000023 -0.000026 -0.000065 -0.000078 -0.000035 -0.000010 0.000002 -0.000031 0.000003 0.000006 -0.000044 -0.000064 -0.000005 -0.000010 -0.000010 -0.000014 0.000059 -0.000005 -0.000001 -0.000050 -0.000042 -0.000100 -0.000058 -0.000022 -0.000001 -0.000009 0.000029 -0.000015 0.000005 -0.000053 -0.000022 0.000005 -0.000044 -0.000034 0.000002 -0.000016 -0.000001 0.000002 -0.000054 -0.000006 0.000008 0.000012 -0.000043 -0.000008 -0.000002 0.000007 -0.000007 -0.000059 -0.000004 0.000039 -0.000003 -0.000009 0.000007 -0.000040 0.000006 -0.000027 -0.000023 -0.000005 -0.000034 0.000008 -0.000003 0.000007 -0.000000 0.000003 0.000031 -0.000002 -0.000054 -0.000016 0.000000 -0.000060 -0.000096 -0.000010 -0.000026 -0.000008 0.000007 0.000032 -0.000010 -0.000050 -0.000011 -0.000048 0.000007 -0.000004 0.000004 0.000001 0.000023 -0.000010 -0.000016 0.000007 0.000011 0.000006 -0.000009 -0.000005 -0.000007 -0.000002 -0.000005 -0.000038 -0.000005 -0.000088 -0.000001 -0.000006 0.000000 -0.000004 0.000008 -0.000003 0.000046 0.000010 -0.000002 -0.000005 -0.000003 0.000005 0.000027 0.000001 -0.000002 -0.000025 -0.000003 -0.000006 -0.000008 -0.000069 0.000011 -0.000015 -0.000002 -0.000029 -0.000041 -0.000010 0.000019 -0.000023 0.000002 -0.000007 -0.000010 -0.000007 0.000003 -0.000010 -0.000010 -0.000015 -0.000005 0.000010 -0.000008 -0.000025 -0.000010 -0.000006 -0.000025 -0.000002 0.000007 -0.000030 0.000017 -0.000046 0.000006 -0.000005
-0.179035 0.000018 0.237680 -0.010623 -0.157565 -0.108839 0.000005 0.000003 0.000004 0.000000 -0.000005 0.101864 -0.088356 0.000150 0.000001 0.048571 0.000004 0.000007 0.000010 0.000003 0.000002 0.037285 -0.000192 -0.025554 -0.041182 0.000151 -0.000001 0.000022 -0.000001 -0.000074 0.172577 0.022688 -0.000009 0.136437 0.000092 0.133514 0.149996 0.002418 0.011525 0.033685 0.272173 0.045315 0.000001 0.000002 0.155767 -0.354847 -0.000004 -0.011231 0.000013 -0.085940 0.000015 0.000002 0.097315 -0.000005 0.000000 -0.000010 -0.008231 -0.000001 0.205571 0.047125 0.000011 -0.000005 -0.075694 -0.023978 0.164054 -0.000000 0.013072 0.101143 -0.000003 0.000020 0.000001 0.183815 0.000002 -0.002840 -0.107785 0.065852 0.086425 -0.129823 0.000014 0.000017 0.012425 0.000143 0.000001 0.000078 -0.107235 0.000009 0.093527 0.122682 -0.000003 0.235698 0.063613 -0.014437 -0.000005 0.000001 -0.089261 0.000150 -0.000169 -0.149247 -0.204782 0.000066 0.117270 -0.000007 -0.108538 -0.000022 -0.137478 0.000303 0.000016 -0.000006 -0.172657 0.005966 0.000049 -0.047763 -0.100659 0.000008 -0.000003 -0.000023 -0.000009 -0.000008 -0.090497 0.000048 -0.000007 -0.152317 -0.003918 -0.000005 0.121055 -0.000002 0.000182 -0.314800 0.002191 -0.243872 -0.044289 -0.293881 0.000002 0.000004 0.101440 -0.130403 -0.000006 0.002707 -0.007864 0.000006 -0.058095 0.000155 -0.000018 -0.000014 -0.000021 -0.254404 -0.196450 -0.110001 0.000002 0.057933 0.000149 0.000009 -0.000009 0.000002 0.000021 -0.000036 -0.000006 -0.000037 -0.000003 -0.000003 0.017972 -0.047311 -0.019782 0.001216 -0.206165 0.086070 -0.113944 0.000005 -0.000001 -0.042269 -0.106287 0.012600 0.000016 -0.050473 -0.189662 -0.090631 0.000037 -0.012517 -0.381245 0.000013 -0.015909 0.000009 0.000001 -0.086030 0.000029 -0.160648 -0.000004 0.000049 -0.000003 -0.000003 0.004824 -0.000007 -0.000146 0.000001 -0.138740 0.006955 -0.182665 0.000009 -0.030696 0.000011 -0.000008 -0.000009 -0.000093 -0.034556 0.010550 -0.121481 0.000008 0.039236 -0.000001 0.000002 -0.083519 0.000002 -0.004707 -0.000002 -0.056675 0.055233 -0.000003 -0.015875 0.374949 0.000064 -0.000003 -0.060179 0.000006 -0.000014 -0.066424 -0.002226 -0.000003 -0.000010 -0.000000 -0.100115 -0.011912 0.000034 -0.088439 0.038331 -0.000004 -0.000005 0.000002 -0.028241 0.000005 -0.051713 0.038111 -0.063346 -0.000005 0.000094 -0.196407 0.000041 -0.032365 0.087460 0.118422 0.000377 0.000003 0.116791 -0.000636 0.155991 0.000005 -0.000008
-0.000018 0.000006 0.000027 -0.000035 -0.000108 -0.000004 -0.000024 0.000002 0.000003 0.000002 0.000006 -0.000033 -0.000024 -0.000065 0.000007 -0.000032 0.000005 -0.000008 -0.000002 0.000005 0.000006 -0.000025 -0.000016 0.000020 -0.000008 0.000011 -0.000000 -0.000024 -0.000009 -0.000006 -0.000028 -0.000020 -0.000003 -0.000002 -0.000060 -0.000005 0.000001 -0.000061 -0.000014 0.000017 -0.000128 0.000010 0.000010 0.000007 0.000022 -0.000040 -0.000015 -0.000033 0.000044 0.000015 -0.000026 0.000005 -0.000013 0.000000 0.000007 0.000010 0.000003 0.000003 -0.000137 -0.000013 -0.000001 -0.000022 -0.000035 -0.000027 -0.000013 -0.000008 -0.000019 -0.000016 -0.000005 0.000098 -0.000017 -0.000072 0.000002 -0.000000 0.000014 -0.000174 -0.000011 -0.000031 0.000001 0.000019 -0.000010 -0.000003 0.000001 0.000022 0.000027 -0.000006 -0.000038 -0.000058 0.000007 -0.000061 0.000008 -0.000013 -0.000000 0.000001 -0.000028 -0.000034 0.000014 -0.000004 0.000007 -0.000031 -0.000173 0.000002 0.000030 0.000012 -0.000048 0.000028 -0.000007 0.000008 -0.000035 -0.000021 -0.000031 -0.000037 0.000001 -0.000003 -0.000021 -0.000003 -0.000000 0.000006 -0.000031 -0.000074 -0.000008 -0.000041 -0.000048 -0.000035 -0.000030 -0.000004 -0.000006 -0.000076 -0.000070 -0.000089 0.000007 0.000012 0.000009 0.000004 0.000016 -0.000007 -0.000001 -0.000056 0.000013 0.000008 -0.000037 -0.000021 0.000008 -0.000019 -0.000014 -0.000056 -0.000043 -0.000034 0.000007 0.000017 -0.000021 0.000042 0.000011 -0.000003 0.000028 -0.000034 -0.000007 0.000014 0.000007 -0.000004 -0.000067 -0.000065 -0.000013 0.000003 -0.000060 -0.000027 -0.000006 0.000001 -0.000007 -0.000112 0.000001 -0.000020 -0.000013 -0.000027 -0.000079 0.000003 -0.000014 -0.000012 -0.000090 -0.000013 -0.000003 -0.000008 0.000007 -0.000038 -0.000003 -0.000086 0.000003 -0.000069 -0.000003 -0.000001 -0.000044 -0.000008 0.000009 0.000002 -0.000101 -0.000015 -0.000145 -0.000009 -0.000008 -0.000005 0.000009 -0.000011 -0.000006 -0.000015 0.000005 -0.000056 0.000002 -0.000023 0.000006 -0.000002 -0.000052 -0.000005 0.000030 0.000007 -0.000025 0.000003 0.000024 -0.000003 0.000002 0.000040 -0.000002 0.000022 0.000008 0.000009 -0.000010 -0.000045 -0.000016 -0.000015 -0.000008 -0.000031 -0.000012 0.000000 0.000010 0.000001 0.000011 0.000007 -0.000001 -0.000017 0.000008 -0.000027 0.000014 0.000014 0.000004 -0.000012 -0.000098 -0.000007 0.000013 -0.000003 0.000014 0.000031 0.000010 -0.000003 0.000016 -0.000029 -0.000000 -0.000005
0.001298 -0.000007 0.000056 -0.003062 -0.000350 -0.000577 0.000042 -0.000007 0.000004 -0.000002 -0.000006 -0.001235 -0.001149 -0.000407 0.000005 -0.000954 0.000002 0.000008 -0.000003 -0.000000 -0.000002 -0.000116 0.000366 -0.002097 -0.000003 0.000032 -0.000002 -0.000146 -0.000000 -0.000120 0.000231 -0.000675 -0.000005 0.000058 0.000169 -0.001479 -0.001013 -0.002975 0.000064 -0.000323 0.000526 0.001743 -0.000000 -0.000003 0.000136 -0.002328 -0.000001 0.001987 0.000173 0.000884 -0.000041 -0.000003 -0.001734 -0.000005 0.000000 0.000007 -0.001275 -0.000005 -0.000114 -0.001490 -0.000006 0.000003 -0.000023 0.000377 -0.000353 0.000010 -0.002755 0.001203 0.000000 -0.000147 0.000003 -0.000438 -0.000006 -0.000084 0.001187 0.000765 0.000987 -0.001871 -0.000002 -0.000006 0.000198 -0.000146 -0.000009 -0.000007 0.000058 -0.000005 -0.003407 -0.000631 0.000008 0.000546 -0.001060 -0.001705 0.000004 -0.000007 -0.000943 0.000656 0.000208 0.000527 0.002174 -0.000019 0.000272 -0.000004 -0.000645 0.000023 0.000236 0.001236 -0.000030 -0.000004 -0.000870 0.001352 0.001338 -0.000308 -0.000615 0.000005 -0.000020 -0.000002 -0.000011 0.000005 -0.000021 -0.000083 -0.000012 -0.001223 0.000157 -0.000022 -0.000141 -0.000007 -0.000003 -0.000304 0.001922 -0.000581 -0.002084 -0.000956 -0.000010 -0.000005 0.000956 -0.002018 -0.000006 0.000587 0.000198 -0.000004 0.000698 0.000131 -0.000016 0.000019 -0.000003 0.000603 -0.001108 0.000569 -0.000004 0.000028 -0.000022 -0.000321 0.000003 -0.000004 0.000009 0.000070 0.000002 -0.000029 0.000000 0.000002 0.000475 -0.000938 0.000555 0.001117 -0.004619 -0.004580 0.001039 -0.000004 0.000004 0.001638 0.000673 -0.000521 0.000009 -0.000076 -0.000370 -0.000472 0.000043 -0.000318 -0.003868 -0.000050 -0.000257 -0.000001 -0.000003 -0.000104 -0.000011 -0.002369 -0.000007 0.002086 0.000002 -0.000004 0.000064 -0.000027 0.000217 -0.000006 0.000072 0.000140 -0.000347 -0.000006 -0.000985 -0.000006 -0.000008 -0.000003 0.000263 -0.002145 0.001467 -0.002303 0.000000 -0.000054 -0.000008 0.000003 0.001366 0.000007 0.001661 -0.000005 -0.002989 0.001040 0.000001 -0.003469 0.001615 -0.000008 -0.000004 0.000687 -0.000002 -0.000003 0.002619 0.000384 -0.000007 -0.000015 0.000006 -0.001027 0.000076 0.000004 -0.000087 -0.000095 0.000002 0.000012 0.000015 -0.001512 -0.000009 -0.000942 -0.001471 0.000518 0.000004 -0.000293 -0.001533 -0.000029 -0.000425 -0.000256 -0.000177 0.000858 0.000001 0.000391 -0.000328 -0.001187 -0.000005 -0.000007
0.122453 0.000016 0.688846 -0.008035 0.158909 0.126455 0.000168 0.000001 0.000002 -0.000005 -0.000009 0.117427 0.096682 0.001192 -0.000002 0.449329 -0.000014 -0.000029 -0.000031 -0.000008 -0.000003 0.486781 0.001852 0.464029 0.505263 -0.000027 0.000002 0.000237 -0.000009 -0.000008 0.082748 -0.034311 -0.000003 0.131022 0.000158 -0.123671 -0.001899 -0.135663 0.081315 0.189302 0.068767 0.002559 0.000000 -0.000009 -0.110770 -0.029383 0.000006 0.044096 0.000041 0.423225 -0.000041 -0.000005 -0.265584 -0.000003 -0.000001 0.000005 0.020575 -0.000017 -0.015074 -0.022947 -0.000005 -0.000008 0.247203 -0.110786 0.193180 -0.000002 0.228249 -0.108541 -0.000005 -0.000006 0.000009 -0.094134 0.000003 0.000684 0.607271 0.391945 0.106640 0.032322 0.000006 0.000003 -0.080674 0.000098 -0.000001 -0.000004 -0.134583 -0.000018 0.063600 0.107294 -0.000002 -0.155905 -0.169073 0.027326 -0.000001 0.000006 -0.296398 0.002123 0.000031 0.663200 -0.093066 -0.000015 0.033625 -0.000010 -0.024889 0.000010 0.542160 -0.000028 0.000690 -0.000003 0.102276 0.013521 -0.000617 -0.011620 0.259034 -0.000003 -0.000001 -0.000006 -0.000006 -0.000009 -0.462720 -0.000018 0.000606 -0.032469 0.006214 0.000166 0.446006 -0.000003 -0.000011 -0.117316 -0.001396 -0.202444 -0.137540 0.083435 -0.000009 -0.000007 0.175543 -0.084448 0.000001 -0.019248 0.097040 0.000003 -0.286454 0.000006 -0.000003 0.000102 -0.000005 0.174269 -0.194838 0.064712 -0.000007 0.044457 -0.000002 -0.000392 -0.000005 0.000001 -0.000000 0.000063 0.000000 0.000034 -0.000006 -0.000002 0.192430 0.232173 -0.046968 0.194531 0.018919 0.327698 -0.041803 -0.000003 -0.000002 -0.079861 0.346114 0.006429 -0.000010 0.128646 0.252607 0.091395 -0.000003 0.095949 -0.563224 -0.000025 0.380522 0.000004 0.000008 -0.082771 -0.000018 0.089929 -0.000001 0.000312 0.000003 -0.000007 0.003930 -0.000011 0.000009 -0.000008 0.128234 0.012508 0.126014 0.000002 0.073609 0.000002 -0.000019 -0.000017 0.000223 -0.231681 0.015516 -0.183659 -0.000008 -0.034902 0.000004 -0.000004 -0.306886 -0.000004 -0.010978 0.000002 0.396679 -0.025168 -0.000009 0.018011 0.630811 -0.000002 -0.000008 -0.082489 0.000000 0.000001 -0.013804 0.182093 -0.000000 -0.000054 0.000000 0.337391 -0.001631 0.000438 0.326333 -0.182910 -0.000004 -0.000037 0.000022 0.315371 0.000003 0.066086 0.121058 0.261427 -0.000007 0.000181 0.105139 -0.000011 0.350718 -0.141508 0.156437 0.000635 0.000017 -0.063105 0.012184 0.157370 -0.000004 -0.000001
-0.000035 -0.000005 -0.000003 -0.000003 -0.000146 -0.000019 -0.000019 -0.000005 -0.000024 0.000003 -0.000002 -0.000025 -0.000042 -0.000009 0.000001 -0.000010 -0.000006 -0.000021 -0.000003 0.000007 -0.000009 -0.000062 -0.000035 -0.000036 -0.000027 -0.000037 -0.000003 -0.000008 -0.000014 -0.000008 -0.000014 -0.000028 0.000008 -0.000027 -0.000004 0.000003 -0.000027 0.000010 -0.000021 -0.000057 -0.000023 -0.000028 -0.000000 -0.000002 0.000002 -0.000133 -0.000006 0.000018 -0.000003 -0.000029 -0.000011 -0.000003 -0.000018 -0.000008 -0.000001 -0.000003 -0.000006 0.000009 -0.000076 -0.000001 -0.000016 0.000006 -0.000039 -0.000005 0.000015 -0.000009 -0.000066 -0.000024 -0.000003 0.000017 -0.000025 -0.000012 -0.000000 -0.000007 0.000013 -0.000010 0.000011 -0.000009 -0.000005 -0.000006 -0.000111 -0.000000 -0.000004 -0.000023 -0.000011 0.000010 -0.000047 -0.000043 -0.000006 -0.000006 -0.000042 -0.000065 -0.000004 -0.000003 -0.000034 -0.000012 -0.000018 -0.000011 -0.000052 -0.000016 -0.000046 -0.000008 -0.000014 0.000004 -0.000002 -0.000030 -0.000007 -0.000001 -0.000037 -0.000013 -0.000032 -0.000015 -0.000026 0.000002 -0.000008 -0.000010 -0.000002 -0.000009 -0.000015 -0.000037 -0.000021 -0.000022 -0.000004 -0.000054 -0.000010 -0.000006 -0.000019 -0.000023 -0.000024 -0.000037 -0.000016 -0.000091 -0.000003 -0.000006 -0.000006 -0.000045 -0.000003 -0.000023 -0.000031 -0.000002 -0.000032 -0.000027 -0.000003 -0.000023 -0.000008 -0.000030 -0.000066 -0.000001 -0.000010 -0.000005 -0.000009 -0.000021 -0.000024 -0.000002 -0.000026 -0.000019 -0.000004 -0.000024 -0.000014 0.000001 -0.000017 -0.000014 -0.000004 -0.000032 -0.000035 -0.000013 -0.000020 0.000000 -0.000004 0.000007 -0.000008 0.000003 0.000010 -0.000017 -0.000017 -0.000039 -0.000005 0.000017 -0.000076 -0.000021 -0.000019 -0.000004 -0.000002 -0.000067 -0.000009 -0.000043 -0.000003 -0.000040 -0.000000 -0.000001 -0.000036 0.000000 -0.000004 -0.000006 -0.000066 0.000006 -0.000016 -0.000002 -0.000016 -0.000005 -0.000005 -0.000018 -0.000008 -0.000118 -0.000002 -0.000011 -0.000001 -0.000016 -0.000001 -0.000009 -0.000021 -0.000008 -0.000018 -0.000002 -0.000036 -0.000004 -0.000007 -0.000001 0.000016 -0.000007 -0.000005 -0.000050 -0.000008 -0.000001 -0.000004 -0.000016 -0.000005 -0.000031 -0.000000 -0.000014 -0.000013 -0.000009 0.000003 -0.000005 -0.000002 -0.000023 -0.000007 -0.000045 -0.000002 -0.000034 0.000002 -0.000034 -0.000004 -0.000018 -0.000017 -0.000021 -0.000039 -0.000024 -0.000010 -0.000003 0.000014 -0.000007 -0.000034 -0.000016 -0.000001 0.000009
-0.054903 -0.000009 0.004345 0.002419 -0.063029 0.021730 0.000011 0.000001 0.000006 0.000003 -0.000005 -0.067406 -0.030273 0.000018 -0.000001 -0.023138 -0.000008 0.000019 -0.000008 -0.000005 -0.000006 -0.039091 0.000368 0.018352 -0.001058 -0.000067 0.000001 -0.000051 -0.000007 -0.000098 -0.015318 -0.012371 -0.000007 -0.007995 -0.000313 0.018101 0.080521 -0.019520 0.006366 0.002776 0.019606 0.007700 0.000000 -0.000008 0.014680 -0.051160 -0.000002 0.009238 0.000571 0.011173 -0.000004 -0.000002 0.066380 -0.000001 -0.000001 -0.000046 0.008769 0.000017 0.008831 -0.033577 -0.000055 -0.000001 -0.033941 -0.000043 -0.019182 -0.000003 -0.060711 -0.063155 -0.000009 0.000001 -0.000027 -0.017153 0.000008 0.000574 0.100973 -0.005574 -0.008105 -0.044242 -0.000010 -0.000010 0.015459 0.000105 0.000000 -0.000033 -0.035097 -0.000008 0.004781 -0.011557 -0.000002 -0.079398 -0.067953 -0.073437 -0.000008 -0.000001 -0.137699 -0.000259 0.000098 0.002698 0.002914 -0.000043 -0.022582 -0.000009 0.011769 -0.000028 -0.000862 0.000221 -0.000078 0.000009 0.010426 0.001752 0.001055 -0.009852 -0.055490 0.000003 -0.000010 -0.000045 -0.000005 0.000004 0.003802 -0.000022 -0.000014 -0.050656 0.010595 0.000100 0.055895 -0.000001 0.000103 -0.048441 -0.000177 -0.076561 -0.013949 -0.029114 -0.000000 -0.000007 -0.003201 -0.019445 0.000002 -0.018459 0.012010 -0.000000 0.031091 -0.000107 -0.000007 0.000102 -0.000007 0.001703 -0.016488 0.011649 -0.000000 0.010042 0.000039 0.000504 -0.000026 -0.000007 -0.000007 0.000135 -0.000010 -0.000032 -0.000003 -0.000002 -0.051691 0.036461 0.003043 -0.064411 -0.093496 -0.002893 -0.020863 -0.000005 -0.000008 -0.020074 -0.006102 -0.004596 0.000053 -0.110099 -0.051027 -0.002472 -0.000009 0.021604 -0.167356 -0.000063 -0.072683 0.000004 -0.000009 -0.009448 -0.000006 -0.061469 -0.000007 0.000365 -0.000001 -0.000002 -0.005291 0.000003 0.000022 -0.000008 0.047833 0.000774 0.016637 -0.000004 0.044411 -0.000008 0.000034 -0.000012 0.000068 0.027933 0.007873 -0.100622 -0.000004 -0.049938 -0.000002 -0.000008 0.016937 -0.000008 -0.077538 -0.000003 -0.029758 0.000934 -0.000005 -0.008170 0.021339 -0.000010 -0.000007 0.003831 -0.000004 -0.000004 -0.006641 0.048080 -0.000004 0.000014 -0.000007 -0.102300 0.014880 -0.000011 0.002305 -0.049769 -0.000002 -0.000002 -0.000007 -0.043604 -0.000004 -0.088050 -0.005099 0.014098 -0.000001 0.000181 -0.034401 -0.000013 -0.083651 0.032633 -0.004965 0.001702 -0.000002 -0.112911 -0.000189 -0.067934 -0.000009 0.000001
-0.183115 0.000005 -0.007024 -0.031407 0.046730 0.010346 0.000010 -0.000002 -0.000008 0.000004 0.000003 -0.166805 -0.153331 0.001020 -0.000007 0.005222 0.000008 -0.000004 -0.000006 0.000007 -0.000002 0.054761 0.001971 0.103878 0.045105 0.000367 0.000005 -0.000093 -0.000002 -0.000074 -0.048182 -0.016388 -0.000011 -0.087008 0.000284 -0.098459 -0.083108 -0.044534 -0.003615 0.009143 0.028395 -0.017193 -0.000006 -0.000008 -0.062249 -0.181161 0.000002 0.001038 0.000651 -0.066295 0.000040 -0.000008 -0.030450 -0.000008 -0.000008 -0.000024 0.001529 -0.000012 0.060939 -0.041815 0.000016 -0.000008 -0.006642 0.066200 0.000069 0.000000 -0.016474 0.070407 -0.000006 -0.000069 -0.000028 -0.165232 -0.000005 0.002803 0.148777 -0.025417 -0.046361 0.009339 0.000003 0.000004 0.026190 0.000254 -0.000004 -0.000006 0.227119 0.000004 -0.052199 0.019122 -0.000033 -0.090962 -0.203333 -0.069564 0.000006 0.000003 -0.079338 0.001354 0.000026 -0.136336 0.099198 -0.000029 -0.033423 0.000005 -0.040442 0.000020 0.105534 -0.000313 0.000179 -0.000004 -0.002042 0.044203 0.003016 0.026571 -0.044619 0.000007 0.000004 -0.000018 -0.000004 -0.000003 -0.159629 0.000041 0.000615 -0.064663 -0.002204 0.000048 0.131334 0.000006 0.000001 -0.036292 0.001160 -0.236205 0.048611 -0.029902 -0.000001 0.000003 0.058286 -0.137141 0.000009 -0.051080 0.015025 -0.000011 -0.004165 0.000377 0.000001 0.000016 -0.000016 0.039311 0.015671 0.074188 -0.000002 -0.038139 -0.000006 0.001481 -0.000002 0.000004 0.000036 0.000118 0.000003 0.000030 0.000041 0.000001 -0.009735 -0.095827 0.053368 -0.122864 -0.082843 0.047162 0.026993 -0.000004 -0.000000 -0.183563 -0.004960 -0.004752 -0.000050 0.045648 -0.197000 -0.024970 -0.000010 -0.013883 -0.323234 -0.000097 -0.016617 -0.000003 -0.000001 -0.019024 -0.000053 0.023681 -0.000001 0.002072 -0.000014 0.000001 0.027962 -0.000046 0.000108 -0.000002 -0.081765 -0.008366 -0.084789 0.000005 -0.163699 0.000009 0.000023 -0.000022 -0.000627 -0.116491 -0.001102 -0.095662 -0.000000 0.047978 -0.000005 0.000001 -0.213674 0.000006 -0.039028 -0.000002 0.129032 0.001013 0.000001 -0.071857 0.047829 -0.000038 0.000009 -0.037261 0.000009 0.000006 0.019544 0.091093 -0.000015 -0.000013 -0.000000 -0.135226 -0.046143 -0.000031 0.010728 0.072925 -0.000046 0.000009 -0.000017 -0.112004 -0.000003 0.073984 -0.036601 0.039687 -0.000001 0.000036 -0.117480 -0.000098 0.001641 0.070424 0.115644 -0.001584 -0.000029 -0.077749 0.014380 -0.180607 0.000010 -0.000011
0.000447 -0.000001 0.002669 -0.001195 -0.006443 -0.025659 0.000083 -0.000005 -0.000012 -0.000004 -0.000009 -0.001738 -0.002762 0.000149 0.000006 -0.002659 0.000000 -0.000002 0.000002 0.000004 0.000008 0.002121 0.000182 -0.000070 -0.005492 0.000058 -0.000003 0.000133 -0.000004 -0.000036 -0.004381 0.000685 0.000004 -0.003782 0.000571 -0.004141 0.001854 0.001591 -0.001444 -0.001848 -0.031059 -0.000202 0.000005 -0.000032 0.000410 -0.060525 0.000007 0.000020 -0.000090 -0.001515 0.000011 0.000002 -0.004504 -0.000003 0.000005 0.000073 0.000244 -0.000018 -0.005035 0.001256 0.000003 0.000020 0.000471 -0.003274 -0.004258 0.000005 -0.001750 -0.000237 0.000002 0.000180 -0.000022 -0.001311 -0.000002 0.000180 -0.003583 -0.000057 -0.008334 -0.061416 0.000004 0.000003 -0.001866 0.000507 0.000039 0.000050 -0.002433 -0.000001 0.000266 -0.002442 -0.000009 -0.001619 -0.000026 -0.064249 0.000010 0.000009 -0.013096 -0.000048 0.000063 0.003594 -0.034495 -0.000060 0.002488 -0.000003 0.000509 0.000020 0.002382 0.001039 0.000175 -0.000008 -0.043972 0.000017 -0.000154 -0.001391 0.008739 0.000001 -0.000003 0.000037 0.000007 -0.000005 -0.063477 0.000125 0.000503 0.001777 0.004165 0.000326 -0.001457 -0.000000 -0.000041 -0.054487 0.000019 -0.033480 -0.003014 -0.002585 0.000009 0.000001 -0.004050 0.000930 -0.000004 -0.000226 0.000016 -0.000001 -0.060440 -0.000060 -0.000017 0.000287 -0.000004 0.000622 -0.000544 -0.003999 -0.000003 -0.002066 -0.000003 0.000041 0.000003 0.000002 0.000047 -0.000107 0.000006 0.000036 0.000137 0.000003 0.012255 -0.003936 -0.000721 -0.002525 -0.048722 -0.000695 -0.000087 -0.000005 0.000004 0.011082 -0.000946 0.000916 0.000016 -0.001853 -0.002240 0.000228 -0.000028 -0.000134 -0.063189 -0.000334 0.004463 -0.000002 -0.000005 0.000089 -0.000006 0.015587 0.000001 0.000420 0.000005 0.000006 0.001303 -0.000039 0.000056 -0.000002 -0.000013 0.003420 -0.000791 -0.000007 -0.045864 0.000011 0.000001 0.000015 0.000058 -0.003011 0.000029 -0.043103 -0.000008 -0.000774 -0.000006 0.000003 -0.002560 0.000006 0.002458 -0.000009 -0.000165 -0.000012 -0.000012 -0.004952 0.004377 -0.000056 -0.000006 -0.002668 -0.000004 -0.000002 0.002606 -0.000384 -0.000006 0.000042 -0.000013 -0.005530 -0.062239 0.000055 -0.000299 0.005510 0.000015 0.000025 -0.000013 -0.049736 0.000005 -0.005006 -0.001484 -0.002903 0.000003 -0.000167 0.000786 -0.000061 0.002540 0.002704 0.000443 0.000089 0.000007 -0.003324 -0.002325 -0.003435 0.000002 0.000019
-0.000019 0.000007 -0.000084 0.000025 -0.000036 -0.000057 0.000004 0.000002 -0.000008 0.000018 0.000007 -0.000035 -0.000027 0.000026 -0.000001 0.000028 0.000004 -0.000012 -0.000002 0.000002 0.000002 -0.000101 -0.000010 -0.000014 -0.000043 -0.000021 0.000007 0.000012 -0.000002 0.000006 -0.000029 0.000014 -0.000015 -0.000128 -0.000122 -0.000197 -0.000006 0.000033 -0.000155 0.000071 -0.000109 -0.000020 0.000004 -0.000000 -0.000055 0.000041 0.000000 -0.000004 0.000019 0.000035 0.000024 0.000006 0.000055 -0.000003 0.000002 -0.000008 -0.000009 -0.000011 -0.000059 0.000005 0.000005 -0.000000 -0.000108 -0.000033 -0.000026 0.000005 -0.000081 0.000068 -0.000006 -0.000052 -0.000001 0.000053 -0.000004 0.000105 -0.000028 0.000001 -0.000074 0.000028 -0.000005 0.000009 -0.000086 0.000008 0.000008 -0.000046 -0.000087 0.000005 -0.000014 -0.000071 0.000031 -0.000056 -0.000097 -0.000120 -0.000002 -0.000001 -0.000090 0.000003 -0.000006 -0.000069 -0.000212 -0.000030 -0.000073 -0.000003 0.000006 -0.000004 -0.000112 -0.000104 0.000017 -0.000003 -0.000123 -0.000024 0.000056 -0.000066 -0.000132 0.000008 -0.000008 -0.000015 -0.000001 0.000002 -0.000087 -0.000018 -0.000010 -0.000123 0.000024 -0.000004 0.000071 0.000005 0.000025 -0.000099 -0.000084 -0.000216 -0.000057 -0.000031 0.000007 0.000003 0.000041 -0.000070 -0.000003 -0.000050 -0.000028 -0.000002 -0.000132 -0.000094 0.000021 0.000001 0.000002 -0.000021 0.000018 0.000072 0.000009 -0.000010 0.000125 0.000013 -0.000010 0.000004 0.000002 -0.000064 0.000001 0.000090 -0.000010 -0.000002 -0.000132 -0.000002 -0.000059 -0.000119 -0.000129 -0.000121 -0.000034 0.000005 0.000008 -0.000089 -0.000000 -0.000011 -0.000051 -0.000015 -0.000125 -0.000068 0.000020 -0.000018 -0.000199 -0.000005 -0.000177 -0.000005 0.000007 0.000020 0.000056 -0.000051 -0.000003 -0.000026 0.000001 -0.000005 -0.000143 -0.000020 -0.000050 -0.000004 -0.000069 0.000001 -0.000067 0.000010 0.000006 0.000009 -0.000014 -0.000010 0.000014 -0.000028 0.000033 -0.000130 0.000007 0.000007 0.000004 0.000000 -0.000021 0.000001 -0.000022 -0.000000 0.000078 0.000063 0.000000 -0.000108 -0.000092 -0.000005 0.000001 -0.000010 -0.000004 0.000007 -0.000086 -0.000032 -0.000017 0.000001 0.000001 -0.000053 -0.000005 -0.000063 -0.000012 0.000014 -0.000002 0.000017 -0.000005 -0.000077 0.000006 0.000012 0.000046 -0.000023 -0.000003 -0.000036 -0.000166 0.000003 -0.000063 -0.000009 0.000001 -0.000122 -0.000009 0.000025 -0.000047 -0.000132 0.000002 -0.000009
-0.155643 0.000005 0.314825 0.002210 0.110814 0.159870 0.000119 0.000001 -0.000004 0.000019 0.000003 -0.427996 0.088593 0.000207 0.000009 0.029835 -0.000005 -0.000045 0.000014 0.000004 0.000003 0.230736 -0.002282 -0.006608 0.000182 -0.000154 0.000003 0.000119 -0.000017 -0.000013 -0.111400 0.035642 0.000005 -0.070591 -0.000782 -0.064084 -0.081658 0.119226 0.127788 0.039281 -0.093728 0.019632 -0.000007 0.000007 -0.150568 -0.258771 0.000030 -0.007618 -0.000107 -0.126232 -0.000022 0.000001 0.285280 0.000007 -0.000009 -0.000008 -0.005787 0.000001 -0.140482 0.095576 0.000007 -0.000022 -0.161221 -0.088181 -0.267385 -0.000000 -0.097803 0.214020 0.000002 -0.000071 -0.000033 -0.198552 0.000001 -0.000117 -0.047151 -0.135517 0.039539 0.006665 0.000000 -0.000021 0.018387 0.000150 -0.000015 -0.000045 -0.130069 0.000002 0.142292 -0.096769 -0.000023 -0.278553 0.101471 -0.044632 0.000001 0.000004 -0.090894 0.001139 -0.000105 0.165347 -0.283489 -0.000010 0.161159 0.000004 -0.142702 -0.000020 -0.157731 0.000170 0.000059 -0.000009 -0.184658 0.013557 -0.000467 -0.010634 -0.074697 0.000003 -0.000010 -0.000008 0.000004 0.000001 -0.184316 -0.000164 -0.000219 -0.162299 0.012472 0.000039 0.351513 0.000000 -0.000202 -0.141561 -0.001174 -0.089401 -0.013365 0.108289 -0.000002 0.000000 0.160620 -0.193566 0.000003 0.046097 0.086831 -0.000007 0.037953 -0.000083 0.000024 0.000043 0.000035 0.123574 -0.131976 0.107201 -0.000002 -0.155662 -0.000100 -0.000071 -0.000010 0.000005 0.000018 0.000269 0.000008 0.000019 -0.000081 -0.000007 0.040303 -0.122959 -0.108756 0.026256 -0.070419 0.040435 -0.188306 -0.000000 -0.000003 -0.419747 -0.093808 0.005792 0.000035 0.050099 -0.121816 0.086255 0.000000 -0.039252 -0.408624 0.000033 -0.150014 0.000001 0.000009 0.150925 -0.000027 -0.351052 0.000001 -0.000474 0.000002 0.000005 -0.000903 0.000007 0.000415 -0.000002 -0.101666 -0.007301 -0.012744 0.000001 -0.080249 0.000003 -0.000012 0.000007 0.000951 -0.253030 0.017327 -0.333903 0.000008 -0.080671 -0.000002 -0.000008 -0.243075 -0.000002 -0.164839 0.000007 0.062902 0.094364 0.000007 -0.077569 0.097529 -0.000045 -0.000004 -0.278791 -0.000000 0.000003 0.072510 -0.189334 -0.000001 -0.000017 -0.000002 0.085190 -0.122923 0.000132 0.133127 -0.198084 -0.000038 0.000022 -0.000021 -0.151394 -0.000007 -0.151646 0.125793 0.225400 0.000003 0.000094 0.098919 -0.000259 -0.073258 -0.138765 -0.004628 0.000626 0.000033 0.088816 0.020847 -0.181690 0.000009 -0.000018
0.037060 -0.000001 0.351531 -0.008093 -0.006845 0.358917 -0.000010 -0.000002 -0.000017 0.000001 -0.000003 0.053736 0.145311 -0.001712 -0.000003 0.255207 -0.000002 0.000006 -0.000010 -0.000001 -0.000009 0.006698 -0.000483 0.175952 0.186983 0.000006 0.000007 -0.000016 -0.000060 0.000099 0.224542 -0.026095 -0.000002 0.488573 0.000585 0.008543 0.155350 -0.219056 -0.179687 0.149948 0.121659 0.024457 0.000005 -0.000000 0.256066 -0.047980 -0.000006 0.025830 0.000202 -0.138199 0.000011 0.000003 -0.195575 -0.000005 -0.000006 0.000003 0.013364 -0.000009 0.299333 -0.002566 0.000011 0.000019 0.055580 0.061766 0.319853 -0.000022 -0.246142 0.215287 -0.000004 0.000066 -0.000038 -0.094030 -0.000000 -0.001550 0.461334 -0.338004 -0.067033 0.417377 0.000018 0.000002 -0.098516 0.000444 -0.000016 0.000069 0.273798 -0.000011 0.455994 -0.049529 0.000002 0.212058 -0.067108 -0.260280 -0.000003 -0.000005 -0.024516 0.002789 0.000182 0.009311 -0.109405 -0.000020 0.055996 0.000002 0.225167 -0.000001 0.155590 0.000684 0.000160 0.000002 -0.323952 0.007792 0.001240 0.028237 -0.243647 0.000003 -0.000028 -0.000057 0.000001 0.000003 -0.071376 -0.000065 -0.000409 0.180464 0.016203 -0.000024 0.476232 -0.000005 0.000171 -0.379809 0.001941 -0.167378 0.334579 0.152662 0.000000 0.000006 0.000861 0.115060 0.000002 -0.082266 -0.107344 -0.000007 -0.116940 -0.000035 0.000007 -0.000075 -0.000005 -0.102703 -0.148854 0.649272 0.000009 -0.082593 0.000172 0.000074 0.000005 0.000002 -0.000021 -0.000174 -0.000004 0.000042 0.000018 0.000001 0.238730 -0.079927 0.161805 0.556197 -0.140732 0.246102 -0.236591 -0.000007 0.000008 0.080382 0.120169 0.009422 -0.000014 -0.122101 0.057121 0.011816 -0.000013 0.154946 -0.629527 0.000006 0.268570 -0.000009 0.000004 -0.180514 -0.000004 -0.102677 -0.000003 0.001513 0.000002 0.000004 0.006646 0.000002 0.000000 -0.000003 -0.067169 -0.021433 0.159993 0.000008 -0.002076 0.000000 0.000019 0.000041 0.001367 0.195427 -0.005165 -0.154003 0.000001 -0.022317 0.000006 -0.000011 0.662437 0.000001 0.603328 -0.000004 0.298978 -0.002344 0.000015 0.407029 -0.207648 0.000035 -0.000000 0.113824 -0.000001 0.000002 0.049024 0.193624 -0.000022 -0.000033 -0.000003 0.124516 0.165877 -0.000088 -0.105581 -0.158032 -0.000030 -0.000012 -0.000013 -0.143194 0.000003 -0.002083 -0.127255 0.063137 0.000002 -0.000117 0.033436 -0.000046 0.261005 0.232980 0.097589 -0.001437 0.000038 0.380498 0.026367 0.337721 0.000002 -0.000012
-0.000532 -0.000012 -0.000389 0.000061 0.000074 0.000016 0.000026 0.000000 -0.000012 0.000004 0.000003 -0.000475 -0.000011 0.000298 -0.000003 -0.000553 0.000004 -0.000003 -0.000008 -0.000008 -0.000004 -0.000551 0.000228 0.000011 -0.000190 -0.000181 -0.000002 0.000660 -0.000009 0.000080 0.000077 -0.000467 -0.000009 -0.000451 0.000403 -0.000053 -0.000050 -0.000017 -0.000222 -0.000246 -0.000285 0.000202 0.000009 0.000009 0.000223 -0.000242 -0.000005 -0.000026 -0.000190 -0.000342 -0.000028 0.000004 -0.000118 -0.000007 0.000001 0.000001 0.000446 0.000004 -0.000369 -0.000022 -0.000023 -0.000008 -0.000636 -0.000284 -0.000433 -0.000008 0.000099 -0.000286 -0.000009 -0.000012 -0.000013 -0.000320 0.000012 0.000288 0.000110 -0.000161 0.000032 0.000146 0.000001 0.000022 -0.000083 0.000105 0.000026 -0.000018 -0.000088 0.000001 0.000008 -0.000272 -0.000001 -0.000279 -0.000259 -0.000295 -0.000006 -0.000007 -0.000238 -0.000029 0.000007 -0.000342 -0.000396 -0.000033 -0.000629 -0.000011 -0.000738 -0.000006 -0.000306 0.000096 0.000191 0.000008 -0.000255 -0.000141 -0.000165 -0.000003 -0.000118 -0.000008 -0.000010 0.000021 0.000003 0.000006 -0.000590 0.000048 0.000009 -0.000325 0.000196 0.000146 -0.000083 -0.000009 0.000033 -0.000117 -0.000219 -0.000349 -0.000133 -0.000494 0.000003 0.000007 0.000011 -0.000407 0.000010 -0.000222 -0.000054 0.000007 0.000108 0.000121 -0.000002 -0.000089 -0.000022 -0.000296 -0.000633 -0.000215 -0.000005 0.000013 -0.000158 0.000513 -0.000003 0.000001 -0.000005 0.000106 0.000010 -0.000015 0.000005 -0.000005 -0.000063 -0.000145 0.000101 -0.000319 -0.000130 -0.000043 0.000209 0.000005 0.000000 -0.000246 0.000115 0.000142 -0.000026 0.000013 -0.000182 -0.000088 -0.000033 0.000345 -0.000422 -0.000056 -0.000291 -0.000004 -0.000002 0.000016 -0.000013 -0.000221 -0.000003 -0.000104 0.000009 -0.000008 0.000051 -0.000001 -0.000004 0.000006 -0.000242 0.000576 0.000103 -0.000007 0.000104 -0.000005 -0.000012 -0.000017 -0.000427 -0.000166 0.000244 -0.000534 0.000003 -0.000173 0.000003 0.000002 -0.000214 -0.000011 0.000009 0.000008 -0.000079 0.000019 0.000010 -0.000479 -0.000438 0.000045 -0.000008 -0.000375 0.000000 0.000009 0.000248 0.000170 -0.000014 0.000049 -0.000027 -0.000173 0.000052 0.000231 -0.000021 -0.000326 0.000021 0.000048 -0.000005 -0.000105 -0.000008 0.000133 -0.000292 -0.000255 -0.000007 -0.000132 -0.000790 0.000025 -0.000140 -0.000047 -0.000094 0.000250 0.000043 -0.000171 -0.000083 -0.000214 0.000006 -0.000016
-0.004407 -0.000011 0.004135 0.005486 -0.001610 -0.001833 -0.000039 0.000003 -0.000004 -0.000000 0.000004 -0.000042 0.001002 0.003148 -0.000004 -0.007235 -0.000003 -0.000008 -0.000002 -0.000007 -0.000008 -0.001251 0.001431 -0.027577 0.008082 0.000059 0.000007 -0.000016 -0.000001 -0.000006 0.000826 0.002827 -0.000002 0.001151 0.000640 0.002888 0.002877 -0.000842 0.005291 -0.001527 -0.022642 -0.000085 0.000001 -0.000001 0.002630 -0.030203 -0.000011 0.000152 -0.000155 0.007982 0.000015 -0.000001 0.000465 -0.000009 0.000008 -0.000039 0.000099 -0.000005 -0.024479 0.004516 -0.000009 0.000002 -0.001048 -0.007429 -0.021400 -0.000003 -0.008510 -0.001646 -0.000000 -0.000046 0.000001 -0.003226 0.000005 0.000884 -0.000315 -0.023049 -0.002769 0.000262 -0.000011 -0.000038 0.001680 -0.000075 -0.000042 0.000009 0.003362 -0.000001 -0.002442 0.002752 -0.000010 -0.002657 -0.006342 -0.004450 0.000002 0.000007 -0.021588 -0.000377 -0.000039 0.009400 -0.027235 0.000010 -0.029171 -0.000005 0.002216 0.000022 -0.000192 0.000446 0.000765 0.000001 -0.031986 -0.000030 0.000029 -0.003371 -0.005230 -0.000006 -0.000001 0.000006 0.000005 -0.000000 -0.027801 -0.000190 0.000233 0.004365 -0.000012 0.000092 0.005784 -0.000003 0.000063 -0.032796 -0.001366 -0.001721 0.001424 -0.023675 -0.000005 -0.000007 -0.003157 -0.002698 0.000002 0.002428 0.004215 0.000003 -0.004682 0.000017 0.000005 -0.000036 -0.000017 0.004544 -0.002155 0.005016 -0.000007 -0.026540 0.000058 -0.001041 -0.000004 0.000009 0.000008 0.000050 -0.000005 -0.000049 -0.000057 -0.000000 0.005078 -0.001987 0.001369 0.007717 -0.031089 0.001459 -0.025984 0.000005 -0.000005 -0.002400 -0.001939 0.000536 0.000012 0.002039 0.010218 0.002154 0.000013 0.010559 -0.046051 -0.000001 -0.001667 0.000010 -0.000004 -0.026367 -0.000010 -0.030646 -0.000006 0.001619 0.000001 -0.000008 0.002824 0.000019 0.000014 0.000001 -0.001004 0.002065 -0.027246 0.000003 0.001089 0.000002 -0.000009 -0.000007 0.001461 -0.006291 0.002094 -0.008807 0.000002 -0.000006 0.000006 -0.000004 -0.002314 -0.000001 0.002381 0.000000 0.003507 0.006247 0.000008 -0.023714 -0.000411 0.000065 -0.000006 -0.001860 -0.000000 -0.000001 -0.000621 -0.000939 -0.000019 -0.000014 0.000002 -0.009633 0.001596 0.000293 0.000500 0.000974 -0.000006 -0.000020 -0.000000 -0.007419 -0.000006 0.004352 -0.023178 -0.024099 -0.000003 0.000057 -0.000670 0.000024 0.010268 -0.000101 0.003045 0.006011 0.000067 0.002576 0.002996 0.001500 0.000004 0.000009
-0.000146 0.000005 0.001197 0.002227 -0.000067 -0.000108 -0.000116 0.000007 -0.000008 0.000010 0.000001 -0.000404 -0.000611 0.000243 0.000003 -0.001063 -0.000000 -0.000037 0.000003 0.000005 0.000005 0.000926 0.001189 0.001953 0.000936 0.000049 -0.000000 -0.000129 -0.000008 -0.000003 -0.000769 -0.000635 -0.000002 -0.000129 0.000786 0.000916 -0.000667 -0.000816 0.000493 0.000454 -0.002934 0.000201 0.000003 0.000008 -0.000551 -0.003707 0.000009 0.000101 0.000146 -0.000787 -0.000011 0.000007 -0.000512 0.000005 0.000006 -0.000009 0.000613 0.000005 -0.001664 0.000287 0.000003 0.000003 -0.000587 -0.000321 -0.003367 -0.000009 -0.003402 -0.002719 -0.000003 0.000026 -0.000003 -0.004324 0.000009 0.000352 0.003356 -0.000914 -0.000152 -0.001146 0.000002 0.000019 0.000241 -0.000003 -0.000000 -0.000002 0.000839 -0.000005 0.002091 0.000255 -0.000002 -0.003650 -0.001174 -0.003220 0.000003 0.000005 -0.000503 0.000570 0.000760 0.001147 -0.003400 -0.000017 -0.001979 0.000011 -0.003720 0.000019 -0.000845 0.000188 0.000150 0.000006 -0.001511 -0.001017 0.000506 0.000568 0.001809 0.000009 -0.000006 -0.000008 0.000002 0.000001 -0.003074 -0.000015 0.000221 0.002516 0.000336 0.000015 0.000857 -0.000002 0.000036 -0.002566 0.000270 -0.001638 0.000132 0.000152 0.000003 -0.000000 -0.000383 -0.000746 0.000003 0.002083 -0.000219 -0.000003 -0.000652 -0.000139 -0.000013 0.000004 -0.000009 -0.000666 -0.000930 0.002950 0.000001 0.000753 0.000004 -0.000092 0.000005 -0.000007 0.000013 0.000430 -0.000009 -0.000005 0.000003 0.000001 -0.000596 -0.002780 -0.000305 0.000738 -0.000283 0.000059 0.000860 0.000009 -0.000002 -0.000353 0.001190 0.001627 -0.000002 0.000977 -0.001059 0.000266 0.000001 -0.001206 -0.006208 -0.000005 0.000719 0.000002 0.000008 0.000116 -0.000025 -0.003408 0.000007 -0.000398 0.000005 0.000007 -0.000413 -0.000003 -0.000127 0.000005 0.000106 0.001164 -0.003694 0.000007 -0.001197 0.000008 -0.000006 -0.000001 -0.000388 0.000024 0.000092 -0.003875 0.000004 -0.000738 -0.000009 -0.000004 -0.000660 -0.000007 -0.000195 0.000000 -0.000236 0.000103 0.000003 -0.003145 0.000361 -0.000003 -0.000006 0.001464 -0.000005 0.000010 0.000697 0.000143 -0.000004 0.000002 0.000003 -0.002068 -0.000431 -0.000032 0.000259 0.000370 -0.000002 0.000004 -0.000005 -0.000105 0.000002 -0.002473 0.000059 0.000595 0.000000 -0.000112 -0.001175 0.000024 0.000286 0.000665 0.000545 -0.000118 0.000028 -0.000585 0.001019 0.000136 0.000006 -0.000000
-0.160973 -0.000004 0.032534 0.048987 -0.060396 -0.173377 -0.000134 0.000003 0.000005 -0.000010 -0.000005 -0.180346 -0.100398 -0.001885 -0.000000 -0.072589 -0.000006 0.000007 -0.000005 0.000004 -0.000012 -0.015211 0.000201 0.015367 0.027653 -0.000096 0.000003 -0.000006 -0.000017 -0.000000 0.075172 -0.002670 -0.000010 -0.037652 -0.000378 -0.026227 -0.105259 -0.069036 0.060196 -0.001748 -0.191811 0.001749 -0.000002 -0.000000 0.125703 -0.026853 -0.000005 0.000086 -0.000003 -0.098673 -0.000025 -0.000006 0.002309 -0.000005 -0.000009 -0.000081 0.017300 0.000004 -0.052404 -0.003011 -0.000006 -0.000001 -0.044427 -0.077553 -0.118599 -0.000002 -0.048416 -0.072110 -0.000005 -0.000067 -0.000023 -0.129017 -0.000010 0.001343 -0.143958 -0.077103 -0.094361 -0.163766 -0.000002 -0.000006 -0.090284 0.000096 0.000004 0.000007 -0.201215 -0.000034 -0.054196 -0.015776 0.000002 0.122863 -0.083670 -0.061059 0.000003 -0.000008 0.002975 -0.000393 0.000001 -0.087904 -0.093201 0.000040 -0.052747 0.000006 -0.223728 -0.000001 -0.192063 -0.000442 -0.000113 0.000002 -0.034820 0.041360 0.000366 -0.015201 -0.235641 -0.000007 0.000009 0.000055 0.000004 0.000006 -0.116350 0.000026 -0.000015 -0.099060 0.018895 -0.000051 -0.176472 -0.000002 0.000011 -0.069896 -0.000703 -0.042542 -0.051819 -0.065313 -0.000008 -0.000005 -0.010229 -0.120578 0.000006 -0.005675 -0.012634 -0.000002 0.028983 -0.000166 -0.000003 -0.000077 -0.000017 0.052048 -0.141138 0.124539 -0.000004 0.046644 -0.000093 0.000496 -0.000001 0.000004 -0.000007 -0.000072 -0.000003 0.000016 -0.000001 -0.000002 -0.099722 -0.010392 -0.060971 -0.054248 -0.128805 -0.014421 0.023139 0.000003 -0.000009 -0.009957 -0.004871 0.020549 -0.000026 -0.081062 -0.057590 -0.035803 0.000021 -0.002639 -0.336197 0.000329 0.002494 -0.000008 -0.000003 0.008944 -0.000100 -0.080913 -0.000009 -0.000747 -0.000000 -0.000004 0.012559 0.000068 0.000272 -0.000005 -0.079872 -0.000787 -0.217148 -0.000006 0.048149 -0.000000 -0.000018 -0.000005 -0.000673 -0.225853 0.004665 -0.187928 0.000002 -0.057402 -0.000006 0.000001 -0.131536 -0.000006 0.051194 -0.000006 -0.047784 0.045907 -0.000000 -0.008782 0.075316 0.000125 -0.000001 -0.065619 0.000001 0.000004 -0.011041 -0.061750 -0.000009 -0.000023 -0.000012 0.013528 0.020874 -0.000038 0.037968 -0.125204 0.000024 0.000054 0.000011 -0.064924 -0.000003 0.017246 -0.050119 -0.000096 -0.000008 0.000026 -0.153300 0.000043 0.062620 0.095219 -0.010361 0.000318 0.000200 0.042063 0.000217 0.073111 0.000006 -0.000018
0.000035 0.000002 0.000037 -0.000029 0.000005 -0.000107 -0.000011 0.000007 0.000000 -0.000005 0.000005 0.000029 0.000019 -0.000081 0.000009 -0.000147 0.000003 -0.000000 -0.000006 -0.000010 0.000007 0.000076 -0.000082 0.000059 -0.000007 -0.000011 0.000004 0.000043 -0.000004 -0.000009 -0.000058 -0.000075 -0.000010 -0.000213 -0.000031 -0.000041 -0.000092 -0.000080 -0.000046 0.000017 0.000009 0.000039 0.000001 0.000020 -0.000061 -0.000082 0.000014 -0.000013 0.000025 -0.000024 -0.000025 -0.000002 -0.000013 0.000001 0.000001 -0.000007 -0.000104 0.000003 -0.000245 -0.000030 -0.000050 0.000004 -0.000055 -0.000212 -0.000105 0.000006 -0.000193 -0.000135 -0.000003 -0.000067 -0.000006 -0.000148 0.000001 0.000120 -0.000001 0.000070 0.000011 -0.000285 0.000004 0.000036 -0.000106 -0.000000 0.000003 -0.000039 -0.000141 0.000002 -0.000011 -0.000174 -0.000011 -0.000103 -0.000188 -0.000266 0.000014 0.000007 -0.000081 0.000001 0.000095 0.000147 -0.000256 0.000015 -0.000104 -0.000002 -0.000087 0.000021 0.000006 0.000008 -0.000057 0.000007 -0.000233 -0.000006 -0.000128 -0.000118 -0.000090 0.000001 -0.000010 -0.000031 -0.000003 0.000004 0.000006 0.000014 0.000008 -0.000040 0.000002 -0.000036 -0.000095 -0.000002 -0.000009 -0.000307 -0.000028 -0.000288 -0.000015 -0.000004 -0.000004 0.000004 0.000053 0.000003 0.000002 -0.000078 0.000004 -0.000006 -0.000087 -0.000102 0.000026 0.000044 -0.000019 0.000048 -0.000017 0.000079 0.000003 -0.000039 -0.000037 -0.000028 0.000008 0.000003 -0.000005 -0.000036 0.000003 0.000002 -0.000034 -0.000006 -0.000079 0.000005 -0.000078 -0.000084 -0.000263 0.000044 -0.000022 0.000009 0.000006 -0.000006 -0.000024 0.000015 0.000037 0.000011 -0.000073 0.000040 -0.000004 0.000118 -0.000154 -0.000028 -0.000145 -0.000009 0.000004 -0.000024 -0.000009 -0.000201 -0.000001 0.000036 0.000008 0.000004 -0.000114 -0.000009 -0.000120 -0.000002 -0.000159 0.000060 0.000020 0.000007 -0.000072 -0.000005 -0.000000 0.000006 -0.000010 -0.000051 -0.000046 -0.000213 0.000008 -0.000057 0.000002 0.000005 -0.000087 -0.000007 -0.000133 -0.000000 -0.000023 -0.000011 0.000003 -0.000023 -0.000035 -0.000043 -0.000002 -0.000004 0.000002 0.000004 -0.000021 -0.000138 0.000012 -0.000013 -0.000002 -0.000003 -0.000128 -0.000010 0.000068 0.000049 0.000003 -0.000005 -0.000005 -0.000053 -0.000001 -0.000112 0.000013 0.000043 0.000007 0.000036 -0.000247 0.000044 -0.000010 -0.000107 0.000047 0.000005 0.000010 0.000005 0.000057 -0.000032 0.000005 0.000012
-0.000014 0.000018 -0.000041 -0.000174 -0.000259 -0.000284 -0.000015 0.000001 0.000002 0.000003 0.000007 -0.000192 0.000058 -0.000032 -0.000000 -0.000040 0.000001 0.000001 0.000005 0.000002 0.000002 -0.000007 0.000015 0.000002 -0.000160 -0.000005 -0.000001 0.000002 0.000006 0.000003 -0.000070 -0.000348 -0.000000 -0.000077 -0.000008 -0.000131 -0.000064 -0.000064 -0.000266 -0.000255 -0.000016 0.000018 0.000002 0.000003 -0.000087 -0.000061 -0.000002 -0.000004 0.000048 0.000063 0.000013 0.000004 0.000064 -0.000004 0.000007 -0.000021 -0.000065 -0.000001 -0.000146 -0.000011 -0.000001 0.000005 -0.000080 -0.000110 -0.000067 0.000001 -0.000022 -0.000128 -0.000000 -0.000071 0.000010 -0.000172 0.000005 0.000003 0.000030 -0.000049 -0.000013 -0.000073 0.000001 0.000003 -0.000069 0.000073 0.000004 -0.000009 -0.000076 0.000005 -0.000093 -0.000144 -0.000001 0.000078 -0.000100 -0.000088 -0.000003 0.000000 -0.000162 0.000092 -0.000018 0.000026 0.000101 -0.000020 0.000038 -0.000009 -0.000049 -0.000017 -0.000159 -0.000008 0.000001 0.000007 -0.000033 0.000016 -0.000026 -0.000188 -0.000088 0.000007 0.000010 -0.000035 -0.000002 0.000001 -0.000234 -0.000020 0.000005 0.000138 0.000019 0.000002 -0.000011 0.000006 -0.000010 -0.000051 -0.000129 -0.000275 0.000023 0.000028 0.000003 0.000006 0.000048 -0.000135 0.000003 -0.000001 -0.000022 0.000007 -0.000177 -0.000006 -0.000010 -0.000017 -0.000008 -0.000258 -0.000171 -0.000053 0.000010 0.000192 0.000000 -0.000019 -0.000008 0.000002 -0.000008 -0.000009 0.000004 -0.000018 -0.000004 0.000008 -0.000068 -0.000012 -0.000052 0.000009 -0.000334 -0.000021 -0.000001 0.000006 -0.000002 -0.000190 0.000005 -0.000003 -0.000016 0.000009 -0.000128 -0.000020 0.000013 0.000138 -0.000181 0.000013 -0.000078 0.000009 0.000007 -0.000099 -0.000043 -0.000147 0.000005 -0.000014 -0.000002 0.000002 -0.000012 -0.000013 -0.000132 0.000002 -0.000126 -0.000003 -0.000130 0.000003 -0.000198 0.000004 -0.000024 -0.000016 -0.000012 0.000047 0.000031 -0.000323 0.000007 -0.000014 0.000003 0.000006 -0.000149 0.000003 -0.000162 0.000006 0.000009 -0.000018 0.000000 -0.000031 0.000077 0.000010 -0.000007 -0.000044 0.000005 0.000006 -0.000093 -0.000068 -0.000008 -0.000018 0.000007 0.000084 -0.000029 -0.000018 -0.000006 -0.000021 0.000002 -0.000006 -0.000014 -0.000060 0.000007 -0.000004 -0.000060 0.000009 0.000003 0.000024 -0.000125 -0.000003 -0.000094 -0.000007 -0.000086 -0.000066 0.000025 0.000021 -0.000061 -0.000050 -0.000001 0.000008
0.000137 -0.000000 0.675735 -0.049112 -0.147602 -0.038922 -0.000075 0.000005 -0.000001 0.000006 -0.000002 -0.114223 -0.282622 0.000337 0.000002 0.275562 -0.000002 -0.000009 -0.000010 -0.000001 -0.000009 0.050994 0.000898 0.015134 0.083475 0.000097 0.000007 0.000158 -0.000016 0.000029 0.265387 -0.001814 -0.000006 -0.026103 -0.000580 0.289562 -0.211746 -0.061689 -0.108056 0.307872 0.204502 0.000613 -0.000009 -0.000008 0.170280 -0.103423 -0.000003 0.029526 0.000690 -0.075829 -0.000030 -0.000006 -0.014058 -0.000009 -0.000005 -0.000015 0.013111 -0.000007 -0.043775 0.027856 -0.000031 0.000000 0.081383 -0.000133 -0.208550 -0.000009 -0.209220 -0.296033 0.000004 -0.000051 0.000009 -0.190448 0.000002 0.001101 -0.033479 -0.062205 0.183081 -0.036051 -0.000010 -0.000005 0.392562 0.000098 -0.000024 0.000047 -0.119480 -0.000001 0.109781 0.128717 0.000005 -0.441644 0.110869 -0.494986 -0.000002 -0.000002 -0.021400 0.003457 0.000020 -0.123986 -0.145385 0.000016 -0.089251 -0.000017 0.078246 -0.000023 -0.121571 0.004965 0.000305 0.000001 0.071372 0.000462 0.002588 0.012082 -0.200543 -0.000008 -0.000019 -0.000071 -0.000010 0.000005 0.065508 -0.000144 -0.000019 0.485292 -0.000657 -0.000006 0.094830 -0.000006 0.000167 -0.260885 0.001751 -0.156361 0.172048 0.020607 -0.000001 -0.000006 0.076802 -0.015241 -0.000001 0.023131 -0.005903 -0.000003 0.237689 -0.000020 -0.000009 -0.000032 0.000001 0.167075 -0.237812 0.298768 -0.000007 0.106269 0.000087 0.001441 -0.000003 0.000000 0.000046 -0.000164 0.000000 -0.000047 0.000010 0.000008 0.263607 -0.217414 -0.103019 0.319574 -0.223630 0.018395 0.456158 -0.000003 -0.000001 0.025082 0.087110 0.008618 -0.000008 0.123187 -0.185202 0.099086 0.000023 -0.051202 -0.659583 0.000120 0.103177 0.000006 -0.000007 0.189807 -0.000060 -0.016489 -0.000006 -0.000250 -0.000002 -0.000008 0.005569 0.000035 -0.000036 -0.000002 -0.047990 0.020020 -0.338529 0.000005 0.361665 -0.000008 0.000004 -0.000020 0.000959 0.183528 0.004214 -0.188436 -0.000010 -0.172812 0.000001 0.000001 -0.036719 -0.000001 0.193134 -0.000010 -0.043590 -0.093424 0.000005 0.242329 0.298467 -0.000006 -0.000001 -0.419269 0.000000 -0.000006 0.198947 0.058755 -0.000004 -0.000056 -0.000008 0.087123 -0.094152 0.000016 0.148612 0.047889 -0.000004 -0.000004 -0.000009 -0.059322 -0.000004 -0.049479 0.102855 0.163028 -0.000003 -0.000062 -0.012378 0.000056 0.109515 -0.048877 -0.071887 0.001716 0.000031 0.095214 0.034163 0.198605 -0.000004 -0.000024
0.026913 -0.000009 0.066437 0.035581 0.143789 -0.049818 -0.000021 -0.000000 -0.000011 -0.000005 -0.000006 -0.344628 -0.109059 -0.000455 -0.000006 0.040646 -0.000003 0.000003 0.000014 0.000004 0.000002 0.222606 0.000794 -0.140316 -0.026846 0.000028 0.000005 0.000006 -0.000020 -0.000039 0.558170 -0.011911 -0.000008 0.202305 0.000511 0.260562 -0.301431 -0.118567 0.286611 0.324059 -0.168711 0.000128 0.000005 0.000004 -0.115397 0.079197 -0.000018 0.000117 -0.000170 0.319679 -0.000023 -0.000008 0.502519 0.000009 -0.000009 0.000010 -0.000383 -0.000002 -0.124140 -0.016519 0.000001 -0.000002 -0.380364 0.563412 -0.019973 -0.000008 -0.177700 0.289595 -0.000003 0.000004 0.000056 -0.122497 -0.000004 -0.003706 -0.007962 -0.023569 0.109037 0.150439 0.000008 -0.000042 -0.080569 -0.000033 0.000003 0.000001 -0.074459 -0.000034 0.150682 0.222275 -0.000008 0.018864 0.132829 -0.007295 -0.000002 -0.000006 -0.327906 0.001616 0.000058 0.059991 -0.067939 0.000030 0.081157 -0.000008 0.006310 -0.000033 -0.131477 -0.000304 0.000047 -0.000008 -0.033923 -0.003393 0.000532 0.034001 -0.198987 -0.000005 0.000012 -0.000043 -0.000002 0.000005 -0.028214 -0.000093 -0.000023 0.196754 -0.000434 -0.000034 0.543167 -0.000005 0.000088 -0.217860 -0.001138 -0.123448 -0.111677 0.070956 -0.000003 0.000003 0.174031 -0.316688 -0.000005 0.010691 0.313816 0.000001 -0.029322 -0.000060 0.000002 -0.000063 0.000040 0.144027 0.317520 0.149508 0.000002 -0.153575 0.000136 0.000225 -0.000029 0.000008 -0.000003 0.000478 -0.000007 0.000001 0.000020 -0.000006 -0.141449 0.132890 0.298978 -0.084348 0.103343 0.021354 0.064757 -0.000007 0.000005 0.111143 -0.072110 0.005944 0.000023 -0.250229 0.155403 -0.153252 0.000025 0.004232 -0.650856 -0.000028 -0.159615 -0.000005 0.000005 0.228348 -0.000011 0.286475 -0.000005 -0.000207 0.000000 0.000008 0.053900 0.000013 -0.000124 0.000009 -0.016695 0.047171 -0.340031 -0.000005 0.028575 -0.000005 0.000012 -0.000021 -0.000993 0.111643 -0.001353 0.068839 0.000010 0.101801 0.000004 -0.000004 -0.245345 0.000002 0.311198 0.000006 -0.351528 -0.038822 0.000046 0.335146 -0.179709 0.000106 -0.000002 -0.320341 0.000002 -0.000003 0.072780 0.111095 -0.000027 -0.000039 -0.000002 -0.157713 0.103624 -0.000044 -0.155590 0.184569 0.000003 -0.000003 -0.000025 0.311854 -0.000007 0.093693 0.105850 0.174498 -0.000004 -0.000002 -0.266375 -0.000020 -0.065306 0.056637 -0.350189 -0.001344 0.000071 0.036190 0.001923 -0.093978 -0.000007 0.000023
-0.268711 0.000008 -0.046613 0.005617 0.161066 0.405691 -0.000168 -0.000002 0.000004 -0.000014 -0.000002 -0.218232 -0.074128 0.002124 -0.000008 0.123633 0.000005 0.000044 -0.000025 0.000000 -0.000002 0.012447 -0.000446 0.611887 -0.359006 -0.000014 -0.000007 0.000129 0.000003 -0.000061 -0.033478 0.003031 0.000000 -0.047482 0.001135 0.122773 0.021278 -0.022594 0.018227 -0.104288 -0.206648 -0.003092 0.000008 0.000001 0.243247 -0.620565 -0.000005 -0.005475 -0.000046 -0.106695 -0.000011 -0.000009 -0.113427 0.000000 -0.000000 -0.000012 -0.011550 0.000005 -0.256000 -0.088613 -0.000011 -0.000007 0.108918 0.111816 -0.280736 -0.000002 -0.516606 -0.029612 0.000000 0.000138 0.000012 -0.126681 0.000004 0.007379 0.251472 0.106205 -0.390839 0.259671 0.000015 -0.000031 -0.024375 0.000035 0.000006 0.000054 -0.475451 0.000008 0.302537 0.508364 -0.000018 0.114973 -0.079062 -0.355642 0.000002 -0.000002 0.381290 -0.000984 0.000232 -0.103622 -0.294920 0.000016 -0.180223 0.000003 -0.399381 -0.000035 0.253278 0.000732 -0.000861 -0.000003 -0.240229 0.008675 0.002279 0.002499 0.094485 -0.000010 0.000011 0.000031 0.000006 -0.000002 -0.233949 -0.000394 -0.000171 -0.201057 -0.002846 -0.000178 -0.327005 -0.000001 0.000497 0.108410 0.004891 -0.086348 -0.284893 0.212291 -0.000002 0.000004 0.297911 -0.012244 0.000003 -0.002612 -0.016462 0.000001 0.024891 -0.000036 -0.000019 -0.000136 -0.000026 -0.018061 -0.210508 0.012115 -0.000005 0.155704 0.000182 0.000997 0.000000 -0.000000 -0.000012 0.000244 0.000009 -0.000060 0.000090 -0.000006 -0.180307 0.138607 -0.255583 -0.214284 0.010362 0.378032 -0.170057 -0.000005 -0.000010 -0.497041 -0.054629 0.016881 -0.000055 0.089664 0.112924 0.079191 0.000009 -0.060961 -0.365524 -0.000396 -0.325625 -0.000000 -0.000006 0.239319 -0.000012 -0.001097 -0.000006 0.000575 -0.000000 -0.000010 0.007063 0.000028 -0.000246 0.000002 0.321872 -0.022080 -0.259962 0.000000 0.243362 -0.000004 -0.000021 -0.000002 -0.001372 -0.195796 0.005095 -0.148599 0.000004 -0.246019 0.000004 -0.000005 0.252200 -0.000002 0.333674 0.000004 0.195110 -0.003651 0.000006 -0.205353 0.063189 0.000026 0.000003 0.177392 0.000003 0.000009 0.162311 0.575259 0.000012 -0.000038 -0.000005 -0.207365 -0.059729 -0.000104 0.480641 -0.187336 -0.000011 -0.000030 0.000002 -0.257744 0.000006 -0.076187 -0.118084 -0.102489 -0.000000 0.000119 -0.480811 0.000288 0.253648 0.448390 0.011032 -0.003833 0.000156 -0.200075 0.018727 0.071331 -0.000008 0.000007
-0.000136 0.000022 -0.000063 0.000005 -0.000099 -0.000027 -0.000042 -0.000001 -0.000013 0.000010 0.000005 0.000069 0.000019 0.000009 0.000002 -0.000257 0.000007 -0.000003 -0.000010 0.000010 -0.000007 0.000056 0.000082 -0.000074 -0.000052 0.000072 0.000008 -0.000027 -0.000012 0.000030 -0.000013 0.000089 0.000014 -0.000118 -0.000060 -0.000137 -0.000164 -0.000094 -0.000098 -0.000266 -0.000052 0.000007 0.000010 0.000003 0.000066 0.000003 0.000008 0.000008 -0.000059 0.000005 0.000001 0.000009 -0.000013 -0.000002 0.000004 -0.000007 -0.000097 0.000004 -0.000068 0.000009 0.000001 -0.000009 -0.000102 0.000095 0.000005 -0.000000 -0.000086 -0.000079 0.000008 0.000048 -0.000007 -0.000151 -0.000004 0.000096 0.000009 -0.000040 0.000004 0.000046 -0.000007 0.000003 -0.000078 -0.000001 -0.000001 -0.000010 -0.000103 -0.000014 -0.000053 -0.000014 0.000003 -0.000062 -0.000076 -0.000130 -0.000002 -0.000004 -0.000104 0.000054 -0.000050 0.000006 -0.000048 -0.000035 0.000064 -0.000005 -0.000018 -0.000007 -0.000048 0.000033 0.000206 -0.000004 -0.000101 -0.000059 0.000035 -0.000057 -0.000158 -0.000009 -0.000004 0.000003 -0.000001 0.000002 -0.000139 -0.000081 -0.000009 -0.000025 0.000014 -0.000061 -0.000004 -0.000005 -0.000079 0.000016 -0.000195 -0.000094 -0.000016 -0.000080 -0.000005 0.000000 -0.000014 0.000025 -0.000003 -0.000052 0.000096 0.000001 -0.000179 0.000113 -0.000012 -0.000030 -0.000005 -0.000119 -0.000142 0.000097 0.000005 0.000007 -0.000044 -0.000039 -0.000000 -0.000005 0.000015 -0.000017 0.000003 -0.000039 -0.000057 0.000009 0.000024 0.000053 -0.000023 -0.000006 -0.000120 -0.000069 0.000011 -0.000002 0.000002 -0.000002 0.000149 0.000001 -0.000010 -0.000003 -0.000166 0.000030 -0.000009 -0.000196 -0.000236 -0.000016 -0.000055 0.000008 0.000007 -0.000094 -0.000007 0.000008 -0.000005 -0.000088 0.000004 -0.000001 0.000019 -0.000015 0.000121 0.000007 -0.000094 0.000038 -0.000080 -0.000005 -0.000002 0.000006 -0.000026 -0.000012 0.000001 -0.000244 -0.000012 -0.000056 0.000002 -0.000022 0.000001 -0.000003 0.000050 0.000004 0.000013 0.000001 0.000015 0.000009 0.000002 0.000126 0.000009 -0.000009 -0.000002 -0.000044 -0.000001 -0.000013 -0.000041 -0.000280 -0.000002 -0.000026 0.000002 0.000023 -0.000042 0.000019 -0.000006 -0.000023 -0.000007 0.000019 -0.000003 -0.000102 0.000005 -0.000044 -0.000040 0.000053 0.000003 -0.000004 -0.000198 -0.000046 -0.000008 -0.000050 -0.000141 -0.000002 -0.000008 0.000048 -0.000020 -0.000036 0.000001 -0.000003
0.399549 0.000005 -0.085761 -0.090838 -0.040617 0.001595 0.000021 -0.000004 0.000001 0.000008 0.000009 0.627319 0.018051 -0.000962 -0.000006 -0.144601 0.000003 -0.000017 0.000017 -0.000002 0.000010 -0.600504 0.000523 0.473134 -0.659029 -0.000116 0.000000 0.000029 0.000001 -0.000247 -0.647289 0.054609 0.000002 0.875864 0.000531 -0.337614 0.249795 0.661447 0.039282 0.330978 0.616012 0.002092 -0.000000 0.000001 0.145522 0.386415 0.000016 -0.000583 -0.000195 -0.420225 0.000008 -0.000001 -0.209240 0.000006 0.000007 0.000016 0.037867 0.000003 -0.207478 -0.047595 0.000027 0.000003 0.223408 -0.344639 0.301742 0.000002 -0.424601 -0.180948 -0.000001 0.000123 0.000008 0.553759 -0.000005 0.001178 -0.613103 -0.139168 -0.248731 0.087199 0.000003 0.000016 0.251769 0.000030 0.000002 -0.000074 -0.209867 -0.000003 -0.476688 -0.288148 -0.000006 -0.183889 -0.502217 -0.291625 -0.000001 0.000006 -0.384782 -0.000782 -0.000257 0.658715 0.519381 -0.000040 0.033593 0.000007 -0.911030 0.000074 -0.900808 -0.000466 0.000216 -0.000004 0.223359 0.016456 -0.000680 -0.015935 -0.176435 0.000017 0.000004 -0.000016 -0.000008 -0.000007 0.468776 0.000019 -0.000126 -0.610968 -0.001093 -0.000147 0.588811 0.000005 0.000008 0.345437 0.005921 -0.416721 -0.469501 -0.431879 -0.000008 0.000001 -0.205078 -0.247329 -0.000006 0.070917 -0.199349 0.000002 -0.236030 0.000248 0.000004 -0.000075 0.000022 -0.233007 -0.270914 -0.446576 0.000003 0.019487 -0.000190 0.001553 -0.000002 -0.000002 0.000022 -0.000276 -0.000004 0.000054 0.000078 0.000004 -0.061299 0.098080 -0.689749 0.646852 -0.128800 0.026805 -0.726563 0.000002 0.000001 -0.895829 -0.631552 0.015066 -0.000038 -0.426557 0.224619 0.529248 -0.000070 0.363481 -0.215619 0.000581 -0.195482 0.000005 0.000002 0.172180 -0.000008 0.353913 0.000006 0.002075 0.000014 -0.000005 0.041046 -0.000019 -0.000089 -0.000007 0.330694 0.004015 -0.552336 0.000006 0.306363 0.000005 -0.000016 -0.000007 0.004280 0.057218 0.001501 0.348780 -0.000001 -0.161903 -0.000006 0.000002 0.013019 0.000005 -0.199479 0.000005 -0.476596 -0.054504 -0.000001 0.782759 -0.291502 -0.000004 -0.000009 -0.372497 -0.000005 0.000001 -0.496836 0.087709 -0.000023 -0.000020 0.000013 -0.044278 0.025886 0.000637 -0.285466 -0.849323 0.000055 0.000027 0.000010 0.608689 0.000004 0.057992 0.016043 -0.545378 0.000008 -0.000374 0.359361 -0.000234 -0.643997 -0.202831 -0.649891 0.002559 -0.000182 0.324100 -0.011889 0.806755 0.000006 0.000081
0.000055 -0.000004 0.000066 -0.000079 0.000085 -0.000029 -0.000006 0.000008 0.000000 0.000007 0.000004 -0.000090 -0.000044 -0.000035 0.000007 -0.000082 0.000002 -0.000002 -0.000010 -0.000001 -0.000009 0.000028 -0.000030 -0.000158 0.000003 -0.000027 0.000003 0.000003 -0.000007 0.000015 0.000005 -0.000127 0.000003 -0.000050 -0.000030 0.000004 -0.000057 0.000022 -0.000072 -0.000053 -0.000029 0.000041 0.000004 0.000006 -0.000013 -0.000105 -0.000007 -0.000009 -0.000042 0.000018 -0.000013 -0.000004 -0.000022 0.000000 0.000007 0.000000 -0.000059 0.000005 -0.000017 -0.000057 -0.000008 0.000006 -0.000021 -0.000030 -0.000041 0.000003 -0.000094 -0.000023 0.000002 -0.000058 0.000001 -0.000053 0.000002 -0.000197 -0.000021 -0.000007 -0.000029 0.000072 -0.000010 -0.000041 -0.000036 -0.000008 0.000006 -0.000003 -0.000172 0.000016 0.000068 -0.000034 -0.000003 -0.000166 -0.000135 -0.000157 0.000003 0.000003 -0.000029 -0.000038 -0.000006 0.000084 -0.000024 -0.000047 -0.000119 0.000009 -0.000078 0.000050 -0.000003 -0.000048 0.000005 -0.000002 -0.000056 -0.000036 -0.000017 -0.000064 -0.000075 0.000002 -0.000015 -0.000027 0.000005 0.000006 -0.000127 -0.000005 -0.000007 -0.000037 -0.000072 0.000010 -0.000052 -0.000006 0.000045 -0.000110 -0.000090 -0.000157 -0.000073 0.000012 0.000004 0.000004 -0.000048 -0.000019 0.000001 -0.000021 0.000009 0.000007 -0.000062 -0.000015 -0.000005 -0.000013 -0.000018 0.000043 -0.000151 -0.000029 -0.000005 0.000009 0.000002 -0.000017 0.000007 -0.000003 -0.000001 0.000008 -0.000004 0.000002 -0.000018 -0.000004 -0.000012 0.000078 -0.000025 -0.000016 -0.000092 -0.000007 -0.000103 0.000000 0.000002 0.000018 -0.000112 0.000068 0.000035 -0.000031 -0.000046 0.000010 0.000005 -0.000009 -0.000151 -0.000024 -0.000116 -0.000000 0.000001 -0.000017 -0.000029 -0.000065 0.000002 -0.000025 0.000012 -0.000003 -0.000037 -0.000002 -0.000027 0.000005 -0.000077 -0.000006 -0.000049 -0.000002 -0.000031 -0.000008 0.000004 -0.000004 -0.000008 -0.000061 -0.000033 -0.000131 0.000042 -0.000072 -0.000001 -0.000008 -0.000033 -0.000007 -0.000080 0.000005 -0.000016 0.000000 -0.000005 -0.000007 0.000020 -0.000072 0.000001 -0.000134 -0.000002 0.000003 -0.000002 -0.000082 0.000005 -0.000013 -0.000001 -0.000069 0.000142 -0.000012 0.000051 0.000004 0.000000 -0.000002 -0.000009 -0.000099 0.000010 -0.000045 0.000049 0.000021 0.000003 -0.000018 -0.000108 0.000037 -0.000050 0.000000 0.000014 -0.000004 0.000046 -0.000084 0.000030 -0.000053 0.000005 -0.000008
-0.000005 -0.000007 -0.000002 -0.000020 0.000001 0.000026 0.000005 0.000003 -0.000006 -0.000006 -0.000000 -0.000008 0.000023 -0.000015 -0.000002 -0.000038 -0.000004 -0.000063 -0.000005 -0.000000 0.000013 -0.000005 -0.000021 -0.000006 -0.000001 -0.000012 0.000005 -0.000002 -0.000008 -0.000007 -0.000005 -0.000011 0.000001 -0.000038 -0.000006 -0.000056 -0.000047 -0.000069 -0.000005 -0.000036 -0.000029 0.000007 -0.000009 0.000009 0.000000 0.000014 0.000002 -0.000004 0.000011 -0.000014 -0.000006 -0.000007 -0.000003 -0.000003 -0.000010 0.000021 0.000022 -0.000003 -0.000004 -0.000013 -0.000007 -0.000007 -0.000008 -0.000003 -0.000019 0.000008 -0.000041 -0.000043 -0.000009 0.000010 -0.000002 -0.000040 -0.000000 -0.000000 -0.000004 -0.000040 -0.000001 0.000006 -0.000001 -0.000009 -0.000011 0.000006 -0.000006 -0.000009 -0.000036 -0.000014 -0.000005 -0.000036 -0.000006 -0.000052 -0.000024 -0.000037 -0.000009 0.000007 -0.000020 -0.000002 -0.000017 -0.000063 0.000008 -0.000026 -0.000001 0.000003 -0.000029 0.000009 0.000017 0.000008 -0.000009 -0.000002 -0.000026 -0.000041 -0.000023 -0.000050 0.000040 -0.000004 0.000001 -0.000017 -0.000009 -0.000004 -0.000021 -0.000043 -0.000010 0.000003 0.000014 -0.000012 -0.000036 0.000004 -0.000022 -0.000082 -0.000055 -0.000088 -0.000026 -0.000021 -0.000004 0.000000 -0.000007 -0.000007 -0.000008 -0.000000 -0.000002 -0.000004 0.000009 -0.000025 -0.000009 -0.000012 -0.000009 -0.000009 -0.000005 0.000001 -0.000005 -0.000005 -0.000001 0.000017 -0.000004 -0.000009 -0.000004 -0.000006 -0.000003 -0.000008 0.000004 -0.000004 -0.000002 0.000003 -0.000027 -0.000011 -0.000053 0.000003 -0.000040 0.000008 -0.000003 0.000003 -0.000002 -0.000023 0.000000 -0.000011 -0.000057 0.000007 -0.000006 -0.000001 -0.000112 -0.000008 -0.000034 0.000004 -0.000009 -0.000010 -0.000007 -0.000019 -0.000003 -0.000015 0.000006 -0.000009 -0.000054 -0.000001 0.000002 -0.000009 -0.000055 -0.000018 -0.000042 -0.000009 0.000013 -0.000004 -0.000016 0.000005 -0.000007 -0.000026 -0.000017 -0.000083 -0.000007 -0.000009 -0.000004 -0.000000 -0.000011 -0.000005 -0.000004 -0.000004 -0.000002 -0.000003 -0.000007 -0.000000 -0.000033 -0.000012 -0.000008 0.000006 -0.000004 -0.000000 -0.000012 -0.000086 0.000008 -0.000013 -0.000001 -0.000030 -0.000046 -0.000010 -0.000045 -0.000005 0.000011 -0.000006 0.000008 -0.000012 -0.000004 -0.000007 0.000017 -0.000016 -0.000005 -0.000030 -0.000020 0.000001 0.000006 -0.000039 -0.000004 0.000000 0.000002 -0.000005 -0.000004 -0.000080 0.000009 -0.000002
-0.000004 0.000000 -0.000002 -0.000002 -0.000008 -0.000010 -0.000001 -0.000004 -0.000001 0.000006 0.000007 -0.000008 -0.000005 -0.000002 -0.000001 -0.000002 0.000009 -0.000003 -0.000004 0.000005 -0.000007 -0.000003 -0.000007 0.000004 0.000004 0.000001 -0.000008 -0.000006 -0.000007 0.000002 0.000003 -0.000006 -0.000005 -0.000003 -0.000007 -0.000007 -0.000003 -0.000002 -0.000027 0.000001 -0.000005 -0.000002 -0.000007 -0.000000 -0.000007 -0.000003 -0.000005 0.000004 -0.000008 -0.000008 -0.000002 0.000000 0.000001 -0.000002 0.000001 -0.000009 -0.000002 -0.000006 -0.000003 -0.000008 -0.000005 -0.000007 -0.000002 0.000002 -0.000003 -0.000003 -0.000007 -0.000003 0.000001 -0.000012 0.000002 -0.000004 0.000002 0.000001 -0.000004 -0.000008 -0.000002 -0.000003 -0.000008 0.000007 0.000003 -0.000005 -0.000002 -0.000006 -0.000004 0.000003 0.000001 -0.000005 0.000009 -0.000002 -0.000006 -0.000035 -0.000004 -0.000008 0.000000 -0.000001 0.000001 -0.000006 -0.000007 -0.000002 -0.000007 -0.000004 -0.000005 0.000001 -0.000007 -0.000001 -0.000007 0.000001 -0.000008 -0.000006 -0.000005 -0.000003 -0.000008 0.000007 -0.000001 -0.000002 -0.000005 -0.000005 0.000002 -0.000007 0.000000 -0.000005 0.000001 -0.000005 -0.000001 -0.000007 -0.000001 -0.000004 -0.000004 -0.000008 -0.000004 -0.000002 0.000001 0.000007 0.000003 -0.000005 -0.000001 -0.000000 0.000006 -0.000010 -0.000003 -0.000010 0.000001 -0.000001 -0.000003 -0.000005 -0.000001 0.000004 0.000004 0.000003 0.000003 -0.000001 -0.000008 -0.000003 -0.000007 -0.000009 0.000007 -0.000002 -0.000010 0.000001 -0.000001 -0.000006 -0.000001 -0.000000 -0.000003 0.000000 -0.000007 0.000001 -0.000008 0.000001 -0.000006 -0.000004 -0.000000 -0.000004 -0.000029 0.000001 0.000000 -0.000002 -0.000009 0.000001 -0.000005 0.000002 -0.000009 -0.000006 -0.000008 -0.000010 -0.000004 -0.000005 -0.000008 0.000006 -0.000005 -0.000004 -0.000009 0.000000 -0.000003 0.000004 -0.000001 -0.000003 -0.000003 0.000002 -0.000004 -0.000007 0.000000 -0.000004 -0.000004 -0.000004 0.000003 -0.000007 0.000005 -0.000006 -0.000008 -0.000002 -0.000003 -0.000004 -0.000008 0.000001 -0.000006 0.000007 -0.000006 -0.000005 -0.000005 -0.000006 -0.000001 0.000003 0.000002 -0.000035 -0.000003 -0.000010 -0.000008 -0.000006 -0.000014 -0.000007 -0.000006 -0.000003 -0.000006 0.000003 -0.000006 -0.000005 0.000002 0.000006 -0.000002 -0.000009 -0.000005 0.000001 -0.000005 -0.000005 0.000006 0.000001 -0.000007 -0.000003 -0.000005 -0.000011 -0.000006 -0.000002 0.000007 -0.000003
-0.000041 -0.000009 0.000010 0.000003 -0.000143 -0.000101 -0.000011 0.000009 0.000011 -0.000007 0.000004 -0.000053 0.000017 0.000187 0.000005 -0.000043 0.000000 0.000010 -0.000010 0.000010 0.000001 -0.000103 0.000050 -0.000118 -0.000040 -0.000042 0.000005 -0.000009 -0.000003 -0.000009 -0.000002 -0.000101 0.000007 -0.000324 0.000071 -0.000118 -0.000110 -0.000017 -0.000019 -0.000018 -0.000141 0.000011 0.000007 -0.000001 0.000030 -0.000214 -0.000007 -0.000006 0.000056 -0.000034 -0.000001 0.000002 -0.000003 0.000005 0.000002 -0.000006 -0.000123 -0.000006 -0.000017 -0.000025 -0.000002 0.000003 -0.000170 -0.000155 -0.000101 0.000000 -0.000051 -0.000036 0.000003 -0.000016 0.000013 -0.000204 0.000006 -0.000006 -0.000017 -0.000030 -0.000029 -0.000042 0.000000 -0.000008 0.000013 -0.000004 -0.000014 0.000084 -0.000036 -0.000000 0.000068 -0.000052 0.000004 -0.000010 -0.000149 -0.000195 0.000001 0.000009 -0.000229 -0.000008 0.000035 -0.000057 -0.000002 -0.000014 -0.000183 0.000009 -0.000104 0.000012 0.000175 0.000003 0.000029 0.000000 -0.000062 0.000025 -0.000206 -0.000059 -0.000026 0.000005 -0.000006 0.000040 0.000004 0.000003 -0.000203 -0.000066 0.000001 -0.000245 -0.000012 -0.000040 0.000004 -0.000003 0.000105 -0.000065 -0.000116 0.000032 -0.000169 -0.000006 0.000004 0.000002 0.000004 -0.000069 -0.000000 -0.000082 -0.000092 0.000006 -0.000078 0.000006 0.000022 -0.000023 0.000014 -0.000075 0.000118 0.000047 0.000008 -0.000102 -0.000006 -0.000072 0.000006 0.000009 -0.000010 -0.000007 0.000008 -0.000008 -0.000028 0.000001 -0.000204 -0.000063 -0.000060 0.000119 -0.000142 -0.000006 -0.000064 -0.000000 0.000005 -0.000021 -0.000061 -0.000075 -0.000010 -0.000019 -0.000215 -0.000095 0.000019 -0.000018 -0.000249 -0.000007 -0.000023 0.000004 0.000002 0.000042 -0.000028 0.000091 -0.000013 -0.000034 0.000013 0.000006 -0.000013 -0.000024 -0.000058 0.000005 -0.000060 0.000026 -0.000011 0.000005 0.000024 0.000000 -0.000015 -0.000005 0.000011 -0.000071 -0.000004 -0.000153 0.000000 -0.000083 0.000002 0.000000 0.000058 -0.000001 -0.000056 0.000003 -0.000018 0.000047 0.000013 -0.000015 -0.000034 -0.000001 0.000004 -0.000244 0.000014 -0.000001 -0.000051 -0.000108 0.000002 -0.000038 -0.000007 -0.000187 -0.000180 0.000005 0.000045 -0.000033 -0.000010 0.000001 -0.000003 -0.000050 0.000008 0.000035 -0.000027 -0.000010 0.000001 -0.000081 -0.000135 -0.000021 -0.000058 0.000008 0.000028 -0.000006 -0.000005 -0.000052 0.000001 0.000061 0.000002 0.000008
-0.005795 0.000018 0.009725 0.003264 -0.018516 -0.014587 0.000219 0.000002 0.000016 -0.000009 0.000000 0.014395 0.001196 0.000040 -0.000008 -0.012447 -0.000007 0.000012 0.000008 -0.000002 0.000001 -0.000596 0.000470 -0.016395 -0.002731 0.000093 -0.000002 0.000144 0.000027 -0.000288 -0.000350 -0.000231 0.000007 -0.004849 0.000537 0.004821 0.003535 -0.000339 -0.013119 -0.016114 -0.008464 0.000569 0.000005 0.000009 -0.006960 -0.004607 -0.000018 -0.001614 0.000940 -0.002897 0.000027 0.000001 -0.018799 0.000011 0.000004 -0.000057 0.001121 0.000006 -0.017233 -0.004088 0.000007 0.000003 0.001670 -0.011459 -0.014655 0.000002 -0.015956 -0.002056 -0.000006 -0.000125 0.000018 -0.015612 0.000010 -0.001492 -0.003988 -0.010320 -0.006728 -0.001211 -0.000009 0.000023 0.032970 -0.000047 0.000046 -0.000015 0.003466 -0.000003 -0.010079 0.002522 -0.000003 -0.000845 -0.025381 -0.009621 -0.000005 0.000009 -0.004387 0.001283 -0.000201 -0.014257 -0.014327 0.000037 -0.013158 -0.000005 -0.004702 0.000062 -0.009686 -0.001630 -0.000167 0.000004 -0.012882 0.000850 -0.000140 -0.000845 -0.008598 -0.000004 -0.000003 -0.000034 -0.000002 0.000004 -0.018880 -0.000186 0.000278 -0.002563 0.002844 -0.000158 0.008171 0.000001 -0.000149 -0.014386 -0.000726 -0.008729 0.011886 -0.014824 -0.000002 -0.000008 -0.005815 -0.019908 0.000006 -0.003448 0.000735 -0.000002 -0.012677 -0.000099 -0.000004 -0.000091 -0.000014 -0.021161 0.011951 0.005913 0.000001 -0.001053 -0.000056 0.000003 0.000004 -0.000009 -0.000004 -0.000036 -0.000003 -0.000061 -0.000169 -0.000004 -0.015816 -0.002685 0.001938 0.003671 -0.005003 -0.005367 -0.007497 0.000001 -0.000005 -0.024245 -0.003969 0.021739 0.000023 -0.000033 -0.014316 0.000125 0.000069 -0.005966 -0.035670 0.000634 -0.008078 0.000009 0.000001 -0.002211 0.000039 0.002543 0.000005 -0.001711 0.000009 -0.000003 -0.000464 -0.000019 0.000275 0.000004 -0.022243 0.002820 -0.021146 0.000004 -0.004293 -0.000004 -0.000002 0.000004 0.003901 -0.016608 0.002029 -0.010263 0.000008 0.007239 0.000004 0.000003 -0.011891 -0.000003 -0.008300 0.000004 -0.009688 0.000200 0.000010 -0.015604 -0.015867 0.000042 -0.000004 -0.006204 -0.000004 0.000008 0.000774 0.013346 0.000078 -0.000043 -0.000001 -0.026862 0.003870 -0.000149 0.004774 0.009226 0.000075 0.000012 0.000015 -0.014145 0.000008 0.009357 -0.003935 -0.006895 0.000001 0.000159 -0.015964 0.000361 0.003854 -0.005051 0.011717 0.001177 -0.000102 -0.002815 0.001329 0.006537 -0.000001 -0.000112
-0.075771 -0.000019 -0.062307 -0.127011 0.246347 0.160006 0.000026 -0.000009 -0.000005 0.000002 0.000005 -0.108098 0.270340 0.001586 0.000005 0.745777 0.000002 -0.000012 0.000001 0.000002 -0.000004 0.439558 0.000249 -0.179593 0.358896 0.000149 -0.000001 0.000177 -0.000002 0.000068 -0.008433 -0.054665 0.000003 -0.019146 0.000755 0.194711 -0.239499 0.371538 0.074035 0.182599 0.131527 0.008001 0.000006 0.000001 -0.131707 -0.070674 0.000002 0.010061 0.000331 0.150267 -0.000047 0.000005 0.338798 -0.000002 0.000000 -0.000030 0.006220 -0.000011 0.173633 0.381556 -0.000002 0.000012 0.383180 -0.111329 -0.415032 0.000014 0.218959 0.364007 0.000004 0.000072 -0.000013 -0.006640 0.000005 0.000113 -0.463154 0.295333 0.179481 -0.215539 -0.000005 -0.000004 -0.172595 0.000625 -0.000002 -0.000002 -0.257868 -0.000012 -0.252022 0.523757 0.000005 0.644031 0.446725 0.291227 0.000003 -0.000003 -0.065915 0.002418 0.000152 -0.173235 0.124913 -0.000005 0.185577 -0.000008 0.037222 0.000012 -0.000990 -0.000003 0.000361 0.000006 -0.101092 -0.012705 -0.000916 -0.014866 -0.145822 0.000006 -0.000010 0.000002 -0.000007 -0.000002 -0.021100 0.000227 0.000467 0.104295 0.003378 -0.000003 0.283854 0.000000 0.000079 -0.005181 -0.003371 -0.234487 0.551678 -0.278577 0.000001 0.000006 0.378743 -0.069932 -0.000008 -0.005715 0.221093 -0.000015 0.681502 0.000099 -0.000025 -0.000011 0.000008 0.238958 -0.332957 0.271363 -0.000006 0.049512 -0.000042 -0.000431 -0.000003 -0.000009 -0.000012 0.000013 0.000009 0.000007 0.000004 0.000005 0.292118 -0.136463 0.316570 0.116573 -0.356659 0.251503 0.083906 0.000001 -0.000002 -0.387217 0.153177 0.006012 0.000031 0.564285 0.445725 0.228529 0.000007 0.732287 -0.535680 -0.000017 -0.349882 0.000005 -0.000003 -0.242696 -0.000011 -0.403880 -0.000005 0.000267 0.000000 -0.000001 0.004682 -0.000013 0.000199 0.000002 0.117892 0.007832 0.080755 0.000005 0.159487 0.000001 -0.000000 -0.000002 0.000371 -0.209844 0.000754 -0.161789 0.000007 0.237813 -0.000001 -0.000000 -0.157215 -0.000003 -0.545578 -0.000008 -0.004029 0.002432 0.000001 -0.028104 0.165544 0.000001 -0.000003 0.433170 0.000003 -0.000012 0.243095 0.003779 0.000005 0.000041 -0.000005 0.570160 -0.130552 -0.000092 0.252155 -0.499025 -0.000002 -0.000002 0.000024 -0.054029 0.000006 0.013196 0.338705 0.225043 0.000004 0.000052 0.002257 -0.000053 0.019110 -0.023715 0.380631 -0.001412 0.000064 0.017346 0.029196 -0.231237 0.000001 -0.000001
-0.005454 -0.000009 -0.005330 0.005575 -0.008336 -0.015452 0.000106 0.000001 0.000004 -0.000005 -0.000007 0.005061 0.002829 0.001111 -0.000001 0.002715 -0.000010 -0.000002 -0.000001 -0.000008 -0.000003 -0.006803 0.001015 -0.008085 0.007861 0.000340 -0.000009 0.000123 -0.000004 0.000309 0.004844 0.003208 -0.000002 0.001343 0.000034 0.009864 -0.017662 -0.010453 -0.011361 -0.010378 -0.014344 -0.005990 -0.000009 -0.000002 0.007960 0.001574 -0.000001 0.005679 0.000033 -0.007437 -0.000103 -0.000003 0.001574 -0.000004 -0.000002 -0.000055 -0.003049 -0.000007 -0.010559 0.007069 -0.000001 -0.000006 -0.003011 -0.013370 -0.001709 -0.000002 -0.006407 -0.007192 -0.000003 -0.000075 -0.000005 -0.010360 -0.000006 0.000177 -0.001774 -0.017343 -0.006145 0.009596 -0.000007 -0.000001 -0.002445 0.000501 -0.000004 0.000042 -0.006176 -0.000008 -0.002780 0.003708 -0.000004 0.000422 0.006017 -0.009554 -0.000007 -0.000002 -0.008243 -0.000124 0.000010 0.000950 -0.000697 -0.000088 -0.014902 -0.000008 0.005302 0.000060 -0.017814 0.001666 0.000140 0.000002 -0.009708 -0.002282 -0.000541 -0.000954 -0.006019 -0.000005 -0.000005 -0.000028 -0.000002 -0.000004 -0.004245 -0.000012 -0.000002 0.008690 -0.008958 0.000092 0.009630 -0.000009 0.000203 -0.016745 -0.005487 -0.013600 0.016095 -0.003612 -0.000008 -0.000010 -0.007927 -0.001188 0.000004 -0.004157 0.001406 -0.000001 0.002061 -0.000215 -0.000003 0.000105 -0.000008 0.006455 -0.009617 0.004681 -0.000002 -0.011111 0.000136 0.000571 -0.000001 -0.000003 -0.000007 -0.000073 -0.000008 -0.000047 0.000048 -0.000001 0.001425 -0.016325 -0.000390 -0.018099 -0.003166 -0.004049 0.002331 -0.000007 -0.000002 -0.019888 -0.011901 0.002835 0.000002 -0.007895 -0.001158 -0.013815 -0.000033 0.005105 -0.029253 0.000035 -0.010752 -0.000003 -0.000000 -0.003910 0.000030 -0.014421 -0.000009 -0.000956 -0.000007 -0.000006 0.005561 -0.000079 0.000152 -0.000010 -0.010806 0.007736 -0.015206 -0.000009 0.004463 -0.000007 -0.000002 0.000027 0.000687 -0.008520 -0.002786 -0.002666 -0.000000 0.008402 -0.000003 -0.000010 0.011103 -0.000008 -0.009148 -0.000001 0.001648 0.002947 -0.000003 -0.006594 -0.002475 -0.000008 -0.000007 0.000684 -0.000004 -0.000002 -0.004266 -0.000725 -0.000004 -0.000024 -0.000001 0.007222 -0.008842 -0.000214 -0.002581 -0.006472 -0.000010 0.000006 -0.000000 -0.000207 -0.000004 0.015296 0.002923 -0.005646 -0.000004 0.000097 -0.008300 -0.000008 0.001926 0.017914 -0.003389 -0.000393 0.000097 -0.013618 0.005613 0.011543 -0.000008 0.000051
-0.375365 -0.000013 -0.345987 0.026093 0.439648 0.102706 -0.000066 0.000007 -0.000007 0.000006 0.000001 -0.327781 -0.017549 -0.001896 0.000006 -0.161193 0.000002 -0.000001 0.000003 -0.000000 -0.000002 0.373136 -0.000467 -0.057796 0.012987 0.000171 -0.000003 0.000160 0.000053 0.000013 -0.310078 -0.003625 0.000005 -0.152675 -0.000054 -0.053307 -0.180645 -1.171441 0.204836 0.129332 -0.140637 0.014589 0.000001 -0.000023 -0.072688 -0.909191 0.000004 0.001897 -0.000085 -0.573463 -0.000001 0.000000 0.062402 0.000001 0.000003 -0.000006 0.007272 -0.000015 0.133276 -0.186877 -0.000007 0.000001 0.067971 -0.130857 -0.303766 0.000009 -0.462030 -0.495397 0.000001 -0.000162 0.000019 -0.348030 0.000004 0.004185 -0.115089 -0.145016 -0.044391 -0.633899 0.000013 -0.000007 -0.324687 -0.000003 -0.000013 -0.000034 -0.162973 -0.000002 0.474011 0.337218 -0.000006 0.136052 -0.365389 -0.648838 0.000003 0.000000 -0.229082 0.000311 0.000027 -0.352985 -0.244370 0.000035 -0.883521 -0.000015 -0.247454 0.000012 -0.449372 -0.000241 0.000570 -0.000002 -0.657916 0.004445 0.000728 0.077495 -0.067555 0.000008 0.000000 0.000003 -0.000006 -0.000007 -0.466238 0.000148 -0.000060 0.733337 0.018605 -0.000037 -0.416036 0.000004 0.000224 -0.800811 -0.001776 -0.534953 0.194735 -0.635685 0.000003 0.000001 -0.010765 -0.177411 0.000002 0.096037 -0.306609 -0.000001 -0.191135 -0.000170 -0.000000 -0.000057 -0.000042 0.278068 -0.170616 -0.488910 0.000007 -0.693818 0.000060 0.004000 0.000004 0.000006 -0.000019 0.000233 0.000002 -0.000031 -0.000024 0.000005 0.221643 -0.097125 -1.034635 -0.281377 -0.459491 -0.189369 0.380713 -0.000001 0.000000 0.192979 -0.411747 0.023035 -0.000020 -0.206982 0.495266 0.003567 0.000024 -0.380590 0.277470 0.000146 0.192085 0.000003 -0.000004 -0.268627 -0.000025 -0.249213 -0.000003 0.000077 -0.000017 -0.000007 -0.084880 -0.000007 -0.000001 -0.000000 -0.308067 0.048624 0.074352 -0.000000 0.100601 0.000006 0.000006 0.000012 -0.000330 0.707039 -0.003044 -0.707314 0.000003 -0.160960 -0.000004 0.000006 -0.149387 0.000001 -0.349484 0.000002 -0.031582 0.031648 0.000018 -0.314048 0.186283 -0.000005 0.000005 0.354730 -0.000000 -0.000007 0.199382 -0.035439 -0.000006 -0.000002 0.000006 -0.301274 -0.093417 -0.000267 0.036870 -0.496789 -0.000004 -0.000017 0.000000 -0.527896 -0.000005 0.086365 0.248508 -0.274677 0.000002 0.000105 -0.246794 -0.000025 0.197910 0.079634 0.129927 0.000888 -0.000004 0.034703 0.024786 0.257984 0.000003 0.000099
-0.093317 0.000018 0.379653 0.003409 0.067238 0.115723 0.000066 0.000008 -0.000013 0.000006 -0.000003 -0.096072 0.155881 0.001089 0.000000 -0.193546 -0.000009 -0.000012 -0.000003 0.000009 -0.000003 -0.095955 0.007134 -0.102557 -0.080743 -0.000038 -0.000002 0.000038 -0.000020 0.000064 0.065738 -0.001022 0.000010 0.087150 -0.000279 -0.074821 -0.089713 0.020953 -0.314385 -0.033402 -0.350292 0.000840 0.000003 0.000005 0.067001 0.175887 -0.000009 -0.000098 -0.000295 -0.034112 -0.000006 -0.000002 0.194295 -0.000002 0.000008 -0.000010 0.000355 0.000002 -0.057915 -0.001507 0.000003 0.000002 -0.171549 -0.052083 0.308565 -0.000011 0.034373 -0.076012 0.000001 0.000057 -0.000005 -0.298454 0.000007 -0.000317 0.007081 -0.128424 -0.123180 -0.002786 -0.000004 0.000001 -0.110418 -0.000146 0.000012 0.000035 -0.042534 -0.000019 0.064143 -0.090783 0.000008 0.089281 -0.082070 -0.114551 0.000001 0.000002 -0.069789 0.000185 -0.000100 -0.041606 -0.115624 0.000032 -0.092637 -0.000010 -0.087960 -0.000039 -0.032572 -0.001334 0.000061 -0.000004 -0.049496 0.002515 -0.000130 -0.004695 -0.200695 0.000004 0.000005 -0.000039 0.000011 -0.000000 -0.069020 -0.000107 0.000473 -0.017598 0.000172 0.000072 -0.078189 -0.000001 -0.000207 -0.146908 -0.000231 -0.218184 -0.111609 -0.088489 -0.000004 -0.000003 -0.129688 -0.136898 0.000001 -0.000455 -0.138942 0.000006 -0.079323 -0.000002 -0.000020 -0.000022 -0.000012 -0.085068 -0.153839 -0.050614 -0.000001 -0.020811 -0.000051 0.000209 0.000001 -0.000004 -0.000011 0.000281 -0.000001 -0.000011 0.000048 0.000003 0.017069 0.002137 0.069488 -0.165155 -0.037989 -0.055493 0.060150 0.000001 -0.000005 -0.123745 -0.011933 -0.000211 -0.000036 -0.062390 -0.076304 -0.129843 0.000043 0.056355 -0.388340 -0.000061 -0.128683 0.000003 0.000003 0.027279 -0.000011 -0.133611 0.000001 -0.001563 -0.000019 0.000003 0.000499 -0.000022 -0.000072 0.000006 0.041239 -0.001283 -0.144893 0.000004 -0.005591 0.000005 0.000005 0.000004 0.001123 -0.054464 -0.000878 -0.119517 0.000000 -0.034913 0.000004 0.000001 -0.046954 -0.000006 0.115360 0.000004 -0.150959 -0.003221 0.000006 0.081799 0.240487 -0.000041 -0.000003 -0.178796 -0.000003 0.000003 0.069145 -0.051481 -0.000005 -0.000014 -0.000011 0.053584 -0.000931 -0.000105 -0.034464 0.114899 -0.000006 0.000036 -0.000007 -0.157340 0.000003 -0.182613 0.163105 0.273030 0.000001 -0.000160 -0.035994 0.000121 -0.069629 -0.173605 0.200889 0.000038 0.000030 -0.034730 0.000775 -0.157163 -0.000004 0.000002
-0.001585 -0.000019 -0.001713 0.000282 0.000171 -0.000342 0.000000 -0.000003 -0.000000 -0.000005 -0.000009 0.000252 -0.000555 0.001362 -0.000001 -0.001132 0.000003 -0.000022 0.000003 0.000007 -0.000009 -0.001200 0.000847 -0.002186 -0.005697 0.000179 0.000004 0.000018 -0.000001 -0.000003 0.001546 -0.007480 0.000005 -0.002829 0.000003 -0.001740 -0.005829 -0.001659 -0.002121 0.001011 -0.005313 0.000987 -0.000005 0.000009 -0.003193 -0.001512 0.000004 0.001760 0.000148 0.001810 -0.000008 0.000008 0.000711 0.000008 0.000001 -0.000058 0.000033 -0.000009 -0.008807 0.002053 -0.000001 0.000000 -0.003951 -0.001492 -0.003406 0.000001 -0.006657 -0.006584 -0.000002 0.000071 -0.000001 -0.000119 0.000003 -0.001005 0.001589 -0.002053 -0.003525 -0.001346 -0.000012 -0.000009 -0.000952 0.000311 -0.000003 0.000022 -0.002099 -0.000019 -0.002989 -0.005265 0.000018 -0.006778 -0.003495 -0.004925 0.000007 0.000010 -0.006165 0.001122 0.000024 0.000501 -0.002377 -0.000011 -0.004325 -0.000005 -0.003532 0.000003 -0.005343 -0.000609 0.000029 0.000005 -0.000554 -0.000412 -0.000079 -0.002052 -0.003282 -0.000001 -0.000021 0.000080 -0.000001 -0.000002 -0.001127 -0.000012 -0.000107 -0.005311 -0.000133 0.000019 0.003234 0.000001 0.000100 -0.008376 -0.001898 -0.002689 0.000723 0.004004 -0.000005 -0.000007 0.000403 -0.004866 -0.000006 0.001340 -0.003159 -0.000006 0.004831 -0.000028 0.000010 0.000020 -0.000019 -0.002436 -0.004097 -0.001484 0.000002 0.000382 0.000026 0.001356 0.000002 -0.000003 0.000003 0.000041 -0.000003 -0.000007 -0.000013 -0.000010 -0.006988 0.000235 -0.002311 -0.003634 -0.001422 -0.003091 0.002416 0.000008 -0.000008 -0.007553 0.000364 0.000191 0.000000 -0.002978 -0.003998 0.001013 0.000023 -0.002209 -0.008044 -0.000057 -0.005263 -0.000005 0.000006 0.003384 -0.000016 -0.001125 -0.000006 0.004061 0.000006 0.000002 0.000495 0.000031 -0.000029 0.000020 -0.000458 0.000164 -0.002962 -0.000001 -0.003989 -0.000000 0.000022 -0.000004 0.001600 -0.002420 0.002413 0.000798 0.000002 -0.000461 -0.000001 -0.000002 0.001137 0.000003 0.003077 0.000007 -0.004157 0.000343 0.000007 -0.004190 0.001839 -0.000035 -0.000006 -0.003665 -0.000002 -0.000013 -0.001873 -0.004481 0.000001 0.000031 0.000007 -0.002534 -0.003369 0.000159 -0.001705 0.000775 0.000004 -0.000001 0.000008 -0.006594 -0.000001 -0.002986 -0.002149 0.000499 0.000008 -0.000046 -0.004668 -0.000027 -0.002802 -0.003302 0.001827 0.000759 -0.000097 -0.003342 0.000459 -0.001830 0.000007 -0.000001
0.006641 -0.000013 0.002618 -0.000554 -0.009107 -0.001029 0.000016 0.000003 -0.000002 0.000002 0.000005 -0.006545 -0.001362 0.000819 -0.000009 -0.005971 -0.000002 -0.000028 0.000015 0.000007 0.000003 -0.008498 0.000917 -0.000886 -0.002006 0.000143 -0.000004 0.000149 0.000008 0.000411 -0.001041 0.002837 0.000005 -0.001744 0.000194 -0.000046 -0.000838 -0.000404 -0.001219 -0.004822 -0.001352 0.001540 0.000008 0.000008 -0.000387 0.001035 -0.000002 0.006754 0.000038 -0.012273 0.000024 0.000005 -0.001330 0.000003 0.000006 0.000019 0.001650 0.000006 0.002909 0.002372 0.000025 -0.000004 -0.003235 -0.001002 0.000708 -0.000001 -0.000519 0.002621 0.000001 0.000028 -0.000001 -0.005365 0.000002 0.001826 0.014907 -0.007930 -0.001165 -0.006111 -0.000018 0.000003 0.004422 0.000030 -0.000001 -0.000131 -0.001818 -0.000012 -0.001479 -0.001138 0.000008 -0.008156 -0.009298 -0.002954 -0.000009 0.000008 -0.004390 -0.000263 0.000039 -0.009449 0.000179 -0.000062 0.003471 0.000002 -0.003483 0.000010 -0.009168 0.000369 0.000004 0.000003 -0.003295 -0.000300 0.001018 0.000842 -0.003490 0.000014 0.000007 0.000011 -0.000003 0.000002 -0.002088 -0.000102 -0.000005 0.002575 -0.003288 -0.000124 -0.003472 -0.000001 -0.000004 -0.010253 0.000170 -0.005618 -0.003704 -0.005745 0.000009 0.000007 0.000804 -0.001476 0.000001 0.000725 0.004308 0.000007 -0.000917 -0.000066 0.000007 -0.000105 0.000012 -0.010454 0.001078 0.000952 0.000005 -0.001020 0.000084 -0.000215 -0.000003 -0.000006 0.000005 0.000338 0.000002 0.000029 -0.000013 0.000005 -0.006651 0.008635 0.002056 -0.000662 -0.002729 -0.001277 -0.003086 0.000004 -0.000006 -0.004286 0.001372 0.000117 -0.000019 -0.001129 -0.003388 0.000139 -0.000030 0.011333 -0.010601 0.000015 -0.001171 0.000002 0.000005 -0.001267 -0.000022 -0.005977 0.000013 0.000816 0.000009 -0.000004 -0.000506 0.000031 0.000014 -0.000001 -0.002487 -0.000473 -0.004245 0.000006 0.001365 0.000004 0.000013 -0.000014 0.000029 -0.004519 0.001102 -0.003193 0.000006 0.001728 -0.000004 0.000000 0.002393 -0.000001 -0.002714 0.000008 0.001358 0.001828 0.000008 -0.002528 -0.003143 0.000050 -0.000003 -0.004600 0.000004 0.000008 0.000763 0.002341 0.000006 -0.000011 0.000003 0.004690 0.001000 0.000346 0.001853 -0.000736 -0.000004 -0.000001 0.000012 -0.012022 0.000003 0.002521 0.001753 -0.000219 0.000003 -0.000057 -0.003267 0.000143 -0.009064 0.001346 0.002609 -0.000161 0.000075 -0.004576 -0.000901 0.001973 -0.000003 -0.000009
-0.000075 -0.000008 -0.000025 0.000054 -0.000064 -0.000092 -0.000003 -0.000009 -0.000004 0.000003 0.000008 0.000005 -0.000000 0.000044 0.000000 0.000030 0.000008 -0.000001 0.000008 0.000000 -0.000005 0.000078 -0.000005 -0.000171 0.000043 -0.000051 -0.000006 -0.000000 0.000010 -0.000019 0.000001 -0.000099 0.000009 -0.000065 0.000096 0.000018 -0.000062 -0.000097 -0.000026 -0.000018 -0.000067 -0.000003 0.000001 0.000003 -0.000042 -0.000057 0.000001 -0.000014 0.000028 -0.000102 -0.000007 0.000006 -0.000012 -0.000002 0.000004 -0.000010 -0.000003 -0.000003 -0.000028 -0.000007 -0.000000 -0.000006 -0.000075 -0.000050 -0.000074 0.000008 -0.000049 -0.000031 -0.000010 -0.000058 0.000011 -0.000129 0.000013 -0.000050 0.000168 0.000002 0.000117 -0.000093 0.000007 0.000012 -0.000209 -0.000092 -0.000004 -0.000004 -0.000053 -0.000009 0.000047 -0.000163 0.000011 0.000121 -0.000304 -0.000088 0.000000 0.000002 -0.000027 -0.000010 -0.000025 -0.000029 -0.000070 0.000008 -0.000127 0.000014 0.000034 0.000011 0.000080 -0.000093 -0.000049 -0.000009 -0.000081 -0.000023 -0.000048 0.000070 -0.000103 0.000005 0.000014 0.000055 -0.000000 -0.000004 -0.000200 0.000027 0.000006 -0.000053 0.000242 0.000003 -0.000029 0.000003 0.000039 -0.000028 -0.000213 -0.000079 -0.000111 -0.000028 0.000006 0.000000 -0.000017 0.000027 -0.000008 -0.000036 0.000055 -0.000007 -0.000141 -0.000017 -0.000010 -0.000003 0.000005 -0.000118 -0.000085 -0.000402 0.000003 -0.000026 -0.000043 -0.000070 -0.000011 -0.000008 -0.000019 -0.000014 0.000010 -0.000032 -0.000004 0.000002 -0.000115 -0.000013 -0.000006 -0.000119 -0.000056 -0.000027 -0.000019 -0.000004 -0.000000 -0.000020 0.000006 0.000137 0.000008 -0.000051 -0.000142 0.000034 0.000002 0.000007 -0.000268 0.000003 -0.000122 0.000009 -0.000000 -0.000094 0.000013 -0.000164 0.000002 -0.000021 0.000000 -0.000004 -0.000122 -0.000012 -0.000086 0.000009 0.000014 0.000005 -0.000096 0.000001 0.000112 0.000007 0.000015 -0.000009 -0.000000 -0.000011 0.000003 -0.000169 0.000004 -0.000023 0.000002 -0.000004 0.000037 0.000002 -0.000007 0.000007 -0.000034 -0.000050 0.000004 -0.000090 -0.000013 -0.000004 -0.000005 -0.000057 0.000001 -0.000003 -0.000041 -0.000026 0.000004 -0.000035 0.000005 0.000058 -0.000041 -0.000026 -0.000025 0.000135 -0.000001 -0.000001 0.000006 -0.000068 0.000006 0.000025 0.000004 -0.000007 0.000006 -0.000064 -0.000039 0.000013 0.000022 -0.000009 -0.000008 -0.000066 -0.000046 -0.000055 0.000012 -0.000006 0.000007 -0.000005
-0.000072 0.000000 -0.000024 0.000030 -0.000198 -0.000077 -0.000000 -0.000003 -0.000005 -0.000008 -0.000005 -0.000076 0.000091 0.000072 0.000005 -0.000060 -0.000001 -0.000005 -0.000004 -0.000002 -0.000010 -0.000036 -0.000114 0.000024 -0.000025 0.000023 -0.000008 -0.000002 -0.000005 -0.000044 -0.000003 -0.000146 0.000005 -0.000062 0.000054 -0.000046 -0.000085 -0.000136 -0.000036 0.000000 -0.000058 -0.000004 -0.000008 -0.000009 -0.000070 -0.000141 -0.000003 -0.000009 0.000086 -0.000040 -0.000006 -0.000003 -0.000102 0.000004 -0.000008 -0.000021 -0.000011 -0.000000 0.000002 0.000089 -0.000007 -0.000001 -0.000035 0.000047 -0.000040 -0.000004 -0.000063 -0.000026 -0.000009 -0.000039 -0.000004 -0.000018 -0.000006 0.000045 -0.000047 -0.000000 -0.000007 -0.000137 -0.000001 0.000009 -0.000103 -0.000014 -0.000008 -0.000002 -0.000012 -0.000005 0.000031 -0.000185 -0.000006 -0.000143 -0.000105 -0.000098 -0.000002 -0.000006 -0.000113 -0.000009 0.000000 -0.000047 0.000000 -0.000003 0.000080 -0.000001 -0.000080 -0.000008 -0.000030 -0.000154 -0.000003 -0.000002 -0.000080 -0.000013 -0.000136 -0.000146 -0.000016 -0.000003 -0.000007 -0.000054 -0.000010 -0.000005 -0.000055 0.000008 -0.000003 -0.000089 -0.000064 0.000006 -0.000062 -0.000009 0.000046 -0.000098 -0.000147 -0.000191 -0.000079 0.000072 -0.000000 -0.000007 -0.000045 -0.000138 -0.000009 -0.000028 0.000089 -0.000006 -0.000079 0.000062 -0.000003 -0.000004 -0.000001 -0.000041 0.000038 -0.000054 -0.000002 -0.000002 0.000045 0.000059 -0.000009 -0.000007 -0.000006 -0.000026 -0.000004 -0.000000 -0.000010 -0.000004 -0.000122 -0.000049 0.000155 -0.000082 -0.000175 -0.000011 0.000036 -0.000008 -0.000006 -0.000091 -0.000095 0.000111 -0.000008 0.000149 -0.000131 -0.000063 -0.000006 -0.000039 -0.000172 0.000000 -0.000148 -0.000002 -0.000004 -0.000068 -0.000034 0.000053 -0.000001 0.000057 -0.000007 -0.000008 -0.000085 -0.000009 0.000031 -0.000000 0.000008 -0.000019 -0.000131 -0.000002 0.000089 -0.000000 -0.000001 0.000002 -0.000010 -0.000039 -0.000052 -0.000144 -0.000003 0.000001 -0.000006 -0.000008 -0.000055 -0.000006 -0.000077 -0.000009 0.000083 -0.000009 -0.000000 -0.000140 -0.000038 -0.000006 -0.000009 0.000021 -0.000006 0.000006 0.000014 -0.000104 -0.000003 -0.000006 -0.000005 -0.000019 0.000032 -0.000015 -0.000007 -0.000002 -0.000001 -0.000009 -0.000001 -0.000004 -0.000006 0.000000 0.000008 -0.000042 -0.000005 -0.000086 -0.000150 -0.000005 -0.000045 0.000214 -0.000039 0.000021 0.000043 -0.000060 0.000028 -0.000039 -0.000009 -0.000003
0.406564 -0.000003 0.642217 0.003499 -0.070577 -0.250333 0.000007 0.000005 0.000001 0.000017 0.000008 -0.257895 -0.045299 -0.000039 0.000006 0.196039 0.000004 -0.000004 -0.000002 0.000008 0.000009 0.151491 0.000800 -0.120268 0.108519 -0.000334 0.000004 0.000044 -0.000010 0.000126 0.143339 0.083498 0.000001 0.054701 -0.000087 -0.142292 0.045860 0.185530 0.427432 -0.143654 -0.223751 0.014094 0.000008 0.000010 0.056642 -0.070185 -0.000007 0.001469 -0.000085 0.117130 0.000027 0.000009 0.151069 0.000004 0.000009 -0.000000 0.009197 -0.000001 0.299793 0.133737 0.000004 0.000000 0.248692 -0.022096 0.278371 -0.000004 -0.436172 0.136941 0.000001 0.000106 -0.000014 0.009704 0.000003 0.000652 0.043307 -0.073962 0.051895 0.319762 0.000000 0.000044 0.017140 -0.000297 -0.000003 -0.000007 0.085881 0.000001 0.098118 0.084563 0.000002 0.197955 -0.201506 0.081196 0.000003 0.000006 -0.264266 -0.000082 0.000038 -0.253182 0.027024 0.000053 0.484654 -0.000001 0.149527 -0.000012 -0.308817 -0.000146 0.000255 0.000001 0.245951 0.005672 -0.000049 0.009415 -0.023305 0.000006 -0.000009 0.000003 -0.000004 0.000002 -0.159838 0.000030 0.000397 -0.079109 0.004978 -0.000002 0.098437 0.000006 0.000125 -0.034162 -0.003199 -0.298395 -0.309364 0.272828 0.000005 0.000008 0.140543 -0.061814 0.000002 -0.122377 0.090462 0.000001 0.086321 -0.000232 0.000002 -0.000047 0.000011 -0.200216 -0.138649 0.177281 0.000006 -0.037636 0.000080 0.000352 0.000006 0.000003 -0.000006 -0.000033 0.000009 0.000009 0.000000 0.000006 0.025190 -0.086521 -0.170557 0.271852 0.001611 0.649546 -0.010260 0.000000 0.000001 0.233243 -0.020932 0.006907 -0.000008 -0.387618 0.142213 0.381863 -0.000020 0.305971 -0.422363 -0.000193 0.017675 0.000001 -0.000006 0.288608 -0.000021 0.300386 -0.000006 0.000007 0.000014 -0.000006 0.001582 -0.000024 -0.000095 0.000001 0.124134 -0.006347 0.167282 0.000000 0.158976 0.000004 0.000006 -0.000000 0.000394 -0.097924 -0.000631 0.096786 0.000004 0.035557 0.000001 0.000005 -0.045135 -0.000005 0.098834 0.000005 0.651128 0.069744 -0.000003 0.349852 0.260447 0.000042 -0.000001 0.065176 0.000004 -0.000008 0.591964 0.382872 0.000017 -0.000027 -0.000003 0.214303 0.166083 -0.000153 -0.085723 0.185797 0.000009 0.000003 0.000001 -0.103878 0.000002 0.427504 0.366112 -0.167127 0.000004 0.000287 -0.097936 -0.000018 0.118321 0.123496 -0.143927 -0.000349 0.000024 0.034161 0.002261 0.378116 0.000006 -0.000003
-0.071411 -0.000000 -0.052136 0.020282 -0.080911 -0.003341 0.000038 -0.000005 0.000006 -0.000008 -0.000006 -0.060641 0.025455 0.001793 -0.000000 -0.068836 0.000009 -0.000008 -0.000012 0.000007 -0.000003 -0.005955 0.002358 0.029767 0.054841 -0.000005 -0.000004 0.000036 -0.000002 -0.000125 0.007675 -0.010676 -0.000009 -0.036320 -0.000585 -0.043563 -0.032206 -0.019026 0.010017 0.015172 -0.040795 0.006353 -0.000006 -0.000007 0.008013 -0.041889 -0.000005 0.009686 -0.000004 -0.040638 -0.000019 -0.000009 -0.027457 -0.000008 -0.000007 -0.000039 -0.004987 -0.000008 -0.052764 0.064351 -0.000017 -0.000008 -0.034377 0.005743 -0.049338 -0.000009 -0.042669 -0.019742 -0.000008 -0.000004 0.000020 -0.085766 0.000004 0.000049 -0.003382 0.040912 -0.008598 0.003788 -0.000004 0.000101 0.064730 -0.000003 0.000007 0.000064 -0.064749 -0.000005 -0.049626 0.009290 0.000000 -0.099823 -0.055092 -0.116984 -0.000006 -0.000008 -0.008775 -0.000415 -0.000424 0.094087 0.007355 -0.000033 -0.007713 0.000072 0.034528 0.000102 0.027526 0.002102 0.000144 -0.000005 -0.065659 0.005238 0.001702 0.001126 -0.035075 0.000001 -0.000019 -0.000034 0.000003 0.000009 -0.014834 -0.000089 -0.000134 -0.063368 -0.000724 -0.000025 0.017809 0.000002 -0.000213 -0.006545 -0.000311 -0.052157 -0.040540 -0.024044 -0.000003 0.000000 0.010507 0.020952 0.000006 0.023061 -0.002297 -0.000000 -0.022307 0.000017 -0.000005 0.000083 -0.000012 0.041069 -0.008714 0.018260 -0.000008 -0.021792 0.000144 -0.000249 0.000019 -0.000002 -0.000051 -0.000203 0.000008 0.000008 0.000056 -0.000001 0.009872 0.006394 0.021592 -0.043616 -0.029519 -0.004298 -0.031608 -0.000010 -0.000006 -0.011043 0.027735 0.009397 0.000080 0.038359 0.099750 -0.007325 -0.000043 0.030933 -0.129159 -0.000044 0.031532 0.000006 -0.000005 -0.002815 -0.000004 -0.027274 0.000007 0.000313 -0.000003 0.000006 -0.001170 0.000092 0.000266 0.000004 -0.043419 -0.002511 0.006151 0.000006 0.013152 -0.000004 -0.000005 0.000011 0.001235 -0.021243 0.021713 -0.027823 0.000010 0.008078 -0.000006 -0.000006 0.018909 -0.000002 0.021979 -0.000002 -0.006334 0.001531 -0.000011 -0.026602 -0.006659 0.000076 -0.000007 -0.070126 0.000003 -0.000005 0.000274 0.000710 0.000003 0.000021 -0.000007 0.017421 -0.013426 0.000191 -0.044406 0.008015 -0.000010 0.000010 -0.000009 -0.096956 0.000006 -0.059407 0.054614 0.019216 -0.000004 0.000080 -0.033430 -0.000052 0.047763 0.027670 -0.064192 0.001049 -0.000047 -0.000636 -0.009974 -0.003584 -0.000005 0.000017
-0.000036 0.000009 -0.000023 -0.000030 -0.000013 -0.000052 -0.000016 -0.000002 -0.000008 -0.000010 -0.000000 0.000018 0.000035 -0.000021 0.000002 0.000007 -0.000007 0.000030 -0.000000 0.000008 -0.000005 -0.000001 -0.000022 0.000053 -0.000016 -0.000063 -0.000002 -0.000015 -0.000005 -0.000002 -0.000022 -0.000040 -0.000009 -0.000037 -0.000030 -0.000044 -0.000051 -0.000037 -0.000042 -0.000008 -0.000067 -0.000004 -0.000004 -0.000009 0.000017 -0.000115 -0.000003 -0.000004 -0.000008 -0.000025 -0.000022 -0.000003 -0.000040 -0.000006 -0.000008 -0.000045 -0.000043 -0.000009 -0.000049 -0.000005 -0.000003 -0.000009 -0.000022 -0.000014 -0.000031 -0.000004 -0.000011 0.000021 -0.000007 -0.000024 -0.000005 -0.000050 -0.000002 -0.000003 -0.000038 -0.000015 -0.000003 -0.000057 -0.000006 0.000002 0.000043 -0.000008 -0.000004 0.000042 -0.000044 -0.000003 -0.000041 -0.000028 -0.000002 0.000000 -0.000028 -0.000047 -0.000010 -0.000004 -0.000025 -0.000039 -0.000058 0.000006 -0.000067 -0.000013 -0.000069 -0.000009 -0.000019 -0.000014 -0.000014 -0.000035 -0.000003 -0.000004 -0.000103 -0.000072 -0.000043 -0.000019 -0.000035 -0.000000 -0.000003 -0.000030 -0.000005 -0.000002 -0.000032 0.000045 0.000010 -0.000066 -0.000010 -0.000045 0.000074 -0.000005 -0.000004 -0.000018 -0.000038 -0.000080 -0.000038 0.000032 -0.000002 -0.000003 -0.000010 -0.000063 -0.000001 -0.000008 -0.000001 -0.000001 -0.000033 -0.000027 -0.000007 0.000009 -0.000020 0.000038 -0.000059 0.000043 -0.000002 -0.000031 0.000003 -0.000010 0.000012 -0.000003 -0.000000 -0.000037 -0.000004 -0.000018 -0.000024 -0.000001 -0.000039 -0.000009 0.000023 -0.000034 -0.000051 0.000009 -0.000036 -0.000002 -0.000008 -0.000082 -0.000008 0.000003 -0.000024 0.000012 -0.000034 0.000054 -0.000006 -0.000059 -0.000116 -0.000010 -0.000042 -0.000007 -0.000004 -0.000022 0.000020 -0.000021 0.000005 -0.000001 -0.000008 0.000000 -0.000030 0.000061 -0.000008 -0.000004 -0.000025 -0.000006 -0.000005 -0.000002 -0.000010 -0.000009 -0.000026 0.000007 -0.000009 -0.000051 -0.000010 -0.000065 -0.000002 -0.000001 -0.000002 -0.000009 -0.000008 -0.000002 -0.000019 -0.000009 0.000013 -0.000012 -0.000008 -0.000043 0.000021 0.000019 -0.000010 -0.000021 -0.000009 -0.000003 0.000009 -0.000037 -0.000003 -0.000031 -0.000002 0.000032 0.000049 -0.000003 0.000015 -0.000048 -0.000002 -0.000007 -0.000007 -0.000049 -0.000000 -0.000001 -0.000095 -0.000067 -0.000005 0.000095 -0.000027 -0.000002 -0.000009 -0.000006 0.000005 0.000002 -0.000000 0.000029 -0.000005 -0.000033 -0.000006 -0.000009
-0.006760 0.000022 0.039958 -0.003792 -0.011935 -0.006332 0.000097 -0.000006 0.000005 -0.000001 -0.000002 -0.046133 -0.006737 0.001609 -0.000001 -0.092666 0.000000 -0.000006 0.000006 0.000001 0.000013 -0.008047 0.000498 -0.009509 -0.019287 -0.000028 0.000002 0.000036 0.000015 -0.000059 -0.002380 -0.027550 -0.000009 0.007616 -0.000310 -0.035853 -0.004466 -0.042153 0.011629 -0.004077 -0.080143 0.000193 -0.000001 -0.000001 0.018010 -0.014078 0.000014 0.033272 0.000019 -0.012949 -0.000003 -0.000003 -0.073804 0.000000 -0.000000 -0.000067 0.000449 -0.000002 0.022111 -0.004677 0.000022 -0.000026 0.007226 -0.003484 -0.027558 -0.000003 -0.008063 -0.050177 -0.000003 -0.000050 -0.000004 -0.003318 0.000011 -0.000048 -0.026357 -0.020469 -0.033192 0.005843 -0.000017 -0.000004 -0.005618 0.000198 0.000014 -0.000045 -0.051513 0.000007 0.018202 -0.005396 -0.000017 -0.021085 -0.027994 -0.010604 -0.000003 -0.000002 -0.005275 -0.001526 -0.000160 -0.001380 -0.091262 -0.000084 -0.028526 0.000007 0.037939 -0.000057 0.012717 -0.000566 0.000164 -0.000004 -0.025590 0.020915 0.000803 0.003046 -0.027312 0.000000 -0.000011 0.000009 0.000005 -0.000007 -0.018052 0.000038 -0.000018 -0.048781 0.008978 0.000143 -0.002657 -0.000011 -0.000015 -0.021196 -0.000055 -0.029571 -0.051366 -0.015992 -0.000003 -0.000009 0.002127 0.024366 -0.000000 -0.018253 0.002355 -0.000001 -0.012563 -0.000109 -0.000017 -0.000025 0.000006 0.012355 -0.013545 0.040175 -0.000010 -0.000740 0.000160 0.002249 -0.000010 0.000005 0.000002 -0.000073 -0.000001 -0.000045 0.000025 -0.000008 -0.000129 0.005815 0.010374 -0.003087 -0.029089 -0.016428 0.015248 -0.000003 -0.000006 -0.020959 -0.028223 0.006169 0.000006 -0.050102 -0.033247 -0.066313 -0.000013 -0.021596 -0.119212 0.000234 -0.091895 0.000007 -0.000002 -0.004515 0.000011 -0.064876 -0.000006 -0.000192 0.000016 0.000006 0.001521 0.000010 0.000377 -0.000009 0.011055 0.016540 -0.020236 -0.000007 -0.023205 0.000007 -0.000013 -0.000009 -0.000139 -0.008472 0.030262 -0.031708 -0.000009 -0.048361 -0.000005 -0.000007 0.007545 0.000000 0.015537 -0.000003 -0.005251 0.004181 -0.000002 -0.018690 -0.007006 -0.000006 -0.000004 0.010426 0.000009 0.000009 -0.015830 -0.006241 0.000009 0.000031 0.000023 -0.010302 0.006000 0.000008 -0.018171 -0.008503 0.000031 0.000056 -0.000013 -0.006651 -0.000004 -0.045579 -0.009501 -0.068028 -0.000006 -0.000110 -0.023859 -0.000050 0.017509 0.020922 0.003480 0.001149 -0.000151 -0.058616 0.004764 0.007509 -0.000007 0.000016
0.001266 -0.000014 0.001705 -0.005404 -0.005949 -0.000306 0.000019 -0.000004 -0.000001 0.000005 -0.000002 -0.004532 -0.000613 0.000589 -0.000006 0.003462 -0.000003 0.000021 -0.000002 0.000004 -0.000004 0.004052 0.000728 0.003299 0.005644 -0.000015 -0.000003 0.000023 0.000013 0.000080 -0.001995 -0.003820 0.000008 0.002444 0.000134 -0.002764 -0.008679 0.004721 0.000332 0.000136 -0.003787 0.000046 0.000009 0.000003 0.002197 -0.002387 -0.000006 0.000728 -0.000000 -0.002120 0.000010 0.000007 0.000493 0.000001 0.000005 -0.000002 -0.000268 -0.000002 0.002494 -0.001478 0.000028 0.000005 0.000793 -0.004399 -0.001377 -0.000008 -0.001080 0.000766 -0.000001 -0.000046 0.000007 -0.008097 0.000001 0.002509 0.001685 0.001639 0.000357 -0.000163 -0.000008 0.000022 -0.000241 0.000168 0.000035 -0.000002 -0.009522 -0.000008 0.001601 -0.003419 -0.000001 -0.006625 -0.004644 -0.003500 -0.000010 -0.000001 -0.005485 0.002163 -0.000009 0.003316 -0.000731 0.000018 -0.001641 -0.000001 -0.001879 -0.000023 -0.004785 0.000355 0.000023 0.000002 0.000769 -0.002370 0.001429 0.000899 -0.001330 0.000000 0.000012 -0.000028 -0.000002 0.000002 -0.009325 0.000060 0.000442 -0.003606 0.010917 0.000010 -0.000324 0.000008 0.000159 -0.011514 -0.001319 -0.010436 0.006429 0.001922 0.000001 0.000003 0.002534 -0.003584 0.000007 -0.003605 -0.004942 0.000001 -0.008176 -0.000102 -0.000008 -0.000066 -0.000029 -0.000015 -0.007538 0.003720 0.000006 -0.000758 0.000087 0.000245 -0.000004 0.000003 0.000015 0.000121 -0.000000 -0.000024 -0.000053 0.000007 -0.000969 -0.000390 0.000357 0.002557 -0.002034 -0.000605 -0.004216 -0.000004 -0.000005 -0.008325 0.001140 -0.000533 -0.000019 0.003638 -0.003967 0.001506 0.000015 -0.005319 -0.014799 -0.000080 -0.001250 0.000005 -0.000008 0.005086 0.000069 -0.006880 -0.000006 0.000194 -0.000001 -0.000002 0.000632 0.000013 0.000131 -0.000003 -0.002927 0.001479 -0.006818 0.000007 -0.004251 0.000008 -0.000030 -0.000010 -0.000205 -0.003996 -0.002607 -0.007382 0.000002 0.000075 -0.000001 0.000007 -0.001455 0.000003 -0.002345 -0.000007 -0.005032 -0.000320 0.000007 -0.000927 0.002869 0.000057 -0.000000 -0.000344 -0.000001 0.000012 0.004614 -0.005023 0.000055 -0.000002 -0.000000 0.004562 -0.001699 -0.000003 0.001969 -0.006843 0.000006 -0.000007 0.000019 -0.003129 0.000004 0.000201 -0.006314 0.004227 0.000005 -0.000036 -0.003232 -0.000028 0.002028 0.002294 0.003343 0.000545 0.000056 -0.001214 -0.008197 0.000846 -0.000011 0.000006
-0.000049 0.000003 -0.000076 -0.000022 0.000039 -0.000042 -0.000007 0.000002 -0.000006 -0.000001 0.000002 -0.000085 -0.000036 -0.000127 0.000006 -0.000063 -0.000001 -0.000005 -0.000005 -0.000002 0.000002 -0.000082 -0.000017 0.000035 0.000069 -0.000011 0.000001 0.000004 -0.000005 0.000002 -0.000024 -0.000046 0.000008 -0.000029 -0.000055 -0.000074 -0.000031 -0.000087 -0.000055 -0.000049 0.000057 -0.000009 0.000009 0.000006 -0.000046 -0.000008 0.000001 -0.000004 0.000002 -0.000010 -0.000004 0.000004 -0.000026 0.000007 0.000009 -0.000008 -0.000001 -0.000002 -0.000120 -0.000005 0.000005 0.000002 -0.000032 -0.000056 -0.000065 0.000003 -0.000096 -0.000138 -0.000003 -0.000003 0.000000 -0.000098 0.000004 0.000042 0.000048 -0.000001 0.000003 -0.000143 -0.000004 0.000004 0.000004 0.000003 -0.000003 -0.000003 -0.000059 0.000002 -0.000030 -0.000065 0.000003 -0.000098 -0.000070 -0.000125 -0.000000 0.000010 -0.000103 -0.000003 -0.000015 -0.000035 0.000088 -0.000003 0.000006 -0.000004 -0.000078 0.000032 -0.000118 -0.000005 0.000016 0.000006 -0.000148 0.000053 0.000015 -0.000011 -0.000081 -0.000004 -0.000004 -0.000023 -0.000001 0.000002 0.000006 0.000046 -0.000004 0.000025 -0.000050 -0.000049 0.000020 -0.000003 0.000011 -0.000112 -0.000116 -0.000219 -0.000024 0.000074 0.000003 0.000009 0.000007 0.000002 0.000005 -0.000004 -0.000038 0.000001 -0.000040 -0.000030 -0.000007 -0.000001 -0.000005 -0.000013 -0.000059 0.000006 0.000000 0.000019 0.000004 -0.000039 -0.000000 0.000003 0.000004 -0.000057 0.000005 0.000008 -0.000003 0.000002 -0.000073 -0.000092 -0.000053 0.000004 -0.000056 0.000053 -0.000037 0.000003 0.000004 -0.000132 0.000038 -0.000001 0.000008 -0.000011 -0.000082 0.000020 0.000002 -0.000036 -0.000157 -0.000059 -0.000002 0.000002 0.000003 0.000022 -0.000010 -0.000006 0.000000 0.000127 0.000012 0.000002 -0.000012 -0.000008 -0.000007 0.000008 -0.000234 0.000002 -0.000112 0.000000 -0.000050 -0.000004 0.000035 0.000003 -0.000004 -0.000002 -0.000046 -0.000062 0.000006 -0.000071 0.000003 -0.000004 0.000041 -0.000004 -0.000016 0.000004 -0.000025 0.000062 0.000000 0.000051 -0.000009 0.000003 -0.000005 -0.000071 -0.000001 0.000009 0.000069 -0.000070 0.000003 -0.000006 0.000000 -0.000057 -0.000059 0.000008 -0.000062 -0.000092 0.000001 -0.000007 -0.000003 -0.000135 0.000001 -0.000088 -0.000077 0.000037 0.000001 -0.000001 -0.000062 -0.000007 0.000021 -0.000002 -0.000025 0.000004 -0.000059 -0.000036 0.000141 -0.000014 0.000000 -0.000004
-0.000022 -0.000009 0.000023 -0.000027 -0.000078 -0.000005 -0.000032 -0.000001 -0.000014 -0.000001 -0.000002 -0.000076 -0.000031 -0.000013 -0.000007 -0.000088 -0.000006 -0.000008 -0.000019 0.000006 0.000011 -0.000020 0.000010 0.000000 -0.000003 -0.000037 -0.000001 0.000037 -0.000001 0.000000 -0.000036 -0.000108 0.000002 -0.000010 -0.000001 -0.000070 0.000070 -0.000031 -0.000069 -0.000019 -0.000060 -0.000009 -0.000002 -0.000005 -0.000014 -0.000078 -0.000027 -0.000004 -0.000008 0.000044 -0.000024 -0.000002 0.000001 0.000000 -0.000003 -0.000024 0.000012 -0.000002 -0.000022 0.000025 -0.000002 -0.000002 -0.000058 0.000006 -0.000006 -0.000010 -0.000012 -0.000106 -0.000005 0.000052 0.000006 -0.000050 -0.000009 -0.000024 -0.000009 -0.000020 0.000033 -0.000014 0.000002 0.000038 -0.000047 0.000001 -0.000024 0.000007 -0.000091 -0.000017 -0.000044 -0.000027 -0.000004 -0.000020 -0.000089 -0.000022 0.000004 -0.000000 -0.000035 -0.000053 -0.000023 -0.000004 -0.000088 -0.000019 -0.000008 -0.000026 -0.000021 -0.000003 -0.000023 -0.000043 -0.000012 -0.000008 -0.000039 -0.000017 -0.000100 -0.000067 -0.000014 0.000009 -0.000018 -0.000006 -0.000004 -0.000001 -0.000005 -0.000037 0.000034 0.000016 -0.000009 -0.000016 -0.000011 0.000002 -0.000002 -0.000027 -0.000073 -0.000081 -0.000026 -0.000012 -0.000001 -0.000001 -0.000010 -0.000006 -0.000009 -0.000108 0.000046 -0.000010 -0.000065 -0.000077 -0.000014 -0.000026 -0.000024 -0.000053 -0.000018 -0.000001 -0.000008 -0.000010 -0.000006 -0.000024 -0.000003 -0.000002 -0.000006 -0.000009 -0.000001 0.000001 0.000015 -0.000008 0.000018 0.000003 -0.000004 -0.000008 -0.000017 -0.000026 -0.000044 -0.000009 -0.000007 -0.000061 -0.000005 0.000002 -0.000033 -0.000006 -0.000160 -0.000001 -0.000003 0.000067 -0.000110 -0.000016 -0.000001 -0.000008 0.000006 -0.000021 -0.000046 -0.000104 -0.000008 -0.000026 0.000001 0.000004 -0.000044 0.000027 -0.000036 0.000000 -0.000044 0.000000 -0.000027 -0.000001 -0.000043 -0.000004 0.000010 0.000002 -0.000017 -0.000025 0.000000 -0.000032 -0.000009 -0.000009 -0.000007 -0.000002 -0.000024 -0.000005 0.000009 -0.000006 -0.000055 0.000042 0.000027 -0.000062 -0.000019 -0.000005 -0.000000 -0.000036 -0.000001 -0.000001 0.000013 -0.000032 0.000001 -0.000054 -0.000005 -0.000070 -0.000043 0.000009 -0.000022 -0.000020 -0.000020 -0.000029 -0.000026 0.000045 -0.000007 -0.000000 0.000066 -0.000018 -0.000004 -0.000020 -0.000080 0.000006 -0.000011 -0.000038 -0.000015 -0.000037 0.000000 -0.000003 -0.000027 -0.000068 -0.000001 0.000012
-0.138346 0.000014 0.346920 -0.001446 -0.140423 -0.008685 0.000141 0.000003 -0.000005 -0.000001 -0.000006 -0.189485 0.004402 -0.000012 0.000005 -0.033337 -0.000007 -0.000015 0.000000 -0.000002 -0.000003 -0.099200 -0.000510 -0.104816 0.191581 0.000106 0.000004 -0.000046 -0.000022 0.000023 0.015214 -0.001401 -0.000000 -0.037013 -0.000111 -0.127087 0.107059 0.026143 0.031661 -0.098414 -0.160275 -0.000880 0.000007 -0.000008 -0.122644 -0.281239 0.000000 0.001429 0.000329 -0.129073 -0.000006 -0.000005 0.419333 0.000003 -0.000004 0.000024 -0.001740 0.000009 -0.146375 -0.003210 -0.000021 0.000000 -0.172847 -0.002777 -0.158269 -0.000006 -0.222779 0.185315 0.000016 -0.000031 0.000001 -0.195791 0.000001 0.000075 -0.047975 -0.190105 -0.184722 0.202291 0.000000 0.000011 0.002956 -0.000129 0.000001 0.000012 -0.178244 -0.000019 -0.118807 -0.086964 0.000008 -0.125970 -0.335629 -0.349197 0.000012 0.000009 -0.313158 0.001904 -0.000183 -0.116216 -0.103744 -0.000039 -0.207188 -0.000003 -0.198114 -0.000057 -0.009767 0.000792 0.000441 -0.000009 -0.174434 -0.000773 0.001196 -0.005777 -0.041458 0.000004 -0.000007 0.000010 0.000009 -0.000002 -0.142067 -0.000192 0.000497 0.069859 -0.001155 0.000112 0.299344 -0.000000 0.000086 -0.210708 -0.002579 -0.234535 -0.077473 -0.204462 -0.000000 -0.000003 0.122099 -0.122742 -0.000000 -0.000692 0.004491 0.000000 -0.096031 -0.000128 -0.000028 0.000044 -0.000015 0.104857 -0.286723 0.026466 -0.000005 0.363273 -0.000116 -0.000110 0.000012 0.000000 0.000011 -0.000035 0.000002 0.000057 -0.000110 0.000003 -0.065448 0.076195 -0.052767 0.134052 -0.122298 -0.070403 0.166905 -0.000009 0.000004 -0.090523 -0.131043 -0.000590 0.000001 -0.103642 0.086221 -0.096389 0.000020 0.233296 -0.620003 -0.000004 -0.220337 0.000001 0.000010 0.015687 0.000001 0.153130 0.000005 0.001636 0.000012 -0.000002 -0.003779 0.000012 0.000137 -0.000007 0.030139 -0.000222 -0.157484 0.000001 -0.014118 0.000011 0.000014 0.000013 0.000078 -0.258731 0.000689 -0.237127 -0.000000 0.163036 -0.000006 -0.000002 0.028553 -0.000006 -0.263622 -0.000006 0.295495 -0.000755 0.000006 -0.041867 0.000039 -0.000035 -0.000002 -0.060161 -0.000007 -0.000001 0.004596 -0.078971 -0.000009 0.000013 -0.000008 0.008419 0.186049 0.000124 0.607248 0.131061 0.000029 0.000027 -0.000010 -0.309227 0.000003 0.045444 0.113397 0.648572 -0.000002 0.000066 -0.147911 -0.000045 0.004201 0.180241 -0.037271 -0.000295 0.000046 -0.155960 -0.000281 -0.145578 -0.000007 0.000010
-0.000198 -0.000003 -0.000032 0.000038 -0.000361 -0.000248 0.000006 0.000000 -0.000010 -0.000001 -0.000002 0.000161 0.000437 0.000023 -0.000007 -0.000387 -0.000009 -0.000006 0.000012 -0.000004 -0.000008 0.000151 0.000066 0.000071 0.000350 -0.000080 -0.000007 -0.000100 -0.000015 -0.000005 -0.000096 0.000027 -0.000004 -0.000222 0.000104 0.000001 -0.000211 -0.000248 -0.000128 -0.000086 -0.000325 0.000001 -0.000009 -0.000004 -0.000226 -0.000203 0.000033 0.000018 0.000189 -0.000223 0.000002 -0.000005 0.000190 0.000001 -0.000001 -0.000005 0.000065 -0.000005 -0.000017 0.000236 -0.000016 -0.000001 -0.000339 0.000091 -0.000141 0.000000 -0.000095 -0.000065 -0.000004 0.000023 0.000000 -0.000476 0.000007 -0.000018 0.000073 -0.000210 0.000129 -0.000006 -0.000008 -0.000008 -0.000112 0.000044 -0.000003 -0.000017 -0.000242 0.000003 -0.000381 -0.000065 -0.000004 -0.000168 -0.000551 -0.000404 -0.000005 -0.000004 -0.000198 0.000072 0.000040 0.000051 -0.000507 -0.000029 -0.000220 0.000000 -0.000173 -0.000003 -0.000359 -0.000127 0.000249 -0.000008 -0.000075 -0.000112 -0.000018 -0.000324 -0.000066 -0.000008 -0.000002 0.000003 -0.000002 -0.000009 -0.000211 0.000060 0.000019 0.000011 0.000187 0.000003 0.000025 -0.000005 0.000482 -0.000667 -0.000147 -0.000354 0.000034 0.000201 -0.000002 -0.000001 0.000073 0.000033 -0.000003 0.000014 0.000331 -0.000006 -0.000143 -0.000016 -0.000003 0.000023 -0.000031 -0.000476 -0.000049 0.000080 -0.000006 0.000282 0.000055 -0.000254 -0.000009 0.000002 -0.000054 0.000197 -0.000008 0.000019 -0.000047 -0.000004 -0.000061 0.000094 -0.000084 0.000053 -0.000291 -0.000125 -0.000061 -0.000000 -0.000004 -0.000053 -0.000027 0.000564 -0.000026 -0.000134 -0.000227 0.000129 -0.000064 -0.000109 -0.001390 -0.000033 -0.000302 -0.000003 -0.000008 0.000072 -0.000024 -0.000500 -0.000001 -0.000079 -0.000021 -0.000003 -0.000017 0.000043 0.000080 -0.000005 -0.000137 0.000198 -0.000310 -0.000001 -0.000024 -0.000008 0.000013 -0.000006 0.000043 -0.000631 0.000057 -0.000278 -0.000000 0.000046 -0.000006 -0.000009 -0.000147 -0.000006 0.000082 -0.000002 -0.000139 -0.000038 -0.000005 -0.000297 -0.000054 0.000007 -0.000003 0.000366 0.000002 0.000008 -0.000280 -0.000281 0.000014 -0.000012 -0.000006 -0.000130 -0.000067 0.000120 0.000064 -0.000169 -0.000004 -0.000016 -0.000004 -0.000346 -0.000007 0.000432 0.000137 -0.000108 -0.000006 0.000479 -0.000412 0.000034 0.000298 0.000010 0.000372 0.000055 -0.000002 0.000034 0.000221 0.000226 -0.000001 -0.000039
-0.000052 -0.000013 -0.000049 0.000000 0.000007 -0.000020 -0.000011 -0.000008 -0.000017 0.000010 -0.000009 -0.000027 -0.000058 -0.000039 -0.000005 0.000010 0.000003 -0.000025 -0.000007 0.000010 0.000001 0.000033 -0.000027 0.000003 0.000018 0.000012 -0.000005 -0.000036 0.000001 0.000006 -0.000045 0.000005 -0.000003 -0.000043 0.000046 -0.000045 -0.000098 -0.000006 -0.000010 -0.000081 -0.000015 -0.000010 -0.000002 -0.000006 -0.000036 -0.000096 0.000001 0.000007 -0.000050 -0.000012 -0.000048 0.000002 -0.000010 -0.000003 -0.000006 -0.000007 -0.000006 -0.000016 -0.000077 0.000013 -0.000009 -0.000001 -0.000077 -0.000060 -0.000103 0.000006 -0.000113 -0.000004 0.000008 0.000024 -0.000023 -0.000048 0.000004 0.000032 -0.000002 -0.000028 -0.000035 0.000061 -0.000004 0.000016 -0.000059 0.000001 0.000009 0.000001 -0.000047 0.000001 -0.000022 -0.000094 0.000019 -0.000077 -0.000151 -0.000097 0.000007 -0.000009 -0.000055 0.000019 0.000012 0.000004 -0.000009 -0.000010 -0.000031 -0.000010 -0.000047 -0.000013 -0.000045 0.000011 -0.000040 0.000000 -0.000067 -0.000016 -0.000119 -0.000025 -0.000036 -0.000001 -0.000008 0.000029 -0.000003 -0.000005 -0.000148 0.000037 0.000011 -0.000011 0.000042 -0.000019 0.000012 0.000004 0.000022 -0.000063 -0.000056 -0.000043 -0.000062 -0.000048 -0.000000 0.000009 0.000055 -0.000062 -0.000004 0.000017 -0.000010 -0.000006 -0.000065 -0.000017 0.000015 -0.000007 -0.000007 -0.000001 -0.000084 0.000024 0.000007 0.000003 -0.000003 0.000025 0.000006 -0.000008 -0.000004 -0.000052 0.000001 -0.000052 0.000005 0.000009 -0.000031 -0.000017 -0.000009 0.000027 -0.000047 -0.000053 0.000019 -0.000006 0.000002 -0.000054 -0.000014 0.000004 -0.000019 -0.000016 -0.000173 -0.000045 -0.000039 -0.000006 -0.000102 0.000010 -0.000015 -0.000000 -0.000005 -0.000075 0.000035 -0.000063 0.000002 0.000039 -0.000012 -0.000006 -0.000106 0.000047 0.000025 0.000005 -0.000143 -0.000001 -0.000072 -0.000003 -0.000071 0.000001 -0.000012 0.000002 0.000006 0.000013 -0.000016 -0.000073 0.000001 -0.000003 0.000006 0.000000 -0.000020 0.000010 -0.000036 -0.000001 -0.000037 0.000013 -0.000002 -0.000068 -0.000008 -0.000005 -0.000003 0.000037 0.000001 -0.000002 0.000006 -0.000062 -0.000020 0.000001 0.000006 -0.000060 0.000016 -0.000004 -0.000022 -0.000024 -0.000002 -0.000004 0.000002 -0.000095 -0.000010 -0.000002 -0.000025 -0.000056 0.000009 -0.000019 -0.000108 -0.000030 -0.000019 -0.000021 -0.000003 -0.000002 0.000005 -0.000001 0.000003 -0.000048 -0.000004 -0.000011
-0.000290 -0.000000 0.000522 -0.000201 -0.000458 -0.000360 0.000083 -0.000003 0.000000 -0.000007 -0.000002 -0.001002 0.000278 0.000604 -0.000003 -0.000726 -0.000003 -0.000004 -0.000010 -0.000007 -0.000002 0.000472 0.000345 -0.000562 0.000489 -0.000005 -0.000005 -0.000081 -0.000004 -0.000086 0.000623 -0.000098 0.000002 0.000482 -0.000039 -0.000480 0.000395 0.000014 -0.000122 -0.000559 -0.000429 -0.000033 0.000001 -0.000002 -0.000354 -0.001074 0.000003 0.000863 -0.000005 0.000210 -0.000002 0.000000 -0.000794 0.000000 -0.000006 0.000010 0.000269 -0.000004 -0.000358 0.000365 -0.000004 -0.000009 0.000679 -0.000172 -0.000533 -0.000005 -0.000981 -0.000751 -0.000001 0.000076 -0.000002 -0.000155 -0.000005 0.000969 0.000136 -0.000079 -0.000333 0.000170 -0.000003 -0.000001 -0.001081 0.000060 -0.000008 -0.000008 -0.000618 -0.000007 0.000332 -0.000705 -0.000001 -0.000195 -0.000949 -0.001022 -0.000007 -0.000006 -0.000375 -0.000119 -0.000004 0.000044 -0.000209 -0.000007 0.000558 0.000007 -0.000356 -0.000003 -0.000706 -0.000558 -0.000038 -0.000003 -0.000862 -0.000213 -0.000071 0.000179 -0.000279 -0.000005 -0.000007 -0.000007 -0.000002 -0.000001 -0.000828 -0.000019 0.000390 -0.000498 -0.000316 -0.000059 -0.001455 -0.000000 0.000057 -0.000092 -0.000975 -0.000802 -0.001068 -0.000605 -0.000010 -0.000002 0.000276 -0.000621 -0.000009 0.000279 0.000191 0.000002 0.000348 0.000005 -0.000003 -0.000031 0.000003 -0.000723 -0.001041 -0.000779 -0.000006 0.000141 -0.000007 0.001268 -0.000003 -0.000000 -0.000004 -0.000077 -0.000003 0.000009 0.000000 -0.000003 0.000582 0.000282 -0.000130 0.000133 -0.000940 -0.000191 0.000012 -0.000010 -0.000004 0.000495 0.000533 0.000083 -0.000006 0.000512 -0.000271 0.000176 -0.000007 0.000002 -0.001621 -0.000004 0.000482 0.000002 0.000003 0.000290 -0.000009 -0.000591 -0.000005 0.000737 0.000006 -0.000004 0.000784 0.000006 -0.000212 -0.000004 -0.000788 -0.000591 -0.000435 0.000006 0.000214 -0.000007 -0.000006 -0.000007 0.002001 0.000086 -0.000059 0.000022 -0.000005 -0.001356 -0.000002 -0.000008 0.000169 -0.000003 0.000677 0.000002 -0.000301 0.000258 -0.000007 0.000293 0.000364 -0.000001 -0.000000 0.000594 -0.000004 -0.000003 -0.000034 -0.000348 -0.000000 -0.000009 -0.000006 -0.000801 0.000172 0.000244 -0.000377 -0.000517 -0.000003 -0.000002 -0.000004 -0.000380 -0.000003 0.000387 0.000298 -0.000140 0.000002 0.000046 -0.000464 0.000109 -0.000226 -0.000504 -0.000471 -0.000331 0.000097 -0.000126 -0.000314 -0.000110 -0.000003 -0.000004
0.002533 0.000023 0.013993 -0.056988 -0.178115 -0.281777 0.000019 -0.000002 0.000004 0.000019 -0.000005 0.042252 -0.272109 0.000076 -0.000000 0.001066 -0.000005 -0.000023 0.000030 0.000010 0.000009 -0.100106 0.000529 0.012574 -0.018309 0.000129 -0.000001 -0.000110 -0.000004 -0.000090 -0.094869 -0.037841 -0.000016 0.161769 -0.000621 -0.200690 -0.242971 -0.126600 -0.082828 -0.098911 -0.190300 0.008315 -0.000003 -0.000003 0.144294 -0.040513 0.000007 0.022317 0.000206 -0.142520 -0.000016 -0.000004 0.159029 0.000003 -0.000001 0.000027 0.007370 0.000008 -0.268597 0.027346 0.000040 -0.000004 -0.122159 0.470690 0.036229 0.000004 -0.292474 -0.073050 0.000017 -0.000059 -0.000007 -0.190773 -0.000008 0.003788 -0.163910 0.000870 -0.121146 0.050833 -0.000013 0.000025 0.148405 -0.000077 -0.000033 -0.000019 -0.133892 0.000007 0.057485 -0.050687 0.000002 0.030748 -0.420166 -0.110043 0.000002 -0.000001 -0.209013 0.000292 0.000050 0.076746 -0.111923 -0.000050 -0.162529 -0.000015 -0.183304 -0.000030 -0.118551 -0.000714 -0.000007 -0.000008 0.118457 0.017670 -0.001921 -0.012159 -0.127740 0.000009 -0.000005 -0.000071 -0.000001 -0.000007 -0.037033 -0.000096 0.000112 0.134675 0.003114 0.000067 0.002198 0.000003 -0.000184 0.011556 -0.000351 -0.128014 0.067250 0.071963 0.000002 -0.000008 -0.220604 -0.000180 -0.000007 0.036988 0.055032 -0.000008 -0.040018 -0.000046 0.000006 -0.000075 0.000014 -0.145173 -0.014621 -0.028319 -0.000003 -0.059071 0.000145 -0.000356 0.000004 0.000009 0.000045 0.000100 -0.000003 0.000068 0.000024 -0.000006 -0.219625 -0.003396 -0.046504 0.052276 -0.264573 -0.284519 0.021419 -0.000001 0.000012 -0.046303 -0.091650 -0.014833 0.000015 0.005075 -0.053324 -0.079342 0.000029 0.038297 -0.595917 -0.000160 -0.224177 0.000001 0.000004 -0.235143 -0.000014 0.101287 0.000010 -0.001026 -0.000012 0.000007 0.062937 0.000036 0.000198 -0.000008 -0.044419 -0.012669 0.132551 -0.000009 0.217274 0.000009 0.000004 -0.000006 -0.000695 -0.424639 0.013350 -0.052859 -0.000004 0.014924 -0.000001 0.000002 -0.036822 0.000004 0.099351 -0.000006 -0.122697 0.094479 0.000004 -0.118052 -0.087361 -0.000015 0.000007 0.079364 -0.000002 0.000010 0.066897 0.127632 -0.000056 0.000015 0.000001 -0.086762 -0.015145 0.000237 -0.037505 -0.128547 -0.000048 0.000026 -0.000005 -0.169915 -0.000002 0.049551 -0.082718 0.021323 -0.000009 -0.000329 0.072390 0.000010 -0.042396 -0.014742 0.057136 0.000509 0.000063 -0.053262 -0.005192 0.274747 -0.000002 0.000065
-0.000000 -0.000002 0.000001 -0.000008 -0.000005 -0.000001 -0.000002 0.000003 -0.000000 -0.000005 -0.000002 -0.000003 -0.000002 -0.000002 0.000001 -0.000002 -0.000002 -0.000002 -0.000002 -0.000007 -0.000009 0.000002 -0.000009 -0.000005 -0.000005 -0.000003 -0.000004 -0.000005 -0.000001 -0.000021 -0.000009 -0.000002 -0.000004 -0.000001 -0.000005 -0.000022 -0.000001 -0.000011 -0.000004 -0.000015 -0.000003 0.000001 -0.000003 -0.000008 -0.000000 -0.000004 -0.000004 -0.000006 -0.000008 -0.000000 -0.000004 -0.000003 -0.000008 0.000003 0.000002 0.000002 -0.000000 -0.000004 -0.000008 -0.000003 -0.000001 0.000001 -0.000004 -0.000003 0.000002 -0.000003 -0.000023 -0.000001 -0.000003 -0.000004 0.000003 -0.000004 0.000000 -0.000009 -0.000003 0.000002 -0.000005 -0.000009 -0.000005 -0.000008 -0.000007 -0.000004 0.000004 -0.000006 -0.000008 0.000003 -0.000001 -0.000029 -0.000000 -0.000006 0.000001 -0.000005 -0.000004 -0.000005 -0.000001 -0.000019 -0.000006 0.000000 -0.000002 -0.000001 0.000003 -0.000003 -0.000008 -0.000008 -0.000002 -0.000006 -0.000000 0.000002 -0.000019 -0.000009 -0.000003 -0.000003 -0.000033 -0.000002 -0.000002 -0.000009 0.000003 -0.000004 -0.000020 -0.000001 -0.000001 -0.000002 -0.000005 -0.000003 -0.000006 -0.000010 -0.000009 -0.000003 -0.000006 -0.000007 -0.000029 -0.000004 -0.000009 -0.000002 -0.000001 -0.000008 0.000004 -0.000002 -0.000000 -0.000007 -0.000024 -0.000010 -0.000004 -0.000022 -0.000004 0.000002 -0.000004 -0.000008 -0.000004 -0.000009 -0.000003 -0.000004 0.000002 -0.000001 -0.000008 -0.000031 -0.000000 -0.000004 0.000002 -0.000006 0.000004 -0.000002 -0.000003 -0.000001 -0.000004 -0.000005 -0.000008 -0.000003 0.000003 -0.000009 -0.000000 -0.000002 -0.000005 -0.000004 -0.000016 -0.000006 0.000002 0.000004 -0.000029 -0.000002 -0.000008 -0.000002 -0.000000 -0.000008 0.000000 -0.000020 -0.000003 -0.000006 -0.000003 -0.000002 -0.000025 0.000004 -0.000000 0.000000 -0.000021 0.000002 0.000001 -0.000002 -0.000000 0.000003 0.000002 0.000002 -0.000006 -0.000018 -0.000009 -0.000020 -0.000007 -0.000004 0.000003 -0.000001 -0.000013 -0.000003 -0.000003 0.000003 -0.000005 -0.000004 -0.000000 -0.000001 -0.000008 -0.000005 -0.000001 -0.000005 -0.000003 0.000005 -0.000005 -0.000005 -0.000002 -0.000004 -0.000002 -0.000000 -0.000004 -0.000004 -0.000003 -0.000008 -0.000002 -0.000004 0.000001 -0.000003 -0.000002 -0.000009 -0.000004 -0.000002 -0.000004 -0.000003 0.000003 -0.000021 -0.000009 -0.000009 -0.000003 -0.000000 -0.000003 -0.000007 -0.000004 0.000003 -0.000007 -0.000001
0.249301 -0.000011 0.188961 -0.005008 0.040831 -0.031866 -0.000008 0.000005 0.000000 -0.000019 -0.000009 0.045329 0.256078 -0.000128 0.000005 0.196643 -0.000008 -0.000017 0.000004 -0.000006 0.000002 0.202305 0.000382 0.462175 0.158026 -0.000162 -0.000003 -0.000012 0.000003 -0.000004 0.192519 -0.016695 0.000007 -0.104386 0.000518 -0.062264 -0.055786 -0.078831 0.183516 -0.085217 -0.362636 0.016203 -0.000004 -0.000007 -0.033680 -0.390718 0.000003 -0.005378 0.000075 0.545152 0.000006 -0.000003 -0.197924 0.000005 -0.000008 0.000019 0.004837 0.000005 0.168378 0.069578 0.000003 -0.000004 0.168605 0.329368 0.149378 0.000002 -0.315503 0.031944 -0.000003 -0.000057 -0.000005 -0.008126 -0.000008 0.000139 -0.055960 0.030990 0.410580 0.024812 0.000004 0.000017 0.235372 0.000005 -0.000002 -0.000008 -0.064850 -0.000008 0.163972 0.197559 -0.000002 0.232975 0.036784 -0.267601 -0.000005 0.000008 -0.055312 0.000745 0.000204 0.380330 0.027232 0.000014 -0.253654 -0.000002 0.049924 -0.000007 0.030427 0.000330 -0.000009 -0.000002 -0.265863 -0.000896 -0.000046 -0.002278 -0.077193 -0.000002 0.000007 -0.000019 -0.000005 -0.000005 -0.274361 -0.000053 0.000476 0.195205 -0.008946 -0.000015 0.228268 0.000005 0.000201 0.067480 -0.001102 -0.123151 0.064591 -0.167919 -0.000006 -0.000001 0.232471 0.095547 0.000003 -0.008092 0.099620 -0.000003 0.485315 -0.000076 0.000007 -0.000052 0.000004 -0.258552 -0.321319 0.071436 0.000001 0.004893 0.000054 -0.000307 -0.000008 0.000006 0.000005 0.000170 0.000000 -0.000029 -0.000006 -0.000002 0.149841 0.221863 0.128616 0.212695 -0.001976 0.014683 0.413044 -0.000003 0.000007 0.273961 0.477516 0.004974 -0.000006 0.029571 0.377339 0.140369 -0.000005 0.223701 -0.539238 -0.000016 -0.200989 0.000009 0.000004 0.181405 -0.000026 0.189493 -0.000006 -0.000291 0.000013 -0.000003 0.011504 -0.000006 0.000045 -0.000009 0.337132 0.018834 -0.189458 0.000008 0.061902 0.000001 0.000014 -0.000005 -0.000258 -0.375548 0.006826 0.062531 -0.000000 0.187093 -0.000010 0.000001 -0.246468 0.000001 0.088873 0.000002 0.121763 -0.000641 0.000000 0.860042 0.317985 -0.000002 -0.000003 -0.181249 -0.000003 0.000003 0.251254 0.226552 0.000011 0.000010 0.000007 0.075742 -0.110433 0.000435 0.211331 0.014929 0.000009 -0.000028 0.000008 -0.266776 -0.000004 -0.044413 0.453333 -0.074156 -0.000001 0.000057 0.149589 0.000071 -0.183578 0.339868 -0.088169 0.000281 0.000104 -0.372058 0.004729 0.019789 -0.000008 -0.000015
-0.000043 0.000008 0.000038 -0.000032 0.000020 -0.000013 -0.000006 0.000009 0.000008 -0.000007 0.000008 -0.000049 0.000021 0.000002 0.000000 -0.000022 0.000008 -0.000007 0.000007 -0.000007 0.000000 -0.000002 0.000001 -0.000010 0.000006 -0.000003 -0.000003 -0.000009 -0.000002 0.000007 -0.000009 -0.000069 0.000005 -0.000002 -0.000005 -0.000040 -0.000014 -0.000025 -0.000041 -0.000020 -0.000011 0.000032 0.000004 0.000003 -0.000010 -0.000092 -0.000002 0.000002 -0.000010 0.000003 0.000003 0.000004 -0.000005 -0.000003 0.000002 -0.000004 0.000007 0.000004 -0.000039 -0.000001 -0.000002 -0.000008 -0.000032 -0.000016 -0.000039 -0.000001 -0.000068 -0.000039 -0.000007 -0.000054 0.000010 -0.000018 -0.000000 -0.000002 0.000030 0.000008 -0.000009 -0.000033 -0.000004 -0.000009 0.000027 0.000003 -0.000002 -0.000007 -0.000022 0.000004 -0.000015 -0.000041 0.000006 -0.000038 -0.000054 -0.000032 0.000001 0.000007 -0.000043 -0.000021 -0.000014 0.000039 -0.000008 -0.000024 -0.000024 -0.000010 -0.000054 0.000014 -0.000017 -0.000037 -0.000007 0.000000 -0.000021 0.000005 -0.000020 -0.000016 0.000005 -0.000007 -0.000004 -0.000037 -0.000004 -0.000000 -0.000035 -0.000013 0.000003 -0.000045 -0.000027 0.000001 -0.000040 0.000003 0.000002 -0.000039 -0.000070 -0.000035 -0.000003 0.000004 -0.000004 0.000009 0.000020 -0.000054 0.000006 -0.000011 0.000009 0.000005 -0.000069 0.000000 -0.000010 0.000008 0.000002 0.000014 -0.000027 0.000056 0.000008 -0.000008 0.000027 -0.000006 -0.000001 -0.000001 0.000003 -0.000001 -0.000009 0.000018 -0.000001 0.000001 -0.000020 0.000024 -0.000007 -0.000011 -0.000055 -0.000007 -0.000029 0.000006 -0.000005 -0.000028 -0.000001 0.000001 0.000014 -0.000006 -0.000038 -0.000032 -0.000018 -0.000022 -0.000043 -0.000004 -0.000094 0.000000 0.000000 -0.000014 0.000001 -0.000043 0.000010 -0.000027 -0.000001 0.000001 -0.000025 -0.000008 -0.000012 0.000001 -0.000077 -0.000005 -0.000001 0.000002 -0.000018 -0.000004 -0.000005 0.000001 -0.000004 -0.000026 -0.000008 -0.000032 0.000002 0.000003 0.000010 0.000005 -0.000042 -0.000002 0.000011 0.000002 -0.000031 -0.000010 0.000003 -0.000027 0.000062 -0.000005 -0.000004 -0.000029 0.000006 0.000004 0.000000 -0.000023 0.000014 -0.000007 -0.000001 -0.000037 -0.000027 0.000005 0.000024 -0.000012 -0.000001 -0.000005 0.000003 -0.000069 0.000010 -0.000032 -0.000029 0.000010 -0.000003 0.000032 -0.000049 0.000008 -0.000007 -0.000017 0.000000 0.000020 -0.000058 -0.000011 0.000025 -0.000026 -0.000001 0.000000
-0.000018 -0.000001 0.000073 -0.000067 -0.000110 0.000037 0.000002 -0.000003 0.000026 -0.000002 -0.000002 -0.000065 -0.000076 -0.000006 -0.000001 -0.000042 -0.000003 0.000036 -0.000038 -0.000009 -0.000008 0.000001 0.000087 0.000039 -0.000066 -0.000017 -0.000010 0.000011 -0.000033 -0.000034 -0.000030 0.000018 -0.000000 0.000007 -0.000014 -0.000096 -0.000115 0.000074 -0.000042 -0.000186 -0.000124 0.000027 -0.000001 -0.000002 0.000118 -0.000105 -0.000001 0.000037 -0.000004 -0.000007 -0.000015 -0.000001 -0.000034 0.000009 -0.000001 0.000012 0.000058 -0.000026 -0.000072 -0.000007 -0.000030 -0.000003 -0.000062 -0.000095 -0.000103 -0.000009 -0.000126 -0.000018 -0.000004 0.000054 -0.000009 -0.000170 -0.000009 -0.000005 -0.000003 -0.000048 0.000031 0.000025 0.000004 -0.000002 -0.000082 -0.000009 -0.000023 -0.000006 -0.000074 0.000018 -0.000028 0.000041 -0.000034 -0.000063 -0.000156 -0.000026 -0.000002 -0.000003 -0.000110 -0.000039 0.000049 -0.000029 0.000018 -0.000033 -0.000043 -0.000039 -0.000149 -0.000008 -0.000021 -0.000097 0.000057 -0.000003 -0.000010 -0.000028 -0.000065 -0.000216 -0.000169 -0.000003 0.000011 -0.000034 -0.000006 -0.000006 -0.000067 0.000049 -0.000034 -0.000073 -0.000027 -0.000029 -0.000073 -0.000010 0.000048 -0.000083 -0.000097 -0.000144 -0.000201 -0.000001 -0.000010 -0.000002 -0.000068 -0.000101 0.000004 -0.000037 -0.000085 -0.000004 -0.000133 0.000025 -0.000008 -0.000016 0.000024 -0.000009 -0.000191 0.000117 -0.000002 0.000038 0.000034 -0.000011 0.000017 0.000003 0.000044 -0.000059 0.000002 -0.000027 0.000029 -0.000006 0.000002 -0.000037 -0.000060 -0.000079 -0.000075 -0.000016 0.000033 -0.000002 0.000005 -0.000061 0.000033 0.000029 0.000005 -0.000018 -0.000141 -0.000021 0.000046 -0.000018 -0.000196 0.000013 -0.000072 -0.000002 -0.000003 -0.000080 -0.000071 -0.000085 -0.000009 -0.000022 -0.000003 -0.000003 -0.000061 0.000034 0.000001 0.000008 -0.000045 0.000111 -0.000099 -0.000010 -0.000029 -0.000001 0.000036 0.000008 0.000030 0.000005 -0.000045 -0.000092 -0.000010 -0.000034 0.000001 -0.000001 -0.000030 -0.000007 -0.000016 -0.000001 -0.000062 -0.000047 -0.000007 -0.000031 0.000071 0.000031 -0.000006 -0.000062 -0.000001 0.000009 0.000077 -0.000201 0.000022 0.000042 -0.000006 -0.000067 -0.000063 0.000063 0.000001 -0.000072 -0.000006 -0.000036 -0.000036 -0.000080 -0.000002 0.000013 -0.000084 0.000017 -0.000001 -0.000007 -0.000019 -0.000036 -0.000033 0.000008 -0.000022 0.000025 -0.000005 0.000049 0.000003 -0.000018 -0.000003 0.000033
-0.000022 0.000022 0.000002 -0.000026 -0.000034 -0.000047 -0.000009 0.000005 0.000004 -0.000000 -0.000004 -0.000051 0.000012 -0.000037 -0.000003 -0.000023 0.000009 0.000018 -0.000014 -0.000008 -0.000000 -0.000050 -0.000002 -0.000023 -0.000052 -0.000028 -0.000005 0.000081 -0.000008 -0.000061 0.000005 0.000001 -0.000000 -0.000017 -0.000009 -0.000062 -0.000049 -0.000044 -0.000076 -0.000067 -0.000101 -0.000031 0.000005 0.000008 -0.000002 -0.000042 -0.000013 -0.000011 0.000027 -0.000030 0.000026 -0.000007 -0.000011 0.000001 0.000009 -0.000020 0.000027 0.000004 -0.000040 0.000003 0.000003 -0.000019 -0.000040 0.000005 -0.000070 -0.000006 -0.000122 -0.000045 -0.000001 -0.000035 0.000012 -0.000116 0.000006 0.000009 -0.000058 0.000014 -0.000007 -0.000005 0.000005 -0.000001 -0.000006 -0.000005 -0.000003 -0.000034 -0.000091 -0.000004 -0.000064 -0.000139 -0.000005 -0.000132 -0.000098 -0.000078 -0.000001 -0.000005 -0.000116 -0.000027 -0.000062 0.000007 -0.000066 0.000001 0.000014 -0.000009 -0.000070 -0.000011 -0.000045 -0.000019 -0.000000 0.000008 -0.000071 -0.000013 -0.000016 0.000011 -0.000075 -0.000009 0.000003 -0.000023 -0.000002 0.000005 -0.000015 -0.000013 -0.000010 -0.000022 0.000016 -0.000068 -0.000015 -0.000009 -0.000004 -0.000001 -0.000046 -0.000045 -0.000011 -0.000095 -0.000006 -0.000002 -0.000010 0.000004 0.000004 0.000021 0.000123 0.000009 -0.000065 -0.000016 0.000010 -0.000019 -0.000016 -0.000021 -0.000052 -0.000021 0.000010 -0.000031 -0.000011 -0.000010 -0.000010 0.000010 -0.000001 -0.000019 -0.000001 -0.000031 -0.000010 -0.000001 -0.000028 -0.000034 0.000060 -0.000015 -0.000068 -0.000030 -0.000047 0.000010 0.000004 -0.000035 -0.000007 0.000008 -0.000016 -0.000019 -0.000042 -0.000028 0.000005 -0.000014 -0.000127 -0.000005 -0.000043 -0.000009 0.000003 -0.000024 0.000001 -0.000075 -0.000006 -0.000039 0.000002 -0.000009 -0.000014 -0.000009 -0.000049 -0.000003 -0.000159 0.000025 -0.000041 0.000008 -0.000015 -0.000000 0.000023 -0.000011 -0.000016 0.000005 -0.000005 -0.000162 -0.000003 0.000010 -0.000000 -0.000005 -0.000044 -0.000005 -0.000025 0.000007 -0.000008 -0.000007 0.000004 -0.000084 -0.000006 -0.000004 -0.000002 -0.000104 -0.000004 0.000001 -0.000022 -0.000028 0.000012 0.000037 -0.000000 0.000024 -0.000027 -0.000030 -0.000012 -0.000034 -0.000000 0.000001 -0.000006 -0.000086 -0.000005 -0.000003 -0.000029 -0.000062 -0.000009 -0.000115 -0.000054 0.000023 -0.000083 -0.000050 0.000042 -0.000019 0.000007 0.000014 0.000043 -0.000023 0.000003 -0.000022
-0.034496 -0.000002 0.053791 -0.079247 -0.051773 -0.070082 0.000032 0.000004 0.000010 0.000000 0.000002 -0.072746 -0.038973 -0.000400 -0.000004 0.012074 0.000001 -0.000034 0.000002 -0.000007 0.000005 0.019387 -0.000006 -0.048092 0.078015 -0.000089 0.000001 0.000071 0.000010 0.000026 0.011184 0.031175 -0.000010 -0.038201 -0.000175 -0.031177 0.041274 -0.052676 0.001069 0.054296 -0.027483 0.022974 0.000007 0.000003 -0.087802 -0.114012 -0.000005 0.032068 0.000365 -0.013425 0.000008 -0.000001 0.062288 -0.000008 0.000008 -0.000032 0.020033 0.000001 -0.025668 0.026702 0.000003 0.000001 -0.002703 0.012605 -0.008771 -0.000009 -0.083546 -0.039921 -0.000001 -0.000034 0.000032 -0.077547 0.000004 0.000011 0.027977 -0.009297 -0.068921 -0.097330 -0.000013 -0.000021 0.157853 -0.000165 0.000009 -0.000093 0.003232 -0.000008 -0.038873 0.077307 -0.000003 -0.025241 -0.013995 -0.073119 -0.000008 0.000010 -0.004487 -0.000205 0.000364 0.065698 -0.038868 -0.000022 -0.021724 0.000005 -0.005977 0.000032 0.000851 0.000744 0.000238 0.000007 -0.046674 0.005787 -0.000412 -0.008794 -0.044149 -0.000005 0.000002 0.000058 -0.000002 -0.000002 -0.022915 -0.000062 0.000123 0.013511 0.013928 0.000014 0.020305 -0.000005 0.000159 -0.049890 0.002184 -0.005620 -0.024065 -0.008928 -0.000001 0.000002 0.046565 0.019470 0.000004 -0.007674 -0.016068 0.000009 0.012426 0.000052 -0.000010 -0.000036 -0.000000 -0.006350 -0.051792 -0.024786 0.000001 -0.001426 0.000105 0.000136 0.000009 -0.000005 0.000021 -0.000027 -0.000005 -0.000030 0.000025 -0.000008 -0.001476 -0.026128 -0.035626 0.013421 -0.014238 -0.062899 -0.026352 0.000005 -0.000007 -0.022371 0.061524 -0.004607 -0.000046 -0.095705 0.008732 -0.043790 -0.000028 0.011009 -0.131162 -0.000278 0.024153 0.000008 -0.000000 -0.009211 0.000012 -0.024602 0.000012 -0.000994 0.000006 0.000004 0.002890 0.000022 0.000228 0.000000 0.025025 0.032222 -0.066631 0.000005 -0.017819 -0.000003 -0.000016 -0.000013 0.001116 0.002092 -0.010721 -0.122576 -0.000008 0.003668 0.000006 0.000005 -0.055102 0.000000 0.035662 0.000004 -0.004077 0.000354 -0.000000 -0.088751 0.026122 0.000006 0.000001 -0.029243 -0.000000 -0.000007 -0.019053 -0.048563 -0.000029 -0.000051 0.000003 0.036339 0.123360 -0.000282 0.021568 0.063561 -0.000017 -0.000029 -0.000003 -0.010440 0.000002 -0.024965 -0.041203 -0.006824 0.000006 -0.000054 -0.043517 0.000266 -0.025943 -0.100709 0.024227 -0.000049 -0.000066 -0.057084 0.037253 -0.121084 0.000002 0.000096
0.036429 -0.000013 0.130686 -0.061333 0.165692 -0.157003 -0.000004 0.000005 0.000005 0.000020 0.000003 -0.441565 0.397892 0.001021 -0.000000 0.126351 -0.000004 -0.000013 0.000007 0.000001 -0.000000 0.346219 0.001388 0.329619 0.476648 0.000310 0.000006 -0.000044 -0.000001 -0.000078 0.033282 -0.023584 0.000005 -0.140424 -0.000002 0.589840 0.479285 -0.418383 0.679913 -0.003843 -0.097058 0.000363 0.000001 0.000009 0.099842 -0.096958 -0.000005 -0.013485 0.000012 -0.238542 -0.000013 0.000006 -0.150998 0.000005 0.000003 0.000030 0.013783 -0.000006 -0.036750 0.072757 0.000002 0.000007 0.399075 0.288248 0.032931 0.000005 0.491181 -0.314220 -0.000002 -0.000015 0.000004 -0.229969 -0.000004 -0.000587 -0.086566 0.063406 -0.369296 -0.103675 -0.000004 0.000003 0.077713 -0.000117 -0.000015 0.000016 0.193878 -0.000004 -0.108642 0.101299 0.000007 -0.566945 -0.127361 -0.207670 0.000001 0.000002 -0.047659 0.002608 0.000047 -0.009319 0.113869 -0.000007 -0.247099 0.000002 0.088694 0.000029 -0.059557 0.000359 0.000249 0.000000 -0.027655 -0.007193 -0.001729 -0.003621 -0.157175 0.000004 -0.000006 -0.000037 -0.000005 0.000001 -0.030368 -0.000003 0.000271 0.542072 0.026188 -0.000020 0.250646 -0.000001 -0.000034 -0.398377 -0.002080 -0.247648 -0.000713 0.641491 0.000006 -0.000002 0.802898 0.136253 -0.000009 -0.000940 0.270667 0.000006 0.062529 -0.000039 0.000013 0.000017 -0.000013 -0.192147 -0.187826 0.550705 -0.000005 -0.129378 0.000013 -0.000621 -0.000000 -0.000003 -0.000007 0.000308 0.000007 0.000016 0.000088 0.000005 -0.035018 -0.445669 -0.089122 0.105279 -0.166912 0.053968 -0.206631 0.000002 0.000000 -0.030002 0.134061 0.006606 0.000038 -0.097631 0.003346 0.639155 -0.000002 0.104600 -0.735807 -0.000016 -0.209908 0.000003 -0.000007 -0.418514 -0.000001 -0.017350 0.000012 -0.000973 -0.000001 -0.000004 -0.001119 -0.000001 -0.000161 0.000002 -0.247166 0.010096 -0.102660 0.000004 0.043402 -0.000004 0.000002 -0.000008 -0.000365 0.191764 -0.008749 -0.118651 0.000007 -0.134236 0.000000 0.000005 -0.096771 -0.000003 0.285260 -0.000002 0.704504 0.001629 -0.000001 -0.002543 0.249350 -0.000009 -0.000005 -0.162743 0.000001 -0.000008 0.128201 -0.056662 -0.000013 -0.000018 -0.000005 -0.283654 -0.038267 0.000248 0.106681 0.269644 0.000002 -0.000005 0.000006 0.117891 0.000008 0.419232 0.297309 -0.132923 0.000008 0.000109 0.024372 0.000039 0.046126 -0.327614 0.111931 -0.002121 -0.000035 0.147718 0.027465 -0.133851 0.000004 0.000004
-0.324974 -0.000001 -0.485322 0.057444 -0.274207 -0.620698 0.000202 0.000004 -0.000013 0.000002 0.000009 -0.533716 -0.387140 0.001524 0.000002 -0.032842 0.000002 0.000002 -0.000007 0.000005 0.000000 -0.347391 -0.000055 0.746439 -0.315066 -0.000206 0.000010 0.000053 -0.000020 0.000056 0.041890 -0.050659 0.000011 -0.171343 0.001466 -0.568733 -0.110941 -0.415619 -0.041400 -0.457824 -0.500651 0.057002 0.000010 0.000010 0.278266 -0.522823 0.000000 0.007626 -0.000037 -0.168264 -0.000021 0.000006 -0.301527 0.000006 0.000003 -0.000057 -0.010641 -0.000008 -0.117280 0.032485 -0.000001 0.000010 -0.187722 -0.320152 -0.412585 0.000002 -0.920479 -0.116355 0.000001 0.000050 -0.000003 -0.792397 0.000009 0.002650 0.109573 -0.325860 -0.287605 0.715927 -0.000004 0.000038 0.287640 -0.000178 0.000042 -0.000083 -1.086309 -0.000025 0.018854 0.469028 0.000005 -0.552844 -0.679403 -1.329356 -0.000005 0.000007 -0.218498 0.000403 0.000419 -0.604564 -0.578287 -0.000034 -1.298924 -0.000016 -0.917648 -0.000050 0.351795 -0.000498 -0.000022 0.000007 -0.732717 -0.026843 -0.001003 0.020940 -0.540488 0.000003 -0.000007 0.000080 -0.000001 -0.000000 -0.621594 0.000005 0.000421 -0.373983 0.012777 0.000176 0.203631 -0.000004 0.000171 0.147827 -0.000320 0.154262 -0.166417 0.255738 0.000006 0.000001 0.138930 -0.149842 -0.000006 -0.063366 -0.115225 -0.000001 -0.572679 0.000118 -0.000013 -0.000105 0.000211 -0.190393 -0.726789 0.089465 0.000001 -0.350804 -0.000008 -0.000043 0.000009 0.000006 -0.000018 -0.000038 0.000009 0.000004 0.000023 0.000008 -0.348727 -0.207942 0.028849 -0.630236 0.495109 -0.082225 -0.497665 0.000001 0.000002 0.329519 0.135187 0.011669 0.000002 -0.448817 -0.068644 -0.114502 0.000034 0.455348 0.041362 -0.000005 -0.793656 0.000008 -0.000005 0.418215 -0.000050 0.464498 -0.000004 0.000678 -0.000005 0.000008 0.030359 0.000052 0.000114 0.000008 -0.091410 0.040226 -0.236246 0.000006 0.665284 -0.000004 -0.000017 0.000007 0.001113 -0.066764 0.003729 0.301550 0.000001 -0.783056 -0.000000 -0.000005 0.467204 -0.000002 0.342520 0.000004 -0.102148 0.034011 0.000007 -0.760613 0.042194 0.000036 0.000003 0.078644 -0.000005 -0.000002 -0.009514 0.777376 -0.000003 0.000026 0.000001 0.305238 0.288167 -0.000241 -0.226270 -0.001110 0.000008 0.000064 -0.000001 -0.382600 0.000000 -0.125084 -0.268016 0.010086 0.000002 -0.000334 -0.361925 -0.000098 -0.391873 0.391332 -0.710051 0.000288 -0.000029 -0.672672 0.031024 0.118131 0.000010 -0.000010
0.000085 -0.000000 0.000022 -0.000802 0.000216 -0.000013 -0.000054 -0.000006 -0.000000 -0.000002 -0.000000 -0.000010 -0.000117 0.000100 -0.000007 -0.000439 -0.000007 -0.000009 -0.000002 -0.000002 -0.000006 -0.000083 -0.000124 -0.000058 0.000023 0.000037 0.000005 0.000255 -0.000032 -0.000137 -0.000109 -0.000239 -0.000001 -0.000366 -0.000031 -0.000279 0.000275 -0.000216 0.000163 -0.000374 -0.000545 0.000261 -0.000009 -0.000001 -0.000005 -0.000233 -0.000006 -0.000431 -0.000056 -0.000081 -0.000009 -0.000008 -0.000224 0.000005 -0.000002 -0.000007 -0.000224 -0.000001 -0.000218 0.000182 -0.000005 -0.000002 0.000076 -0.000062 -0.000280 -0.000002 -0.000277 -0.000356 -0.000002 -0.000057 -0.000002 -0.000437 -0.000007 0.000046 -0.000157 -0.000046 -0.000258 -0.000185 -0.000002 -0.000003 -0.000243 -0.000207 0.000017 0.000126 -0.000313 0.000001 -0.000234 0.000152 -0.000004 0.000270 -0.000442 -0.000476 0.000000 -0.000007 -0.000428 0.000099 -0.000041 -0.000033 -0.000623 0.000029 -0.000230 -0.000008 0.000166 -0.000008 -0.000290 -0.000095 -0.000178 -0.000005 -0.000416 -0.000355 0.000114 -0.000151 -0.000858 -0.000003 -0.000009 -0.000009 0.000000 -0.000009 -0.000149 -0.000116 0.000180 -0.000365 0.000196 -0.000081 -0.000027 -0.000004 0.000038 -0.000024 -0.000347 -0.000758 -0.000598 -0.000178 -0.000002 -0.000000 -0.000194 -0.000141 -0.000005 -0.000227 0.000006 -0.000010 0.000046 0.000061 -0.000004 -0.000052 -0.000002 -0.000338 -0.000058 -0.001061 -0.000001 0.000395 -0.000026 -0.000006 -0.000001 0.000010 -0.000005 0.000096 -0.000007 -0.000044 -0.000010 -0.000003 -0.000049 -0.000158 0.000103 -0.000006 -0.000592 -0.000178 -0.000021 -0.000003 0.000008 -0.000136 -0.000194 0.000031 -0.000007 -0.000313 -0.000826 -0.000126 -0.000003 -0.000339 -0.001815 0.000004 -0.000321 0.000002 -0.000004 0.000019 0.000084 -0.000145 -0.000003 -0.000048 -0.000004 -0.000000 -0.000015 -0.000005 -0.000136 -0.000004 -0.000189 0.000227 -0.000146 -0.000009 -0.000327 0.000006 -0.000003 0.000008 0.000193 -0.000730 -0.000183 -0.000719 -0.000005 0.000121 0.000007 -0.000001 -0.000302 -0.000000 -0.000021 -0.000006 -0.000716 -0.000001 -0.000008 -0.000723 -0.000004 -0.000001 -0.000002 -0.000065 -0.000004 -0.000008 -0.000475 -0.000260 -0.000001 -0.000011 -0.000000 -0.000391 -0.000142 0.000390 -0.000164 -0.000064 -0.000006 -0.000009 -0.000022 0.000189 -0.000008 -0.000190 -0.000367 0.000072 -0.000005 -0.000109 -0.000001 0.000184 -0.000039 0.000095 -0.000626 -0.000176 -0.000075 0.000028 0.000020 0.000036 -0.000005 -0.000001
0.194515 -0.000005 0.129555 -0.006158 -0.123486 0.059487 -0.000028 -0.000004 -0.000003 -0.000002 -0.000006 -0.357927 0.089947 -0.000187 0.000003 -0.094263 -0.000004 -0.000022 -0.000007 -0.000008 -0.000002 -0.066438 0.000252 0.035362 0.007654 0.000079 -0.000008 0.000057 -0.000006 0.000065 0.025543 -0.010209 -0.000005 -0.016849 -0.000113 -0.007768 -0.032859 -0.053489 0.112067 -0.154159 0.052965 0.006901 0.000000 -0.000008 0.124783 -0.018561 0.000089 0.013336 0.000011 -0.021074 0.000008 -0.000004 -0.058992 -0.000002 -0.000003 0.000028 -0.019930 0.000009 0.041426 -0.019706 -0.000024 -0.000003 -0.038824 0.015516 0.036892 -0.000003 -0.071038 -0.099161 -0.000001 -0.000020 0.000099 -0.170278 -0.000008 0.001513 0.093991 0.131539 0.126514 -0.085872 -0.000006 -0.000022 0.011655 0.000223 -0.000042 -0.000015 -0.002591 -0.000002 -0.055888 -0.051149 -0.000010 -0.063286 -0.080652 -0.191637 0.000000 0.000000 -0.057550 -0.000112 0.000205 -0.067248 -0.039894 -0.000021 -0.122360 0.000009 -0.104993 -0.000001 -0.022830 0.000021 0.000412 -0.000003 -0.119414 0.017637 0.000167 -0.036151 -0.050959 0.000004 -0.000009 -0.000038 -0.000002 0.000001 0.025159 0.000089 0.000063 0.068842 -0.004722 0.000059 0.035155 -0.000003 -0.000079 -0.145643 -0.000354 -0.115517 -0.114131 0.054894 -0.000006 -0.000004 0.043267 -0.173937 0.000005 0.011352 -0.001976 -0.000004 -0.041410 -0.000147 -0.000001 -0.000027 -0.000010 -0.168591 -0.157934 0.000719 -0.000001 -0.041912 0.000096 -0.000055 -0.000031 -0.000009 0.000079 0.000019 -0.000001 -0.000009 0.000072 -0.000001 0.043953 0.107657 0.160782 0.065508 -0.120675 0.058251 0.140315 0.000001 -0.000007 -0.003108 -0.086484 0.023260 -0.000004 -0.149375 0.049552 -0.030822 -0.000034 0.024826 -0.330079 -0.000033 0.014273 0.000000 -0.000003 0.052578 -0.000026 -0.042442 -0.000007 0.000055 -0.000009 -0.000008 0.009765 0.000037 0.000104 -0.000002 -0.041327 0.011926 -0.008072 -0.000008 0.023479 -0.000004 -0.000020 0.000007 0.000315 -0.244906 0.015697 -0.154002 -0.000002 -0.030478 -0.000006 -0.000008 0.045131 -0.000002 0.048819 -0.000009 0.000602 0.034560 -0.000001 -0.021607 0.038280 0.000047 -0.000009 -0.085625 0.000001 -0.000001 0.043585 -0.006225 -0.000022 -0.000031 -0.000006 -0.037145 0.002129 -0.000022 0.013040 -0.079674 -0.000003 0.000029 -0.000004 -0.040941 -0.000007 0.018666 0.070036 -0.006334 -0.000002 -0.000107 0.093544 0.000043 0.050610 -0.086782 -0.050298 -0.000265 -0.000012 0.167899 0.043090 0.016765 0.000001 -0.000008
-0.114266 0.000012 -0.929701 0.022960 0.759276 0.673872 -0.000192 -0.000000 0.000016 0.000008 -0.000006 -1.085367 -0.410309 -0.002645 -0.000007 0.845573 -0.000004 0.000011 0.000013 -0.000011 0.000007 -0.229372 -0.001155 -0.356271 0.025763 0.000294 -0.000005 -0.000102 -0.000014 0.000409 -0.126716 0.009873 -0.000011 -0.421439 -0.000059 -0.252323 -0.460917 0.994811 -0.075123 -0.439300 0.182248 0.023935 -0.000005 0.000007 -0.324172 -1.158440 0.000022 -0.002316 0.000254 0.047473 0.000021 -0.000008 -0.451900 0.000006 -0.000007 0.000063 0.010624 0.000002 0.204966 0.083032 0.000042 -0.000021 -0.432434 -0.454378 -0.882289 0.000005 0.173392 0.000030 -0.000005 0.000120 0.000013 -1.047474 -0.000000 -0.002952 0.005921 -0.012103 -0.548032 -0.049417 -0.000001 0.000026 -0.176722 0.000477 0.000022 0.000034 -0.820404 0.000016 -0.014144 0.079761 0.000011 -0.353370 0.007671 0.365315 -0.000006 0.000001 0.339120 0.001945 -0.000203 0.672182 0.330767 0.000011 0.604278 0.000005 -1.131069 0.000041 0.334899 0.001177 -0.000121 -0.000009 0.032080 -0.004431 0.000918 -0.019331 -0.318575 0.000006 -0.000008 -0.000060 -0.000005 -0.000011 -0.840473 -0.000174 0.000017 -0.197716 0.001409 0.000015 0.013249 0.000008 0.000112 0.319031 -0.002690 0.457809 0.142718 -0.278278 -0.000008 -0.000003 0.405603 -0.373929 -0.000001 0.042125 -0.126975 0.000001 -0.145837 0.000171 -0.000015 -0.000051 -0.000007 0.711698 -0.107705 0.028258 -0.000008 -0.349837 -0.000074 0.000398 -0.000012 0.000005 0.000042 -0.000165 -0.000006 -0.000040 -0.000087 -0.000004 -0.099547 -0.416403 -0.598091 0.283077 -0.193929 0.150238 0.165668 -0.000006 0.000004 -0.817924 -0.166823 -0.002214 -0.000002 0.317913 -0.198621 0.127155 -0.000008 0.349169 -0.112733 0.000053 -0.962168 0.000005 0.000006 -0.369403 0.000046 -0.880185 0.000009 0.000082 -0.000001 -0.000001 0.035649 0.000013 -0.000466 0.000005 -0.610578 0.003782 -0.045440 0.000000 -0.276074 0.000003 -0.000009 -0.000015 0.000340 -0.482914 -0.025634 0.207338 -0.000003 0.141398 0.000006 0.000006 0.179414 0.000010 0.399958 0.000005 -0.105656 0.103720 0.000010 -0.511272 0.385013 0.000004 0.000009 -0.778017 -0.000001 0.000004 -0.249000 -0.223715 0.000061 -0.000016 0.000011 0.727389 0.053718 0.000143 -0.052632 -0.561072 -0.000068 -0.000021 -0.000011 0.420693 -0.000006 -0.473260 -0.206544 -0.121498 -0.000003 0.000143 0.350245 0.000192 -0.395582 0.221463 0.042566 0.004967 -0.000117 0.508029 -0.001618 -0.470311 -0.000006 0.000044
0.221642 -0.000005 0.907438 -0.004549 0.184896 0.236929 -0.000059 0.000002 -0.000002 0.000008 0.000000 -0.284092 -0.170552 0.000664 0.000009 0.061823 -0.000000 -0.000010 -0.000005 -0.000006 -0.000001 0.256342 0.001728 0.046974 0.828850 0.000182 -0.000005 -0.000004 -0.000020 -0.000004 -0.103297 -0.046308 -0.000003 0.024674 0.000862 -0.339199 0.315015 -0.119939 -0.176482 0.172079 -0.316102 0.019313 -0.000009 -0.000005 0.042873 0.172781 -0.000008 0.002716 -0.000226 -0.184660 -0.000013 -0.000003 0.798112 -0.000006 -0.000004 -0.000084 0.028720 -0.000005 -0.108229 0.110542 -0.000005 -0.000009 -0.204586 0.136710 -0.084348 -0.000003 -0.150589 0.051597 -0.000008 -0.000045 -0.000009 -0.441746 -0.000006 -0.004088 0.042279 -0.037670 -0.113697 -0.095788 -0.000007 -0.000007 -0.111661 -0.000010 -0.000003 -0.000009 0.123029 -0.000023 0.399768 0.141200 -0.000008 0.146190 -0.209186 -0.045164 -0.000008 0.000005 0.228941 0.000582 0.000050 0.547438 -0.106664 -0.000031 0.306015 -0.000003 -0.139602 0.000033 0.132993 0.002304 0.000034 -0.000008 -0.315225 0.022043 0.000202 -0.021828 -0.171075 -0.000008 -0.000024 -0.000067 -0.000006 -0.000006 -0.030922 -0.000021 0.000014 0.446574 0.003763 -0.000043 0.339138 -0.000006 0.000008 -0.409630 -0.000693 -0.190336 0.017242 0.812495 -0.000003 -0.000002 0.263611 -0.056300 0.000004 -0.010451 0.177136 -0.000006 0.287483 -0.000140 -0.000007 -0.000004 -0.000002 0.260200 -0.110667 0.169174 -0.000002 0.574035 -0.000053 -0.003079 -0.000000 -0.000010 -0.000020 0.000287 -0.000008 0.000024 -0.000018 -0.000005 0.456544 0.190853 0.282330 0.203367 -0.162819 0.239131 0.374219 0.000001 -0.000007 -0.289396 0.332606 -0.010867 -0.000003 0.223147 -0.074816 -0.085349 -0.000002 0.480454 -0.419447 0.000011 0.003483 0.000006 -0.000005 -0.068678 0.000099 0.153164 -0.000008 -0.000008 -0.000002 -0.000005 0.000466 -0.000009 0.000127 -0.000007 -0.240907 -0.006596 -0.324293 -0.000003 0.022182 -0.000007 -0.000009 -0.000006 -0.002601 0.017889 -0.010620 -0.238347 -0.000002 -0.328297 -0.000000 -0.000003 -0.078014 -0.000001 0.650365 -0.000001 0.332567 0.004302 -0.000022 -0.103732 0.317419 -0.000045 -0.000008 -0.159181 -0.000005 -0.000005 -0.062219 -0.436710 -0.000003 -0.000038 -0.000016 0.471578 -0.174241 -0.000041 0.768406 -0.110606 -0.000007 0.000003 -0.000005 -0.232333 -0.000007 -0.190553 0.446316 0.655027 -0.000001 -0.000065 0.304126 -0.000012 0.253213 0.007655 -0.149638 0.001654 0.000141 0.148133 -0.009514 0.186496 0.000009 0.000019
-0.000047 -0.000007 -0.000029 -0.000020 0.000085 0.000002 -0.000030 0.000005 -0.000000 -0.000008 -0.000009 -0.000211 0.000063 0.000050 -0.000006 -0.000028 0.000007 -0.000022 -0.000005 0.000002 -0.000003 -0.000265 -0.000111 -0.000005 -0.000074 0.000090 -0.000008 0.000024 -0.000003 0.000042 -0.000056 -0.000012 0.000004 -0.000157 0.000044 -0.000043 -0.000054 -0.000007 0.000001 -0.000047 -0.000014 0.000041 0.000010 -0.000008 -0.000219 -0.000145 0.000018 -0.000031 -0.000029 -0.000097 -0.000003 0.000000 -0.000087 0.000005 -0.000008 -0.000016 -0.000105 -0.000011 -0.000225 0.000060 -0.000007 -0.000003 0.000049 -0.000022 -0.000165 -0.000002 -0.000100 -0.000023 -0.000008 -0.000031 -0.000011 -0.000131 0.000003 -0.000101 -0.000036 -0.000003 -0.000052 -0.000169 0.000003 0.000003 -0.000121 -0.000128 -0.000034 -0.000002 0.000121 -0.000004 0.000049 -0.000150 0.000000 -0.000075 -0.000103 -0.000204 -0.000009 -0.000002 -0.000201 -0.000051 0.000067 0.000075 -0.000122 -0.000008 0.000053 0.000006 0.000058 -0.000014 -0.000084 -0.000037 0.000066 -0.000000 -0.000221 0.000063 0.000050 -0.000203 -0.000038 -0.000005 0.000006 -0.000034 -0.000008 0.000005 -0.000085 0.000084 -0.000001 -0.000190 -0.000148 -0.000014 -0.000046 -0.000016 0.000072 -0.000193 0.000194 -0.000112 -0.000124 -0.000004 0.000010 -0.000003 -0.000019 -0.000046 -0.000001 -0.000125 -0.000089 -0.000008 -0.000152 -0.000026 0.000005 0.000013 -0.000006 -0.000061 -0.000125 0.000036 -0.000002 0.000052 0.000016 -0.000268 -0.000003 0.000009 -0.000000 0.000126 -0.000004 -0.000034 0.000014 -0.000009 -0.000015 -0.000197 0.000002 -0.000007 -0.000143 -0.000005 -0.000065 0.000001 -0.000003 -0.000066 0.000065 0.000142 0.000005 -0.000008 -0.000234 -0.000013 -0.000007 -0.000086 -0.000257 0.000002 -0.000194 0.000009 -0.000001 -0.000031 0.000020 -0.000001 0.000001 -0.000003 0.000001 0.000008 0.000029 0.000032 0.000012 0.000007 -0.000063 -0.000009 -0.000130 0.000003 -0.000015 -0.000000 0.000000 0.000016 0.000003 -0.000085 0.000067 -0.000291 0.000004 -0.000091 0.000005 -0.000005 -0.000041 -0.000004 -0.000139 0.000001 0.000008 0.000069 0.000025 -0.000105 -0.000005 0.000055 -0.000001 -0.000152 0.000000 0.000009 0.000021 -0.000223 -0.000008 -0.000021 -0.000005 -0.000183 -0.000002 -0.000011 -0.000010 -0.000106 -0.000016 -0.000007 0.000001 -0.000040 -0.000002 -0.000003 -0.000056 -0.000020 -0.000008 -0.000024 0.000045 -0.000013 -0.000127 -0.000054 -0.000017 0.000046 -0.000021 0.000026 -0.000010 -0.000136 0.000006 0.000000
-0.222196 -0.000004 -0.008280 0.034184 -0.029065 -0.090717 -0.000039 0.000009 -0.000012 -0.000007 0.000007 -0.227161 -0.095471 0.000915 -0.000007 0.074434 0.000004 -0.000022 0.000000 0.000003 -0.000000 -0.125839 0.002082 0.095215 0.069740 -0.000099 0.000004 0.000044 0.000001 -0.000128 0.050293 0.022973 -0.000001 0.211932 0.000174 -0.022248 0.048975 -0.169783 -0.055119 -0.035307 -0.184898 -0.018668 0.000005 -0.000003 0.123059 -0.190531 0.000006 0.015748 -0.000170 -0.013212 -0.000012 0.000003 0.201752 0.000006 0.000004 -0.000016 -0.000566 -0.000016 0.119414 -0.025471 -0.000009 0.000002 -0.103235 0.170832 0.054190 0.000006 -0.138787 -0.078228 0.000007 0.000078 0.000003 0.126637 0.000016 0.001026 -0.052664 0.079962 0.243209 0.010762 -0.000004 -0.000008 0.147133 0.000169 0.000009 0.000024 -0.030144 -0.000002 -0.044256 0.000662 -0.000022 -0.174991 -0.199783 -0.036600 -0.000001 -0.000005 0.043576 0.002315 0.000011 0.122261 -0.030539 0.000011 -0.161254 -0.000006 -0.147039 -0.000003 0.067842 0.001563 0.000266 0.000003 -0.158859 -0.003422 0.001378 0.027564 -0.069890 -0.000002 -0.000005 0.000044 0.000008 -0.000004 -0.019508 0.000152 0.000013 -0.039852 0.006926 0.000002 -0.020767 -0.000002 0.000039 -0.194099 -0.000057 -0.312211 0.032643 -0.063381 0.000004 0.000002 0.050300 -0.095342 0.000000 0.049618 -0.003253 -0.000004 0.338494 -0.000034 -0.000004 -0.000070 -0.000001 0.083756 -0.004575 0.155571 0.000002 0.051402 -0.000120 0.000321 0.000001 -0.000002 -0.000017 -0.000052 0.000002 0.000025 0.000021 0.000009 0.068563 0.067745 -0.080049 -0.089159 -0.196575 0.236581 -0.043193 0.000003 -0.000003 0.062497 0.199718 0.026746 -0.000003 -0.051718 0.111283 0.145539 0.000002 -0.123352 -0.518408 0.000202 0.145364 -0.000001 -0.000000 -0.190217 -0.000001 -0.047339 0.000007 -0.000620 0.000004 0.000003 0.004130 -0.000001 -0.000021 0.000010 -0.008500 -0.008027 0.074750 0.000001 -0.033275 0.000003 -0.000024 0.000003 0.003063 -0.252976 0.010179 -0.034742 0.000008 -0.013164 0.000004 -0.000001 -0.012647 -0.000000 0.054108 0.000001 0.135342 0.000688 0.000001 0.002897 -0.001694 -0.000004 0.000004 -0.001174 -0.000004 0.000001 0.060079 -0.001607 -0.000013 -0.000028 -0.000006 0.007920 0.131373 0.000082 0.338069 0.003847 0.000012 0.000009 -0.000006 -0.008243 0.000002 -0.148344 0.085561 0.186482 0.000008 -0.000147 0.261355 -0.000019 -0.006091 -0.084902 -0.115151 0.001274 0.000048 -0.186860 0.005819 0.101353 0.000004 -0.000000
-0.000039 -0.000024 -0.000027 0.000021 -0.000076 0.000027 -0.000060 0.000007 0.000002 -0.000001 0.000008 -0.000321 -0.000094 -0.000158 -0.000005 -0.000133 -0.000001 0.000006 -0.000003 0.000000 0.000006 0.000044 -0.000114 0.000062 -0.000181 -0.000083 -0.000001 -0.000023 -0.000007 -0.000082 0.000107 0.000057 0.000008 -0.000133 0.000170 0.000001 0.000271 0.000033 0.000053 -0.000123 -0.000169 -0.000180 0.000005 0.000007 0.000037 -0.000231 0.000002 -0.000002 0.000023 0.000016 0.000000 0.000002 -0.000034 0.000000 -0.000000 0.000005 -0.000302 -0.000006 -0.000223 0.000237 0.000002 0.000003 0.000100 0.000089 0.000151 0.000000 -0.000174 -0.000353 -0.000002 0.000031 0.000002 -0.000324 -0.000007 0.000021 -0.000354 -0.000123 -0.000130 -0.000229 0.000010 0.000009 -0.000015 -0.000101 0.000004 -0.000002 -0.000445 -0.000004 -0.000057 -0.000020 0.000005 -0.000106 -0.000207 -0.000611 -0.000000 0.000007 -0.000215 -0.000081 0.000008 -0.000088 -0.000170 0.000003 0.000151 0.000014 -0.000235 0.000021 -0.000053 0.000109 0.000076 0.000002 -0.000080 -0.000031 0.000096 -0.000106 -0.000286 0.000005 0.000003 -0.000043 -0.000008 0.000008 -0.000302 -0.000047 0.000010 -0.000358 -0.000157 -0.000007 0.000005 0.000003 0.000033 -0.000344 -0.000342 -0.000085 -0.000211 -0.000036 0.000002 0.000009 -0.000117 -0.000174 -0.000004 0.000305 0.000126 0.000006 -0.000335 0.000423 -0.000005 -0.000014 -0.000004 -0.000079 -0.000583 0.000142 0.000005 -0.000008 0.000141 -0.000044 0.000002 -0.000004 -0.000014 0.000284 0.000002 0.000007 0.000007 0.000003 -0.000363 -0.000146 0.000005 0.000064 -0.000201 -0.000011 -0.000117 0.000009 0.000000 -0.000282 0.000104 -0.000038 0.000033 0.000274 -0.000451 0.000215 -0.000001 0.000066 -0.000625 0.000101 -0.000206 0.000008 0.000001 -0.000137 -0.000027 0.000046 0.000003 -0.000091 -0.000001 -0.000006 0.000023 -0.000007 -0.000172 -0.000002 -0.000481 -0.000002 -0.000490 0.000001 -0.000233 -0.000001 -0.000007 -0.000005 -0.000021 -0.000111 -0.000135 -0.000433 0.000009 -0.000093 0.000008 0.000003 0.000027 -0.000005 -0.000144 0.000006 0.000053 0.000105 0.000006 0.000059 -0.000027 -0.000002 -0.000005 -0.000185 -0.000001 -0.000009 -0.000188 -0.000379 -0.000004 -0.000026 0.000004 -0.000048 -0.000076 0.000022 0.000072 -0.000015 -0.000003 0.000001 0.000000 -0.000041 0.000005 0.000179 -0.000246 -0.000074 0.000003 -0.000091 -0.000504 -0.000003 0.000014 -0.000051 -0.000214 -0.000001 0.000009 0.000065 -0.000018 0.000202 -0.000000 0.000017
0.000036 -0.000018 -0.000005 -0.000125 -0.000125 0.000024 -0.000016 -0.000000 0.000001 0.000006 -0.000004 -0.000071 -0.000074 -0.000093 0.000004 -0.000011 0.000002 0.000003 0.000003 0.000008 0.000001 0.000015 -0.000037 0.000008 0.000047 0.000045 0.000004 0.000024 -0.000010 -0.000002 -0.000053 -0.000022 0.000006 -0.000081 -0.000048 -0.000019 -0.000001 -0.000061 -0.000081 0.000091 -0.000164 0.000011 -0.000008 -0.000004 0.000050 -0.000010 0.000003 0.000037 -0.000030 0.000025 -0.000010 0.000003 -0.000058 -0.000007 -0.000002 0.000016 0.000059 -0.000008 -0.000047 -0.000007 0.000001 0.000010 -0.000067 -0.000018 -0.000088 0.000005 -0.000086 0.000010 0.000004 0.000059 0.000002 -0.000048 0.000002 -0.000058 -0.000030 -0.000018 -0.000021 0.000006 0.000011 0.000002 -0.000139 -0.000002 0.000028 0.000024 0.000016 -0.000026 -0.000029 -0.000019 0.000007 -0.000127 -0.000058 -0.000158 0.000006 -0.000002 -0.000000 -0.000016 0.000002 -0.000045 -0.000080 -0.000012 -0.000109 -0.000006 -0.000014 0.000006 -0.000050 -0.000058 0.000084 -0.000007 -0.000186 0.000036 -0.000110 -0.000026 -0.000186 0.000004 -0.000004 0.000006 0.000003 -0.000001 -0.000032 -0.000058 -0.000003 0.000006 0.000001 0.000039 -0.000027 0.000009 -0.000021 -0.000078 0.000071 -0.000115 -0.000155 -0.000029 0.000007 0.000002 0.000022 -0.000166 -0.000001 0.000046 0.000008 -0.000005 0.000037 -0.000111 -0.000021 -0.000027 -0.000007 -0.000025 -0.000078 0.000060 0.000009 -0.000011 0.000019 -0.000126 -0.000006 -0.000009 0.000044 -0.000080 0.000009 -0.000002 0.000054 0.000001 0.000011 -0.000068 0.000017 -0.000076 -0.000083 -0.000058 0.000104 -0.000007 0.000003 -0.000034 0.000029 0.000034 -0.000023 -0.000044 -0.000082 -0.000039 0.000010 -0.000020 -0.000155 -0.000022 -0.000073 0.000002 -0.000001 0.000025 -0.000008 0.000001 0.000001 -0.000051 0.000008 -0.000002 -0.000014 -0.000018 0.000013 -0.000000 -0.000057 -0.000053 -0.000011 -0.000002 -0.000088 0.000001 0.000002 0.000009 0.000010 -0.000062 0.000006 -0.000121 0.000006 -0.000035 0.000002 0.000009 0.000046 0.000007 0.000022 -0.000007 -0.000065 0.000013 -0.000006 -0.000058 -0.000041 0.000024 -0.000001 -0.000053 0.000004 -0.000007 -0.000019 -0.000019 -0.000001 -0.000024 -0.000003 -0.000018 -0.000032 -0.000031 -0.000005 -0.000034 0.000013 0.000047 0.000001 0.000044 -0.000003 -0.000067 0.000011 0.000034 0.000008 0.000002 -0.000177 -0.000018 -0.000074 0.000008 0.000024 0.000029 -0.000042 0.000113 -0.000002 -0.000032 -0.000003 -0.000005
-0.000102 -0.000002 0.000014 -0.000021 -0.000078 -0.000038 0.000046 -0.000006 -0.000005 -0.000005 0.000004 -0.000081 -0.000091 -0.000078 0.000007 -0.000088 0.000003 -0.000053 0.000008 0.000009 0.000006 -0.000021 -0.000073 -0.000047 0.000044 0.000017 -0.000000 0.000008 -0.000012 -0.000002 0.000072 -0.000096 -0.000005 -0.000015 -0.000023 -0.000123 0.000076 -0.000066 -0.000108 -0.000011 -0.000104 0.000011 -0.000009 -0.000005 -0.000089 -0.000179 0.000011 -0.000006 -0.000025 0.000001 -0.000012 0.000006 -0.000105 -0.000004 0.000003 -0.000038 -0.000039 -0.000009 -0.000163 -0.000011 -0.000050 -0.000001 -0.000033 -0.000103 -0.000121 -0.000000 -0.000017 -0.000147 0.000002 0.000006 -0.000010 -0.000061 0.000002 0.000074 -0.000071 -0.000053 0.000034 -0.000003 -0.000001 -0.000028 -0.000057 0.000004 0.000001 -0.000003 -0.000124 -0.000005 -0.000049 -0.000067 -0.000018 -0.000198 -0.000160 -0.000212 0.000005 -0.000001 -0.000018 -0.000011 0.000017 -0.000037 0.000010 0.000021 -0.000115 0.000013 -0.000010 -0.000029 -0.000042 -0.000016 0.000047 -0.000000 -0.000055 0.000077 -0.000063 -0.000083 -0.000068 -0.000003 0.000017 0.000009 0.000009 -0.000001 -0.000121 -0.000009 0.000008 -0.000123 0.000001 -0.000007 -0.000073 0.000005 -0.000024 -0.000035 0.000014 -0.000138 0.000012 -0.000041 0.000010 0.000004 -0.000059 -0.000017 -0.000006 0.000034 0.000041 -0.000000 -0.000048 0.000075 -0.000004 0.000020 -0.000002 0.000017 -0.000093 -0.000011 0.000006 0.000018 -0.000103 -0.000003 0.000001 -0.000007 0.000003 -0.000046 0.000000 0.000015 -0.000037 0.000000 0.000025 0.000020 -0.000046 0.000005 -0.000126 -0.000070 -0.000057 -0.000009 0.000001 -0.000112 -0.000028 -0.000042 -0.000024 -0.000002 -0.000124 -0.000055 0.000052 0.000047 -0.000081 -0.000007 -0.000001 -0.000005 0.000009 -0.000027 0.000019 -0.000109 0.000007 -0.000040 -0.000002 0.000004 -0.000027 0.000009 -0.000027 -0.000001 -0.000189 -0.000024 -0.000014 -0.000005 -0.000077 -0.000000 -0.000041 -0.000001 0.000006 -0.000097 0.000040 -0.000060 -0.000005 0.000001 0.000007 -0.000004 -0.000000 0.000010 0.000030 0.000005 0.000016 -0.000027 -0.000007 0.000023 0.000019 -0.000042 -0.000002 0.000005 -0.000005 0.000005 0.000067 -0.000076 -0.000007 0.000030 -0.000012 -0.000028 0.000019 -0.000014 -0.000006 0.000021 0.000007 -0.000006 -0.000009 -0.000064 -0.000006 -0.000076 -0.000120 -0.000097 0.000007 -0.000062 -0.000053 0.000008 -0.000046 0.000051 -0.000049 -0.000004 -0.000022 0.000023 -0.000039 -0.000050 -0.000004 -0.000005
-0.067076 -0.000002 -0.018514 0.000717 -0.274795 -0.076841 0.000019 0.000005 0.000004 0.000005 0.000005 -0.026876 -0.366596 0.000676 0.000006 0.028956 0.000010 -0.000014 -0.000009 0.000001 -0.000000 0.220653 0.000821 -0.193459 -0.012180 0.000028 0.000006 0.000006 0.000000 0.000017 0.055932 0.000428 0.000010 0.030138 -0.000076 0.098875 0.353830 0.232724 -0.057792 -0.013357 -0.202557 0.005983 -0.000003 -0.000019 0.370446 -0.196446 0.000005 0.011549 -0.000032 0.028019 0.000052 0.000001 -0.059259 -0.000001 -0.000002 0.000000 -0.020336 -0.000007 -0.079318 -0.006463 -0.000014 -0.000000 0.077534 0.231793 -0.376323 0.000008 -0.107612 -0.123282 0.000002 -0.000080 0.000013 -0.108353 -0.000002 0.000225 0.139875 -0.092022 -0.038473 -0.105457 -0.000006 0.000026 0.462405 -0.000002 0.000002 -0.000028 -0.228971 0.000009 0.056616 0.345247 -0.000031 -0.032219 -0.268405 -0.103376 0.000009 -0.000002 -0.061175 0.001609 0.000000 -0.045829 0.136832 -0.000020 -0.225146 0.000019 -0.176606 -0.000013 -0.012643 0.002047 -0.000055 -0.000003 -0.133784 -0.022407 -0.000546 -0.015223 -0.017436 0.000005 -0.000000 -0.000010 0.000002 0.000003 -0.446632 -0.000067 0.000033 -0.011614 -0.003070 -0.000006 -0.036986 -0.000001 -0.000005 -0.244677 -0.000354 -0.289317 0.114536 0.235334 -0.000002 0.000003 0.654913 0.064142 -0.000002 0.017844 0.066321 0.000003 0.177034 -0.000084 0.000035 -0.000006 0.000014 -0.098229 0.003080 -0.061104 -0.000001 -0.009954 0.000071 -0.000073 0.000012 0.000002 0.000002 -0.000099 -0.000005 -0.000015 -0.000019 0.000004 0.079125 0.096815 -0.032117 0.074736 0.052818 -0.003098 0.086899 -0.000006 -0.000005 -0.190175 0.147917 -0.009762 0.000002 -0.004812 -0.087486 -0.062868 0.000002 -0.026650 -0.561697 -0.000018 -0.002385 0.000001 0.000003 -0.176580 -0.000032 -0.209306 0.000008 0.000120 -0.000009 0.000000 -0.003996 -0.000017 0.000135 0.000009 -0.224674 0.002914 -0.081497 0.000003 0.288997 0.000006 0.000033 0.000016 -0.000143 -0.352586 -0.003130 -0.262018 0.000005 0.150063 -0.000003 0.000005 -0.404606 -0.000001 -0.044748 -0.000003 0.140600 0.000121 0.000002 -0.183632 0.001127 -0.000023 -0.000003 -0.020941 0.000005 0.000009 0.268225 0.124020 -0.000004 0.000002 0.000001 -0.130716 0.168651 0.000146 0.036763 -0.114549 -0.000006 0.000005 -0.000004 -0.282571 0.000005 -0.181969 0.163549 0.070607 0.000004 -0.000022 -0.221738 -0.000105 -0.060341 0.221667 -0.089006 -0.002086 0.000007 -0.147184 0.000133 -0.031498 0.000002 0.000013
0.000002 0.000009 -0.000015 -0.000031 -0.000024 -0.000032 0.000067 0.000004 -0.000001 0.000006 -0.000007 0.000049 -0.000010 -0.000062 -0.000002 -0.000062 -0.000003 -0.000010 -0.000036 -0.000007 0.000003 0.000003 -0.000034 0.000021 -0.000022 -0.000023 -0.000006 -0.000007 -0.000022 -0.000030 -0.000067 -0.000044 0.000008 -0.000120 -0.000053 -0.000097 0.000036 -0.000067 -0.000068 -0.000035 -0.000005 -0.000012 -0.000001 -0.000000 -0.000079 -0.000017 0.000039 -0.000011 -0.000009 0.000011 0.000011 -0.000001 -0.000014 -0.000001 0.000000 -0.000022 0.000055 0.000002 -0.000007 -0.000018 -0.000007 0.000013 -0.000065 -0.000036 -0.000050 -0.000003 -0.000051 -0.000001 -0.000008 -0.000040 -0.000019 -0.000016 0.000002 -0.000043 0.000019 0.000029 -0.000050 -0.000031 -0.000005 -0.000000 -0.000026 0.000001 -0.000006 -0.000040 -0.000036 -0.000012 -0.000027 -0.000010 -0.000014 0.000010 -0.000166 -0.000052 -0.000007 0.000010 -0.000023 -0.000035 -0.000018 -0.000011 -0.000032 -0.000014 -0.000028 0.000037 -0.000023 0.000019 -0.000043 -0.000051 -0.000000 -0.000002 -0.000025 -0.000038 -0.000090 -0.000060 -0.000108 -0.000003 0.000004 -0.000059 0.000007 -0.000007 0.000022 -0.000041 -0.000024 -0.000042 0.000008 0.000012 -0.000001 0.000003 -0.000021 -0.000064 -0.000047 -0.000078 -0.000049 0.000014 -0.000008 -0.000006 0.000072 -0.000149 0.000006 0.000053 -0.000016 -0.000005 -0.000042 0.000024 -0.000007 0.000020 -0.000006 0.000109 -0.000041 0.000033 -0.000008 0.000015 0.000035 -0.000042 0.000058 -0.000007 -0.000003 -0.000044 -0.000001 0.000006 -0.000011 0.000000 -0.000029 -0.000090 -0.000034 -0.000012 -0.000104 -0.000022 -0.000116 -0.000000 -0.000001 -0.000015 -0.000005 -0.000005 -0.000025 -0.000034 -0.000081 -0.000037 -0.000002 -0.000001 -0.000123 -0.000042 -0.000115 0.000002 -0.000003 -0.000052 -0.000027 -0.000072 -0.000007 -0.000068 0.000017 -0.000006 -0.000012 -0.000001 -0.000053 -0.000004 -0.000005 -0.000001 -0.000015 0.000005 -0.000129 -0.000006 -0.000018 0.000005 -0.000022 0.000006 0.000072 -0.000049 -0.000007 -0.000020 -0.000002 -0.000004 -0.000001 -0.000007 -0.000082 -0.000001 -0.000016 0.000019 0.000000 -0.000066 -0.000008 -0.000002 0.000008 -0.000092 0.000003 -0.000002 -0.000064 -0.000043 -0.000009 0.000068 -0.000008 -0.000020 -0.000073 -0.000003 0.000002 0.000031 -0.000002 0.000004 -0.000034 -0.000097 -0.000003 -0.000004 -0.000086 -0.000007 0.000006 0.000029 -0.000113 -0.000028 -0.000011 -0.000054 -0.000036 -0.000043 -0.000031 -0.000043 0.000008 -0.000061 -0.000005 -0.000012
-0.000497 0.000004 -0.000000 0.000145 -0.000215 0.000023 -0.000017 -0.000001 0.000005 -0.000007 -0.000001 -0.000238 -0.000095 -0.000079 -0.000008 -0.000261 0.000002 0.000018 -0.000001 0.000006 0.000002 0.000095 -0.000082 -0.000038 0.000109 0.000040 -0.000012 0.000004 0.000006 0.000034 0.000093 0.000026 0.000003 -0.000090 0.000144 -0.000132 0.000019 0.000109 -0.000231 -0.000133 -0.000200 -0.000124 -0.000005 -0.000002 -0.000225 -0.000136 -0.000003 -0.000012 -0.000062 -0.000157 0.000002 0.000001 -0.000063 -0.000004 -0.000002 -0.000013 -0.000095 -0.000001 -0.000266 -0.000009 0.000010 -0.000016 -0.000198 0.000162 -0.000134 0.000004 -0.000405 -0.000092 0.000003 0.000096 0.000018 -0.000157 0.000004 -0.000040 -0.000043 -0.000007 0.000030 -0.000155 0.000012 0.000031 -0.000048 0.000093 0.000010 -0.000026 -0.000005 0.000016 -0.000059 0.000037 -0.000007 -0.000220 -0.000045 -0.000175 -0.000002 0.000000 -0.000098 -0.000092 0.000115 -0.000151 -0.000118 -0.000020 -0.000014 0.000024 0.000082 -0.000009 0.000064 0.000029 -0.000021 -0.000001 -0.000411 -0.000140 -0.000173 -0.000034 -0.000055 0.000008 -0.000011 0.000022 0.000002 -0.000001 -0.000446 -0.000112 -0.000009 -0.000283 0.000127 0.000015 0.000021 0.000004 -0.000021 -0.000192 -0.000082 -0.000172 -0.000321 -0.000071 0.000007 0.000001 0.000070 -0.000262 0.000009 0.000044 0.000105 -0.000002 -0.000422 -0.000030 -0.000022 0.000001 0.000000 -0.000234 -0.000199 0.000248 -0.000005 0.000029 0.000014 -0.000104 -0.000011 0.000009 -0.000015 -0.000060 0.000008 -0.000034 -0.000062 0.000003 -0.000017 -0.000065 -0.000272 0.000026 -0.000172 -0.000079 -0.000074 -0.000008 -0.000009 -0.000115 0.000002 -0.000161 -0.000044 -0.000148 -0.000337 -0.000010 -0.000037 -0.000048 -0.000451 -0.000011 -0.000106 -0.000009 -0.000001 0.000050 0.000040 -0.000279 -0.000005 0.000017 0.000004 0.000004 0.000082 0.000031 0.000037 0.000002 -0.000180 0.000028 -0.000391 -0.000009 -0.000336 -0.000010 -0.000014 -0.000011 -0.000023 -0.000299 -0.000097 -0.000270 0.000010 -0.000083 -0.000001 0.000003 -0.000375 -0.000000 -0.000295 -0.000008 -0.000269 -0.000094 0.000005 -0.000056 -0.000191 0.000010 0.000010 -0.000042 0.000012 0.000006 0.000056 0.000018 0.000003 -0.000037 0.000005 -0.000157 -0.000103 0.000055 0.000074 -0.000083 -0.000009 0.000026 -0.000016 -0.000333 0.000005 -0.000032 0.000087 -0.000037 -0.000006 0.000049 0.000080 -0.000038 0.000184 -0.000085 -0.000070 -0.000160 -0.000004 0.000013 0.000159 -0.000133 -0.000008 0.000001
0.165090 0.000025 0.329658 0.056571 -0.284891 0.318901 -0.000004 -0.000004 0.000002 0.000006 0.000002 0.306402 -0.330740 -0.001254 -0.000002 -0.108606 0.000012 -0.000012 0.000009 0.000009 0.000006 0.431578 0.000202 0.226485 0.182715 0.000569 0.000007 0.000021 0.000002 -0.000086 0.662215 0.021973 -0.000004 0.229362 -0.000112 0.256412 0.006488 -0.257310 -0.197159 -0.228514 -0.315658 -0.006621 0.000004 0.000007 -0.114443 0.217343 -0.000004 0.000969 0.000027 -0.050977 0.000008 0.000004 0.087732 0.000009 0.000008 0.000007 0.014575 -0.000012 -0.097893 0.251141 0.000002 -0.000000 -0.307616 -0.045204 -0.022353 0.000010 -0.188444 0.020446 -0.000007 -0.000146 -0.000008 -0.073215 -0.000009 0.000428 -0.035471 -0.102299 -0.246155 0.152318 0.000005 0.000007 -0.039842 -0.000069 -0.000004 -0.000008 -0.077797 0.000001 -0.084318 0.281000 0.000024 0.101063 0.331619 0.099882 -0.000002 0.000005 0.251839 -0.000313 -0.000057 -0.124393 -0.066451 -0.000036 0.025878 -0.000003 0.057881 -0.000041 -0.231735 -0.000088 -0.000047 -0.000001 0.137579 0.007084 -0.001188 -0.004761 -0.063950 0.000009 -0.000015 -0.000028 -0.000001 -0.000008 0.133849 -0.000131 -0.000324 -0.204551 0.005453 0.000052 0.843796 -0.000000 0.000090 -0.274581 -0.000769 0.091363 0.047146 -0.091667 0.000007 0.000004 0.042963 -0.110074 -0.000003 0.070100 0.231465 -0.000000 0.651381 -0.000105 -0.000009 -0.000020 0.000012 -0.294138 0.514147 0.180177 0.000003 0.527057 0.000046 -0.000054 0.000012 0.000003 0.000001 0.000061 0.000002 -0.000001 0.000054 0.000004 0.348359 -0.212924 0.212337 0.086261 -0.157044 -0.205104 -0.129231 -0.000000 -0.000001 0.006715 -0.123517 -0.000024 -0.000003 0.119649 0.094243 0.220291 0.000003 0.587152 -0.340947 -0.000001 -0.178767 -0.000006 0.000004 -0.422848 0.000012 -0.016597 0.000003 -0.000339 0.000021 0.000000 -0.002138 -0.000010 0.000459 -0.000001 0.034645 0.007097 0.170571 -0.000006 0.093665 0.000000 -0.000043 0.000006 0.001497 -0.033320 0.025545 -0.214463 0.000001 -0.235149 0.000003 0.000007 0.402865 0.000005 -0.002509 0.000007 0.246989 0.069971 -0.000005 0.036115 0.201882 0.000052 -0.000002 -0.151527 -0.000000 0.000004 0.425663 0.320586 -0.000010 -0.000039 0.000004 0.300330 0.130182 -0.000039 0.224280 0.199377 0.000018 0.000025 0.000001 0.126771 0.000004 -0.200075 -0.171187 1.025607 0.000007 -0.000133 -0.426770 -0.000125 0.281141 0.019348 0.069704 -0.000316 -0.000033 -0.141386 0.007705 -0.194382 0.000003 -0.000006
-0.245384 -0.000002 0.344266 -0.059090 -0.119190 -0.170246 -0.000034 -0.000007 0.000004 -0.000003 -0.000001 -0.335261 0.232803 0.000883 -0.000003 -0.053394 -0.000006 0.000005 -0.000004 0.000000 -0.000001 -0.149900 0.001166 -0.087649 0.011778 0.000002 -0.000002 -0.000008 -0.000008 0.000108 0.097285 -0.004631 0.000001 0.300039 0.000210 -0.107782 0.334207 -0.101659 0.352176 -0.032705 -0.351947 0.000068 -0.000004 -0.000006 -0.124672 -0.144920 -0.000009 0.000408 -0.000022 -0.364693 -0.000007 0.000000 0.133850 -0.000006 -0.000006 0.000035 -0.006056 -0.000000 -0.126407 0.071997 -0.000001 -0.000007 0.539332 0.116166 -0.318358 -0.000008 -0.283896 -0.022719 -0.000000 0.000120 0.000004 -0.332661 0.000005 0.004746 0.463133 -0.071295 -0.053170 0.022207 -0.000009 -0.000001 0.129288 0.000040 0.000029 -0.000010 0.186111 -0.000004 -0.071940 0.066691 -0.000005 -0.043461 -0.036516 0.211144 -0.000001 0.000004 -0.118731 -0.000385 0.000029 0.109592 -0.126140 0.000062 0.105697 -0.000009 -0.138216 -0.000024 -0.068368 0.000383 0.000031 -0.000009 0.078651 -0.004556 -0.000006 0.005970 -0.286011 0.000002 -0.000010 -0.000055 -0.000006 0.000000 -0.082217 -0.000043 -0.000009 -0.058080 0.017767 0.000059 0.102841 0.000001 0.000102 -0.498935 -0.003199 -0.148329 -0.132297 0.199601 -0.000004 -0.000008 0.304406 -0.113674 0.000002 -0.000043 0.117902 -0.000003 -0.014760 0.000011 -0.000006 -0.000068 -0.000018 0.017137 -0.214764 0.196406 -0.000002 -0.076545 0.000123 -0.000070 -0.000005 -0.000005 0.000157 0.000063 -0.000001 0.000095 0.000029 -0.000001 0.040901 -0.038078 0.057762 -0.234542 -0.100419 -0.089288 0.016751 -0.000008 -0.000009 0.241896 -0.156398 0.000694 -0.000033 -0.068948 -0.253252 0.495752 -0.000009 0.221422 -0.661839 -0.000006 -0.149837 0.000003 0.000005 -0.319453 -0.000018 -0.049348 -0.000005 0.000180 -0.000003 -0.000002 -0.007892 -0.000002 0.000161 -0.000009 -0.126279 0.042116 -0.034236 0.000004 0.074778 -0.000001 0.000031 -0.000026 0.000697 -0.201195 0.000112 -0.274368 -0.000007 0.104034 -0.000008 -0.000006 -0.056137 -0.000005 -0.061246 -0.000009 0.355998 0.000472 -0.000003 0.026607 0.151730 -0.000002 0.000001 -0.072335 -0.000009 -0.000002 -0.070619 -0.066657 -0.000007 -0.000027 -0.000005 0.049260 0.125672 0.000042 0.495251 0.312992 -0.000006 0.000028 -0.000004 -0.076906 -0.000007 0.405392 -0.178304 0.166687 0.000004 0.000091 -0.245520 0.000044 -0.159555 0.087037 0.174944 0.001094 0.000133 -0.091846 -0.011644 -0.386106 -0.000003 0.000041
-0.345165 -0.000001 0.401498 -0.050461 -0.015719 0.065727 -0.000019 0.000006 -0.000005 -0.000002 0.000005 -0.256710 -0.097059 -0.003209 -0.000002 -0.006069 0.000003 0.000008 -0.000014 0.000005 -0.000008 0.087777 -0.000156 0.053965 0.293752 0.000150 0.000011 0.000083 -0.000013 -0.000017 -0.088945 -0.011022 0.000008 0.149479 0.000361 0.410843 0.148330 -0.118648 -0.203333 0.079702 -0.243928 -0.008785 0.000005 0.000003 -0.029184 0.018477 0.000001 0.025969 0.000546 0.246001 -0.000028 0.000004 0.168561 0.000002 0.000006 -0.000020 0.011187 -0.000007 -0.025109 -0.034601 -0.000012 0.000002 -0.282263 -0.049032 -0.165733 -0.000010 -0.141768 -0.274335 -0.000001 0.000037 -0.000007 -0.015874 0.000006 0.001326 0.283547 0.070364 -0.113265 -0.081004 0.000005 -0.000065 0.043772 -0.000111 -0.000056 0.000040 0.080692 0.000004 -0.112498 -0.019725 0.000004 0.056359 -0.142720 -0.266930 0.000006 0.000002 0.041605 -0.000256 0.000274 0.159140 0.081285 0.000048 -0.178659 -0.000014 -0.207711 -0.000005 -0.056564 0.001381 0.000276 0.000006 0.037403 0.000519 0.000045 0.029519 -0.096866 -0.000002 -0.000008 0.000012 0.000004 0.000006 -0.283315 -0.000167 0.000315 0.054719 -0.001604 0.000022 0.174181 -0.000004 0.000242 -0.516917 0.000573 -0.282305 -0.130748 0.246074 0.000004 0.000003 0.022918 -0.188792 0.000001 0.017313 -0.025798 0.000004 0.401039 0.000047 0.000022 0.000112 -0.000004 -0.286533 -0.248946 -0.201577 0.000007 0.059681 0.000072 -0.000967 -0.000006 0.000005 0.000026 -0.000160 0.000003 -0.000033 0.000170 0.000002 0.347111 0.220091 -0.078570 0.006955 -0.419995 -0.227697 -0.166834 0.000003 -0.000007 -0.252682 0.148373 0.012447 -0.000009 -0.126782 0.284396 0.078878 0.000033 0.106174 -0.686377 0.000151 0.164891 0.000005 -0.000003 0.251735 -0.000109 -0.319751 -0.000005 0.002753 -0.000001 0.000000 0.039935 0.000011 -0.000135 0.000007 0.078182 0.001145 -0.106073 0.000002 0.060474 0.000002 -0.000003 0.000005 0.002702 0.027963 0.025946 -0.047136 -0.000000 -0.067443 0.000000 -0.000003 -0.114376 0.000003 -0.053643 0.000002 0.006053 -0.001349 -0.000003 0.016295 0.148578 0.000022 -0.000002 0.007636 0.000008 0.000000 0.090270 0.151099 -0.000005 -0.000000 -0.000001 0.020165 -0.020816 0.000043 0.435390 0.254766 0.000003 -0.000027 -0.000003 -0.341960 0.000002 -0.002134 0.226760 0.777570 -0.000007 0.000289 -0.377056 -0.000064 0.370842 0.085610 0.071752 0.000810 0.000049 -0.134728 0.038114 -0.131432 0.000005 0.000009
-0.080612 0.000011 0.070847 -0.010829 0.010905 -0.010535 -0.000078 0.000002 -0.000007 0.000003 0.000003 -0.118261 0.127558 -0.000111 0.000006 -0.186805 0.000002 -0.000010 0.000001 -0.000005 0.000006 0.364988 0.000063 0.177140 -0.043070 0.000142 0.000007 -0.000107 -0.000006 0.000057 0.021910 -0.030701 0.000003 -0.009862 0.000035 0.044626 0.378010 -0.029738 -0.013686 -0.106684 -0.126805 0.000027 -0.000008 -0.000000 -0.105787 -0.017819 0.000005 0.000009 -0.000056 -0.025134 0.000000 0.000005 -0.031651 0.000008 0.000002 -0.000047 -0.000187 0.000002 0.027663 -0.028393 0.000014 -0.000003 0.151967 0.065586 -0.013779 0.000002 -0.134460 0.001392 0.000004 0.000071 -0.000001 -0.256511 0.000000 0.000292 -0.156663 0.032271 -0.011724 -0.006266 0.000000 -0.000028 -0.038525 0.000003 0.000019 0.000046 -0.026534 -0.000003 0.097746 0.113822 -0.000035 -0.092635 -0.146999 -0.009551 0.000006 0.000004 -0.287421 0.000258 -0.000077 -0.081287 -0.248939 0.000015 -0.105791 -0.000003 -0.207693 -0.000002 -0.073346 -0.000164 0.000101 -0.000006 -0.258876 0.000006 -0.000059 -0.000466 0.071152 0.000008 -0.000010 -0.000034 -0.000001 0.000006 0.192352 0.000308 -0.000010 0.090181 -0.000234 0.000011 -0.224837 -0.000007 -0.000128 -0.295747 -0.000263 -0.229362 -0.197648 -0.067076 0.000000 -0.000003 0.112015 -0.334402 0.000008 -0.050603 0.026076 -0.000001 0.162934 -0.000186 -0.000017 0.000105 -0.000013 -0.184434 0.042658 0.107181 -0.000006 -0.020286 0.000132 0.000299 -0.000003 0.000006 0.000012 0.000163 0.000010 0.000004 -0.000028 -0.000007 0.222534 0.078576 0.135186 -0.013202 -0.111567 -0.003846 -0.028171 0.000007 0.000008 -0.106064 -0.210428 0.000169 0.000024 -0.095738 0.147334 -0.038124 -0.000006 -0.007386 -0.519293 0.000000 -0.042890 0.000005 -0.000007 0.019936 -0.000004 0.047425 -0.000005 0.000180 0.000006 0.000000 0.000318 0.000021 -0.000216 -0.000003 0.298035 0.038886 -0.126029 -0.000003 -0.304492 0.000002 0.000002 0.000001 -0.000146 -0.191207 -0.000256 -0.209589 -0.000006 -0.009947 -0.000001 0.000004 -0.041232 0.000003 -0.305658 0.000005 -0.050592 -0.000090 0.000013 0.053523 0.004486 -0.000068 -0.000005 -0.218310 0.000002 0.000004 -0.052006 -0.075608 -0.000007 -0.000007 -0.000005 -0.059234 -0.019197 0.000248 -0.039327 -0.006640 -0.000001 0.000008 -0.000011 0.052134 -0.000003 0.021210 -0.147560 -0.086295 -0.000005 -0.000068 -0.112675 0.000033 -0.039479 0.073573 0.119978 0.000086 -0.000129 0.001095 -0.000271 -0.122105 0.000003 0.000002
0.000005 -0.000005 -0.000069 0.000032 -0.000146 0.000065 -0.000007 0.000009 -0.000003 -0.000007 -0.000002 0.000110 -0.000029 -0.000014 0.000004 0.000046 -0.000005 0.000095 -0.000010 0.000005 0.000001 -0.000040 -0.000134 -0.000039 -0.000104 -0.000008 -0.000001 -0.000006 -0.000009 -0.000009 0.000004 -0.000029 0.000009 0.000111 -0.000058 -0.000143 -0.000104 -0.000044 -0.000023 0.000085 -0.000064 -0.000007 -0.000003 -0.000007 0.000035 -0.000015 -0.000011 -0.000011 0.000006 0.000036 0.000003 0.000005 -0.000050 0.000008 0.000000 0.000001 -0.000013 -0.000002 -0.000058 -0.000009 -0.000009 -0.000006 -0.000058 -0.000047 -0.000005 -0.000002 -0.000086 -0.000095 0.000008 -0.000089 -0.000005 -0.000063 0.000009 -0.000032 0.000007 -0.000009 0.000038 -0.000109 -0.000001 0.000007 -0.000049 -0.000003 -0.000002 -0.000054 -0.000059 -0.000000 -0.000091 0.000026 0.000004 -0.000080 -0.000126 -0.000106 0.000006 -0.000006 -0.000197 -0.000000 -0.000055 0.000052 -0.000201 -0.000032 -0.000075 -0.000001 -0.000007 -0.000008 -0.000003 -0.000040 -0.000201 0.000001 -0.000035 0.000048 -0.000168 -0.000093 -0.000004 0.000001 0.000002 -0.000004 -0.000005 0.000010 -0.000037 -0.000038 -0.000011 -0.000133 -0.000064 0.000005 -0.000041 -0.000003 -0.000097 -0.000024 -0.000052 -0.000139 -0.000037 -0.000090 0.000001 -0.000001 -0.000030 -0.000063 0.000007 -0.000101 -0.000022 -0.000009 -0.000076 0.000027 -0.000002 -0.000011 0.000023 -0.000074 -0.000072 -0.000009 -0.000001 0.000010 0.000078 -0.000000 -0.000005 -0.000006 -0.000007 0.000020 0.000003 -0.000006 -0.000002 -0.000004 -0.000073 -0.000081 -0.000038 -0.000058 -0.000079 -0.000021 -0.000024 -0.000008 -0.000004 -0.000081 -0.000002 0.000004 -0.000009 -0.000032 -0.000231 -0.000051 -0.000004 -0.000054 -0.000192 -0.000008 -0.000063 -0.000004 -0.000006 -0.000059 -0.000057 -0.000042 0.000006 0.000039 -0.000003 -0.000005 0.000059 -0.000005 -0.000035 0.000002 -0.000034 0.000021 -0.000170 -0.000004 -0.000023 -0.000008 0.000004 -0.000008 -0.000007 -0.000090 -0.000060 -0.000080 -0.000002 -0.000020 -0.000006 -0.000002 -0.000146 -0.000004 0.000080 -0.000000 -0.000095 -0.000004 0.000000 -0.000008 -0.000061 0.000031 -0.000004 -0.000033 0.000001 0.000007 0.000015 -0.000164 0.000002 -0.000005 -0.000001 -0.000025 -0.000025 -0.000006 0.000031 -0.000063 -0.000004 -0.000004 -0.000011 -0.000029 -0.000002 -0.000010 -0.000035 -0.000018 -0.000001 0.000031 -0.000071 -0.000007 -0.000013 -0.000014 -0.000014 -0.000052 -0.000075 -0.000088 -0.000031 -0.000072 -0.000005 -0.000006
-0.495979 -0.000005 -0.086187 0.070318 -0.326024 0.166879 -0.000106 0.000008 -0.000003 -0.000006 -0.000007 -0.474028 0.941892 0.002261 -0.000006 -0.035195 -0.000009 -0.000003 -0.000000 -0.000001 -0.000003 0.083445 -0.000139 0.300753 0.097071 -0.000068 -0.000002 0.000296 -0.000003 0.000311 0.216067 -0.021462 -0.000007 0.101173 0.000130 -0.076974 0.284108 0.254908 0.147165 0.108167 -0.230989 -0.007160 0.000005 0.000008 -0.123938 -0.293012 -0.000003 0.001024 0.000099 0.108940 -0.000010 -0.000001 0.260413 -0.000008 -0.000005 -0.000008 -0.007861 -0.000007 -0.248207 0.242270 0.000003 -0.000004 -0.160494 0.370200 0.188892 -0.000001 -0.043052 -0.045680 -0.000006 0.000036 -0.000005 0.119667 -0.000007 0.001109 0.157272 -0.449264 0.113961 0.117014 0.000009 -0.000004 0.031274 -0.000153 -0.000003 0.000002 0.287620 0.000005 0.037419 -0.131607 -0.000002 -0.147176 0.104421 -0.349948 0.000000 -0.000002 0.365293 0.000573 0.000197 0.019432 0.267944 -0.000041 0.029606 -0.000005 0.252887 0.000004 -0.237029 0.000881 0.000128 -0.000001 0.076616 0.007402 -0.000517 0.017425 0.074713 -0.000003 -0.000006 0.000060 -0.000003 0.000002 0.274445 -0.000104 -0.000012 0.021280 0.011568 -0.000036 0.081678 -0.000003 0.000135 -0.058487 0.000257 -0.262340 0.275909 0.184593 -0.000003 0.000004 0.043712 0.323557 -0.000006 0.213860 -0.151971 -0.000007 0.514972 -0.000154 -0.000001 -0.000022 -0.000005 0.146578 0.418839 0.171178 -0.000004 0.148745 -0.000009 0.000381 -0.000005 0.000003 -0.000014 0.000030 0.000008 0.000002 0.000003 -0.000005 0.264558 0.673966 -0.111040 -0.031070 -0.123660 0.146799 -0.192758 -0.000002 -0.000005 0.165203 0.038833 -0.000883 -0.000005 -0.101085 -0.000438 0.528559 0.000006 0.319718 -0.813198 0.000063 0.530526 -0.000002 0.000000 0.196976 -0.000041 -0.232790 -0.000004 0.000156 -0.000004 -0.000007 0.004231 0.000004 -0.000122 0.000007 -0.116183 -0.001916 0.086177 -0.000005 -0.287410 -0.000007 -0.000005 -0.000006 0.000325 0.037241 -0.019249 -0.182890 0.000005 0.034001 0.000007 -0.000008 -0.245774 -0.000000 0.340583 -0.000008 0.005451 -0.070611 -0.000009 0.411600 -0.034172 0.000009 -0.000005 -0.456837 0.000002 0.000008 0.407972 0.054704 -0.000002 -0.000006 -0.000006 0.334799 -0.071927 -0.000040 0.329729 0.147735 -0.000001 -0.000003 -0.000004 -0.130752 -0.000003 0.047219 -0.205950 0.151770 -0.000003 0.000142 -0.233530 0.000078 -0.138373 0.413757 0.177287 -0.001605 0.000010 0.109173 0.020228 0.059611 -0.000001 -0.000008
-0.161988 -0.000000 0.167997 -0.001268 0.016717 -0.446416 -0.000002 0.000002 0.000003 0.000000 0.000001 0.029163 0.004023 0.000938 -0.000009 -0.139285 0.000004 -0.000063 -0.000007 -0.000002 -0.000005 -0.058087 -0.000291 -0.009378 0.011119 0.000007 0.000002 0.000378 -0.000019 -0.000017 0.216987 -0.015982 0.000008 0.123901 0.000046 0.127364 0.541579 0.004678 -0.067810 0.033265 -0.154380 0.004168 0.000006 -0.000009 -0.074771 -0.158113 -0.000008 -0.000645 -0.000005 -0.078790 -0.000044 0.000003 0.042050 -0.000002 0.000002 -0.000046 -0.006888 -0.000002 0.176116 0.056141 -0.000043 -0.000009 -0.223695 0.068122 -0.023473 0.000000 0.007930 0.104879 -0.000008 0.000078 -0.000029 0.059574 0.000008 0.000182 -0.172921 0.332927 -0.093972 -0.189007 0.000009 0.000005 -0.000104 0.000029 -0.000000 0.000081 0.018195 -0.000025 0.019292 0.096317 -0.000033 -0.018234 -0.116730 0.092295 -0.000006 -0.000001 -0.186814 0.000174 -0.000006 -0.065235 -0.049141 -0.000046 0.377968 -0.000024 -0.176212 -0.000035 -0.063130 0.000796 0.000126 -0.000005 0.052564 -0.017099 -0.000689 0.002799 -0.131053 0.000002 -0.000016 -0.000032 -0.000005 -0.000009 -0.346466 0.000069 -0.000022 -0.041932 0.018247 0.000003 0.110343 -0.000006 -0.000036 -0.201582 0.000532 -0.110297 -0.122990 0.060674 -0.000002 0.000007 -0.175363 -0.162299 0.000000 0.018637 -0.001462 -0.000007 -0.045643 -0.000192 0.000008 -0.000046 -0.000014 -0.208528 0.072606 0.003364 -0.000005 0.049835 0.000004 0.001014 -0.000020 -0.000001 -0.000036 -0.000206 0.000003 -0.000013 0.000013 -0.000000 -0.064535 0.287429 -0.095893 -0.032443 -0.014594 0.105001 0.273700 -0.000002 -0.000003 0.109984 -0.046311 0.008958 -0.000026 -0.306838 -0.074577 0.037960 -0.000008 0.052128 -0.253230 -0.000018 -0.124635 0.000002 -0.000001 -0.120898 0.000006 0.075011 -0.000001 -0.000828 0.000013 0.000007 0.044020 -0.000020 -0.000137 0.000004 -0.203674 -0.001515 -0.101381 0.000005 -0.177923 -0.000002 -0.000003 -0.000017 0.002243 -0.182482 0.024933 -0.131979 0.000004 0.065532 0.000003 -0.000007 0.061332 -0.000009 0.267954 -0.000003 -0.114551 0.042429 -0.000005 -0.072301 0.071584 -0.000004 -0.000005 -0.035889 -0.000001 -0.000004 0.184854 0.323075 0.000009 0.000026 -0.000003 0.056930 0.004382 0.000180 -0.157247 0.184802 -0.000016 0.000010 -0.000008 -0.075359 0.000009 -0.174304 0.138415 0.073366 -0.000003 0.000103 0.118886 0.000051 0.047014 -0.066038 -0.064866 -0.000822 -0.000004 -0.060397 0.004190 -0.229725 -0.000000 0.000003
-0.000065 -0.000004 -0.000033 -0.000120 0.000081 0.000027 -0.000017 0.000009 0.000009 0.000002 -0.000002 0.000009 -0.000067 -0.000042 -0.000006 -0.000058 0.000002 0.000019 -0.000002 0.000002 -0.000006 -0.000014 -0.000036 -0.000056 -0.000040 0.000022 0.000006 0.000026 -0.000005 0.000006 -0.000022 -0.000047 0.000000 -0.000063 -0.000030 -0.000114 0.000071 -0.000036 0.000002 0.000021 0.000002 0.000038 0.000003 0.000003 -0.000009 -0.000061 -0.000013 -0.000032 -0.000028 -0.000065 0.000012 -0.000004 -0.000051 0.000001 0.000005 -0.000014 -0.000023 0.000002 -0.000027 -0.000041 0.000001 -0.000006 -0.000086 -0.000052 -0.000022 -0.000010 -0.000041 0.000038 -0.000001 -0.000055 0.000006 -0.000034 0.000009 0.000092 -0.000012 -0.000026 -0.000059 -0.000037 -0.000001 0.000007 -0.000026 -0.000008 -0.000005 0.000015 -0.000132 -0.000002 -0.000018 -0.000001 -0.000009 -0.000063 -0.000135 -0.000039 0.000004 0.000007 -0.000095 0.000001 0.000022 -0.000045 0.000003 -0.000016 -0.000083 0.000005 -0.000090 0.000001 -0.000053 -0.000088 -0.000065 0.000001 -0.000025 -0.000028 -0.000007 -0.000119 -0.000053 -0.000001 0.000012 -0.000034 -0.000003 0.000008 -0.000151 0.000040 -0.000014 -0.000054 -0.000025 -0.000022 0.000047 -0.000000 -0.000039 -0.000094 -0.000103 -0.000026 -0.000088 -0.000018 0.000006 -0.000004 0.000002 -0.000135 0.000009 0.000032 -0.000065 0.000001 -0.000047 -0.000027 -0.000008 -0.000066 -0.000002 0.000014 0.000043 0.000013 -0.000008 -0.000025 0.000028 -0.000080 -0.000001 0.000000 -0.000005 -0.000009 -0.000010 -0.000024 -0.000050 -0.000001 0.000001 -0.000044 -0.000040 0.000009 -0.000065 0.000015 -0.000057 0.000009 -0.000006 -0.000051 -0.000008 -0.000002 -0.000037 0.000007 -0.000036 -0.000018 0.000027 -0.000008 -0.000129 -0.000000 -0.000051 0.000003 -0.000001 -0.000094 -0.000052 -0.000005 -0.000005 -0.000013 0.000004 -0.000002 0.000028 0.000048 0.000027 0.000006 -0.000012 0.000017 -0.000025 0.000001 -0.000107 0.000001 -0.000001 -0.000008 0.000004 0.000015 0.000001 -0.000090 0.000007 -0.000025 -0.000001 0.000001 0.000002 -0.000002 0.000071 -0.000001 0.000007 0.000005 -0.000004 -0.000037 -0.000006 -0.000030 0.000001 -0.000034 0.000008 0.000001 -0.000017 -0.000053 -0.000016 0.000002 -0.000004 -0.000046 -0.000027 0.000031 -0.000006 -0.000054 -0.000013 -0.000007 0.000002 -0.000075 0.000006 -0.000012 -0.000055 0.000015 -0.000006 0.000053 -0.000050 -0.000028 -0.000046 -0.000013 0.000020 -0.000024 -0.000035 -0.000013 0.000025 0.000004 -0.000004 -0.000004
0.387968 -0.000010 0.724735 -0.085347 0.078096 -0.125045 0.000017 0.000003 -0.000000 0.000006 0.000002 -0.319969 -0.750904 0.004641 -0.000006 0.349515 0.000011 -0.000021 0.000003 0.000007 0.000004 0.038355 -0.001445 0.104375 1.049147 0.000136 0.000003 0.000013 -0.000006 0.000034 0.081076 -0.083109 -0.000007 -0.228140 -0.001152 0.079090 -0.026621 -0.204283 -0.630142 -0.157044 0.095434 -0.009435 0.000002 0.000023 -0.073784 0.286035 -0.000035 -0.021827 -0.000283 0.333679 -0.000000 0.000004 0.970114 0.000007 0.000009 0.000049 -0.008588 0.000012 -0.387382 0.285219 -0.000019 -0.000019 -0.535323 -0.334549 0.293790 0.000005 -0.127069 -0.397182 -0.000002 -0.000027 -0.000025 -0.045391 -0.000006 -0.001297 -0.149308 0.189820 -0.384337 -0.190021 0.000001 0.000015 -0.121221 0.000253 0.000020 0.000032 -1.074195 -0.000003 -0.729468 0.150355 -0.000011 -0.474988 0.132183 -0.367040 -0.000002 0.000005 0.397293 0.002085 -0.000620 0.300495 -0.197872 -0.000071 -0.817244 0.000003 -0.939848 0.000034 0.801046 -0.003220 0.000253 0.000002 -0.354006 -0.023854 -0.002263 -0.075869 -0.582913 -0.000004 0.000035 0.000001 -0.000003 -0.000002 -0.078958 0.000395 -0.000069 -0.289297 -0.005361 0.000079 0.531717 0.000001 -0.000153 0.101978 -0.003023 -0.669397 0.050375 0.862321 -0.000001 0.000003 0.324777 -0.062193 0.000001 -0.139325 0.009176 -0.000010 0.249053 0.000119 0.000017 0.000092 -0.000008 -0.074154 -1.046586 -0.046817 -0.000002 0.784897 0.000042 -0.000662 -0.000002 -0.000003 0.000006 0.000054 -0.000004 -0.000011 -0.000008 -0.000001 0.018781 -0.223577 -0.307367 -0.028745 -0.418087 -0.768708 -0.367977 0.000003 -0.000005 -0.454637 -0.273513 -0.001709 0.000038 0.279069 -0.287316 -0.042238 -0.000027 0.716511 0.039897 0.000031 -0.255784 0.000007 -0.000005 0.003105 0.000025 -1.004999 0.000009 -0.001553 0.000016 -0.000008 -0.017944 -0.000014 -0.000084 -0.000002 0.358818 -0.043556 0.030346 0.000007 -0.254025 -0.000005 0.000016 0.000000 -0.000734 0.089507 -0.037993 -0.151453 0.000004 -0.472442 0.000004 -0.000002 -0.317057 -0.000007 -0.252181 -0.000004 -0.177685 0.038848 -0.000018 0.243954 0.320496 -0.000120 -0.000002 -0.175731 0.000003 0.000000 -0.203259 -0.761405 -0.000005 -0.000030 -0.000004 0.154996 -0.455774 -0.000091 0.224329 -0.051905 0.000008 0.000017 0.000006 0.286207 0.000008 -0.374517 -0.233283 0.458709 0.000002 -0.000094 -0.647981 0.000064 0.534833 -0.412159 -0.665419 -0.004057 -0.000077 -0.030742 0.011225 -0.154474 0.000004 0.000007
-0.000998 -0.000007 0.000652 0.000301 -0.004156 0.001149 0.000030 -0.000005 -0.000012 0.000031 0.000001 -0.000544 -0.002699 -0.000061 -0.000004 -0.001588 -0.000005 -0.000016 -0.000003 0.000001 -0.000001 0.000644 0.001033 -0.000492 0.000135 -0.000026 -0.000007 0.000005 0.000013 0.000077 -0.001280 -0.003353 0.000010 -0.001033 0.000927 -0.000187 -0.002187 -0.001767 -0.002658 -0.001732 -0.001987 0.001538 -0.000001 -0.000001 -0.000358 -0.001868 -0.000001 -0.000117 0.000037 -0.000094 -0.000015 0.000007 -0.000125 -0.000004 -0.000006 -0.000026 -0.000777 -0.000007 -0.001666 -0.000022 0.000031 0.000007 -0.002667 -0.002842 0.001137 -0.000004 -0.000084 -0.002601 -0.000005 0.000039 0.000034 -0.002423 -0.000003 0.000569 0.001140 0.001189 -0.000962 -0.001246 -0.000023 -0.000016 0.000501 0.000382 0.000015 0.000000 -0.001340 0.000000 0.000653 0.000087 -0.000001 -0.001452 -0.000701 -0.002164 -0.000003 -0.000007 -0.001781 -0.000247 0.000082 -0.001595 -0.000359 -0.000001 -0.001903 -0.000016 -0.001976 0.000020 -0.001248 -0.000833 0.000450 -0.000002 -0.002262 -0.000744 0.000385 -0.001530 -0.002015 0.000013 -0.000006 0.000003 -0.000001 0.000000 -0.001363 0.000290 0.000032 0.000151 -0.000945 0.000031 0.000051 0.000009 0.000029 -0.000722 -0.000561 -0.001630 -0.002076 -0.004442 -0.000003 0.000001 -0.000528 -0.001412 -0.000002 0.001115 0.001735 -0.000004 0.001350 0.000019 -0.000013 -0.000034 0.000053 0.001017 -0.000427 0.000028 0.000003 -0.000655 -0.000068 0.001000 -0.000014 -0.000006 -0.000014 -0.000163 0.000002 -0.000040 -0.000037 0.000008 -0.000374 -0.001623 -0.000902 -0.000147 -0.001359 -0.000331 0.001929 -0.000004 -0.000004 -0.000140 -0.000373 0.000303 -0.000017 -0.001372 -0.001810 0.000110 0.000010 0.003517 -0.003362 0.000068 -0.001212 -0.000003 -0.000007 0.000867 -0.000041 0.000999 0.000004 0.000057 0.000032 0.000000 0.001550 -0.000044 -0.000021 0.000010 0.001041 -0.001942 0.000940 0.000002 -0.000465 -0.000004 0.000035 -0.000022 0.000084 -0.003617 0.000757 -0.003900 -0.000003 -0.000018 0.000005 -0.000005 0.000990 0.000003 0.001749 -0.000006 -0.000923 0.000146 0.000006 -0.000116 -0.001762 0.000035 -0.000007 -0.000439 -0.000004 -0.000003 -0.001975 0.001902 0.000040 0.000041 -0.000011 -0.000514 -0.000604 0.000081 -0.000167 -0.001556 0.000024 0.000002 0.000032 -0.002984 -0.000002 0.001076 -0.000696 -0.000111 0.000005 -0.000027 -0.001435 0.000062 -0.001582 0.001412 -0.000146 0.000612 0.000047 -0.003114 -0.001295 -0.000198 0.000005 -0.000031
-0.000041 -0.000004 0.000066 -0.047216 -0.048537 0.000007 0.000031 -0.000004 -0.000007 -0.000009 -0.000005 -0.000181 -0.000104 -0.000012 0.000001 -0.052904 0.000006 0.000013 -0.000002 -0.000002 -0.000007 -0.000083 0.000167 -0.000305 0.000123 0.000020 0.000002 -0.000019 -0.000026 -0.000001 -0.000034 -0.000384 -0.000005 -0.000279 0.000054 -0.000145 -0.000365 0.000096 0.000294 -0.000191 0.000002 0.000106 -0.000004 -0.000007 0.000230 -0.000062 -0.000006 -0.000004 -0.000005 -0.000211 -0.000013 0.000008 -0.000380 0.000000 -0.000007 -0.000059 -0.000079 0.000018 -0.000370 0.000098 -0.000027 -0.000009 0.000071 -0.000104 -0.000156 -0.000002 -0.000345 0.000121 0.000003 0.000006 0.000007 -0.000396 -0.000009 0.000470 0.000310 -0.000077 -0.000157 -0.000220 0.000009 0.000001 0.000217 -0.000006 -0.000035 -0.000031 -0.000352 -0.000007 -0.000023 0.000132 0.000003 -0.000298 -0.000532 -0.000157 -0.000001 -0.000005 -0.000156 0.000101 -0.000018 -0.000072 -0.000147 -0.000087 -0.000002 -0.000004 -0.000229 0.000020 -0.000058 0.000142 0.000145 0.000009 -0.000194 0.000017 0.000230 -0.000277 -0.052345 0.000009 -0.000002 -0.000041 -0.000010 -0.000003 -0.000429 0.000036 0.000001 -0.000033 -0.000001 0.000043 -0.000110 -0.000001 -0.000021 -0.047499 -0.000105 -0.000072 -0.000334 -0.000346 0.000003 -0.000001 -0.000144 -0.000192 -0.000004 -0.000022 -0.000052 0.000000 -0.000718 -0.000008 -0.000005 -0.000017 0.000017 -0.000033 -0.000159 -0.053066 -0.000002 -0.000176 0.000007 -0.000033 0.000010 0.000000 -0.000007 -0.000067 0.000007 0.000004 -0.000042 0.000005 -0.000005 -0.000164 -0.000174 -0.000147 -0.052546 -0.000322 -0.000266 0.000000 -0.000001 -0.000233 -0.000115 0.000033 0.000023 0.000090 -0.000253 0.000126 0.000002 -0.000026 -0.053664 -0.000003 -0.000446 -0.000001 -0.000010 -0.000155 -0.000027 -0.000105 -0.000003 0.000216 -0.000002 -0.000003 0.000172 -0.000004 0.000250 -0.000005 -0.000222 0.000301 -0.000301 -0.000004 -0.000145 0.000004 0.000030 -0.000010 -0.000170 -0.000107 -0.000296 -0.051274 -0.000008 0.000438 -0.000008 -0.000004 -0.000408 -0.000008 -0.000217 -0.000002 -0.053170 0.000360 0.000008 -0.000397 0.000038 -0.000003 -0.000005 0.000209 -0.000004 0.000000 -0.000076 0.000019 -0.000003 0.000018 -0.000001 -0.000164 0.000263 0.000291 -0.000034 0.000133 -0.000009 -0.000007 -0.000011 -0.000437 -0.000002 -0.000149 -0.000184 0.000156 0.000003 -0.000198 -0.000248 -0.000022 -0.000056 -0.000066 0.000172 -0.000148 0.000010 -0.000093 -0.000025 -0.000062 0.000008 0.000007
-0.000061 0.000001 0.000837 -0.000081 -0.000276 0.000135 0.000064 -0.000000 -0.000000 0.000005 -0.000005 -0.000164 0.000186 0.000023 0.000002 -0.000088 0.000008 -0.000024 0.000019 0.000005 -0.000002 0.000019 0.000255 0.000247 0.000310 -0.000027 0.000004 -0.000030 -0.000000 -0.000101 0.000068 -0.000233 0.000002 -0.000200 0.000051 0.000037 0.000050 -0.000074 -0.000034 -0.000981 -0.000485 0.000200 -0.000002 0.000003 -0.000006 -0.000136 -0.000027 0.000016 -0.000004 -0.000233 -0.000036 0.000007 -0.000090 0.000003 0.000000 -0.000040 -0.000026 -0.000003 -0.000524 -0.000084 0.000016 -0.000002 -0.000396 -0.000443 -0.000046 -0.000007 -0.000445 -0.000622 -0.000000 0.000000 0.000023 -0.001280 0.000005 0.000187 -0.000218 0.000132 -0.000246 -0.000222 -0.000001 0.000115 -0.000079 0.000106 -0.000010 -0.000068 -0.000474 0.000014 -0.000290 0.000093 0.000006 -0.000316 -0.000182 -0.001245 0.000003 0.000009 -0.001169 0.000563 0.000015 0.000142 -0.000212 -0.000050 -0.000013 0.000092 -0.000237 0.000096 -0.000208 0.000005 -0.000178 -0.000003 -0.001043 -0.000023 -0.000111 -0.000294 -0.000516 0.000003 -0.000006 -0.000071 -0.000011 -0.000009 -0.000258 -0.000053 0.000038 0.000190 -0.000226 0.000118 0.000187 -0.000002 0.000073 -0.001061 0.000113 0.000049 -0.000125 -0.000681 0.000003 -0.000001 -0.000041 -0.000208 0.000009 0.000104 -0.000312 -0.000000 -0.000690 0.000104 0.000006 0.000097 0.000012 -0.000691 -0.000116 0.000111 0.000003 -0.000739 0.000069 0.000188 0.000029 -0.000009 0.000043 -0.000091 0.000005 0.000034 -0.000029 0.000002 -0.000282 -0.000201 -0.000051 0.000053 -0.000686 -0.000051 -0.000177 0.000000 -0.000009 0.000142 -0.000250 0.000093 0.000003 0.000011 -0.000422 -0.000154 -0.000033 -0.000224 -0.001860 0.000079 -0.000293 0.000006 0.000003 -0.000932 0.000028 -0.000113 0.000002 0.000019 0.000002 0.000002 -0.000220 0.000054 0.000081 0.000008 -0.000206 0.000003 -0.000290 -0.000005 -0.000037 0.000002 0.000031 -0.000023 -0.000150 -0.000812 -0.000000 -0.000245 0.000012 0.000174 -0.000009 -0.000004 -0.000179 -0.000001 -0.000577 0.000008 0.000013 -0.000083 0.000002 -0.000022 0.000389 0.000001 -0.000006 0.000020 -0.000006 -0.000004 -0.000280 -0.000672 -0.000008 -0.000018 -0.000006 -0.000587 0.000067 -0.000068 0.000448 -0.000030 -0.000002 0.000073 0.000060 -0.000274 -0.000007 -0.000397 -0.000899 -0.000422 0.000009 0.000094 -0.000176 -0.000055 0.000040 0.000042 -0.000006 -0.000082 -0.000023 -0.000136 0.000359 -0.000053 -0.000006 0.000003
-0.000024 0.000009 0.000012 -0.000015 0.000005 -0.000017 -0.000041 -0.000010 -0.000004 -0.000002 0.000002 0.000005 -0.000746 -0.000002 -0.000001 -0.000007 0.000007 -0.000013 0.000001 -0.000007 0.000008 -0.000083 0.000007 -0.000009 -0.000018 0.000009 -0.000000 -0.000011 0.000013 -0.000011 -0.000004 -0.000009 -0.000010 -0.000013 -0.000010 -0.000030 -0.000015 -0.000069 -0.000020 -0.000023 -0.000063 -0.000006 0.000002 0.000005 -0.000007 -0.000021 0.000000 -0.000009 -0.000011 0.000005 0.000013 0.000006 -0.000012 -0.000003 0.000001 0.000035 -0.000009 0.000002 -0.000011 0.000003 -0.000002 -0.000004 -0.000718 -0.000017 0.000004 0.000002 -0.000193 -0.000013 -0.000003 -0.000020 -0.000017 -0.000084 0.000009 0.000000 -0.000003 0.000009 -0.000015 -0.000101 0.000012 0.000012 -0.000054 0.000005 -0.000003 0.000000 -0.000460 -0.000006 -0.000013 -0.000038 0.000018 0.000017 -0.000093 -0.000064 -0.000009 0.000007 -0.000056 -0.000005 -0.000017 -0.000008 -0.000027 0.000011 -0.000012 0.000000 -0.000023 -0.000009 -0.000034 0.000002 0.000022 -0.000003 -0.000043 -0.000019 0.000022 -0.000052 -0.000046 0.000003 -0.000004 -0.000003 -0.000002 -0.000009 -0.000131 0.000003 -0.000004 -0.000063 -0.000046 -0.000017 -0.000007 0.000001 -0.000022 -0.000054 -0.000031 -0.000035 -0.000000 -0.000086 0.000007 0.000003 -0.000010 -0.000021 0.000003 0.000014 -0.000003 0.000003 -0.000088 0.000001 0.000016 -0.000006 -0.000002 -0.000035 -0.000013 0.000008 0.000004 -0.000020 -0.000082 -0.000006 -0.000003 -0.000003 -0.000002 0.000002 0.000003 -0.000004 -0.000006 0.000004 -0.000031 -0.000006 -0.000050 0.000011 -0.000256 -0.000025 -0.000001 0.000008 0.000001 -0.000099 -0.000003 -0.000005 -0.000011 -0.000017 -0.000037 -0.000009 0.000009 0.000005 -0.000733 0.000003 -0.000018 0.000002 0.000004 -0.000028 0.000019 -0.000020 -0.000006 -0.000017 0.000007 0.000001 -0.000012 -0.000006 -0.000024 -0.000003 -0.000054 0.000001 -0.000014 0.000001 -0.000064 0.000004 0.000021 -0.000009 -0.000018 -0.000044 0.000010 -0.000098 0.000000 0.000002 0.000007 0.000008 -0.000009 0.000001 -0.000009 0.000004 -0.000008 -0.000004 -0.000008 -0.000009 -0.000007 0.000005 -0.000001 -0.000006 -0.000002 -0.000003 -0.000025 -0.000071 -0.000004 -0.000052 0.000017 -0.000004 -0.000015 -0.000014 -0.000014 -0.000021 -0.000004 -0.000006 0.000005 0.000013 0.000010 -0.000157 -0.000029 -0.000031 0.000010 -0.000019 -0.000006 -0.000001 -0.000006 -0.000013 -0.000079 -0.000017 0.000023 0.000019 0.000009 -0.000059 -0.000001 -0.000003
-0.000035 0.000022 -0.000001 -0.000008 -0.000059 -0.000103 -0.000001 -0.000007 -0.000007 0.000003 0.000009 -0.000031 -0.000099 -0.000117 0.000002 0.000001 0.000008 -0.000010 -0.000002 0.000011 0.000002 -0.000001 0.000036 -0.000066 0.000023 0.000001 0.000009 -0.000013 -0.000019 0.000003 -0.000020 -0.000066 0.000011 -0.000047 -0.000002 -0.000024 0.000004 -0.000007 -0.000029 -0.000058 -0.000045 0.000021 0.000006 0.000003 -0.000005 -0.000088 0.000004 0.000012 -0.000000 0.000036 -0.000005 0.000004 -0.000025 0.000000 0.000008 0.000003 -0.000010 -0.000007 -0.000050 -0.000006 -0.000003 -0.000006 -0.000057 0.000001 -0.000057 -0.000007 -0.000140 -0.000081 0.000002 0.000032 -0.000009 -0.000191 0.000003 0.000007 -0.000004 -0.000075 0.000011 -0.000029 -0.000004 0.000007 0.000007 0.000002 0.000005 -0.000005 0.000018 -0.000010 -0.000006 -0.000003 0.000007 -0.000034 -0.000130 -0.000013 0.000004 0.000008 -0.000010 0.000015 -0.000018 0.000012 0.000007 0.000002 -0.000013 0.000004 -0.000082 -0.000010 -0.000078 -0.000031 -0.000107 -0.000007 -0.000085 -0.000097 -0.000027 0.000031 -0.000092 0.000004 -0.000012 -0.000014 0.000001 0.000006 -0.000009 0.000064 -0.000004 -0.000012 -0.000046 0.000008 -0.000021 -0.000003 -0.000032 -0.000014 -0.000049 -0.000070 0.000012 0.000106 0.000001 0.000001 -0.000057 -0.000109 0.000004 0.000005 -0.000010 -0.000003 -0.000034 -0.000007 -0.000009 0.000045 -0.000001 -0.000015 -0.000121 -0.000003 0.000002 0.000018 0.000010 0.000001 0.000004 -0.000007 0.000004 0.000053 0.000005 -0.000005 0.000002 0.000007 0.000005 -0.000047 -0.000001 -0.000022 -0.000117 -0.000071 0.000015 -0.000003 -0.000001 -0.000003 0.000001 0.000001 -0.000007 -0.000026 -0.000097 0.000001 -0.000007 0.000016 -0.000198 -0.000007 0.000007 -0.000007 0.000009 -0.000093 0.000001 -0.000014 0.000008 -0.000030 0.000004 0.000008 -0.000034 -0.000011 -0.000027 0.000002 -0.000044 -0.000004 -0.000128 0.000003 0.000001 0.000011 0.000051 0.000004 0.000015 -0.000095 0.000003 -0.000098 -0.000001 -0.000003 -0.000004 -0.000003 -0.000028 0.000002 0.000078 0.000005 0.000009 0.000001 -0.000000 -0.000006 0.000039 -0.000001 0.000003 -0.000043 0.000001 0.000016 0.000000 -0.000105 -0.000002 -0.000003 0.000004 -0.000004 -0.000024 0.000004 -0.000028 -0.000013 0.000002 0.000000 -0.000010 -0.000105 0.000000 0.000033 -0.000032 -0.000041 0.000004 -0.000057 0.000003 -0.000009 -0.000018 -0.000002 -0.000010 0.000007 -0.000042 -0.000057 -0.000013 -0.000063 0.000008 -0.000000
0.000021 -0.000015 -0.000026 -0.000039 -0.000196 -0.000048 -0.000015 -0.000001 -0.000012 -0.000003 0.000001 -0.000027 -0.000005 0.000010 0.000010 -0.000104 0.000003 -0.000010 -0.000009 -0.000004 -0.000003 0.000001 -0.000012 -0.000006 -0.000036 -0.000026 0.000006 -0.000005 -0.000016 0.000003 -0.000012 -0.000120 0.000013 0.000048 0.000058 -0.000103 -0.000089 -0.000088 0.000003 0.000005 -0.000021 0.000001 -0.000001 0.000001 0.000054 0.000023 0.000003 0.000014 0.000001 -0.000005 -0.000020 0.000004 -0.000021 0.000000 0.000002 -0.000000 -0.000008 -0.000005 0.000009 0.000008 0.000001 -0.000006 -0.000077 -0.000022 -0.000041 -0.000007 -0.000072 -0.000048 -0.000007 -0.000050 -0.000010 -0.000049 -0.000002 -0.000031 -0.000004 -0.000013 -0.000001 -0.000057 0.000008 0.000010 -0.000006 -0.000006 0.000002 0.000004 -0.000140 -0.000012 0.000009 -0.000058 0.000017 -0.000043 -0.000021 -0.000171 0.000004 -0.000004 -0.000056 0.000016 -0.000002 -0.000033 -0.000118 -0.000009 -0.000018 -0.000004 -0.000018 -0.000009 -0.000125 0.000103 0.000004 -0.000001 -0.000018 0.000016 -0.000097 0.000014 -0.000105 -0.000004 0.000006 -0.000021 -0.000005 -0.000003 -0.000082 0.000042 -0.000010 -0.000060 0.000005 -0.000020 -0.000012 -0.000009 -0.000047 -0.000155 -0.000031 -0.000043 -0.000021 -0.000049 -0.000003 -0.000003 -0.000112 -0.000147 0.000005 -0.000099 -0.000007 -0.000004 -0.000055 -0.000013 -0.000021 -0.000057 -0.000009 -0.000053 -0.000016 -0.000001 0.000002 0.000014 -0.000020 0.000020 0.000007 -0.000000 0.000006 0.000036 0.000005 0.000000 0.000002 -0.000001 0.000067 -0.000070 0.000013 0.000002 -0.000093 0.000006 0.000005 -0.000003 -0.000011 -0.000010 -0.000016 -0.000000 -0.000007 -0.000111 -0.000138 -0.000026 -0.000004 -0.000037 -0.000172 -0.000015 -0.000146 0.000003 0.000001 -0.000018 0.000000 -0.000101 0.000004 -0.000058 0.000003 -0.000004 -0.000006 -0.000011 0.000036 0.000004 -0.000119 -0.000004 -0.000098 -0.000005 0.000031 -0.000007 0.000001 -0.000007 -0.000008 -0.000019 -0.000013 -0.000162 0.000001 -0.000025 0.000004 -0.000008 0.000007 -0.000006 -0.000065 -0.000002 -0.000006 0.000037 0.000016 -0.000040 -0.000032 -0.000000 -0.000002 -0.000082 0.000001 0.000006 -0.000011 0.000024 -0.000011 -0.000006 -0.000005 -0.000063 -0.000022 0.000007 0.000012 -0.000009 -0.000003 -0.000004 -0.000013 0.000005 0.000004 -0.000058 -0.000036 0.000010 -0.000001 -0.000004 -0.000141 -0.000006 -0.000045 0.000004 0.000003 0.000002 0.000061 0.000002 0.000021 -0.000016 -0.000004 -0.000000
0.000388 -0.000007 -0.001888 -0.001401 -0.001803 -0.001065 -0.000043 -0.000000 0.000002 0.000004 0.000002 -0.000490 0.001425 -0.000030 -0.000007 -0.007629 0.000011 0.000015 0.000004 0.000002 0.000001 -0.004402 0.001433 0.003350 0.000882 0.000017 -0.000006 0.000042 -0.000002 0.000035 0.000151 0.000256 -0.000003 -0.002561 0.000317 -0.004117 0.001647 0.000967 -0.004867 -0.002959 -0.001276 0.000076 0.000003 -0.000004 0.001210 0.001506 -0.000009 0.000972 -0.000029 -0.004190 0.000010 0.000002 -0.001796 -0.000001 0.000002 0.000025 0.001741 0.000001 0.002553 0.002090 0.000009 0.000013 -0.000025 0.000569 -0.004647 -0.000001 -0.005079 -0.002529 -0.000005 -0.000009 -0.000003 -0.003782 0.000001 0.000901 0.000880 0.003855 -0.000117 -0.002689 0.000006 0.000009 0.003008 0.000002 -0.000011 -0.000026 -0.002379 -0.000013 0.000953 -0.000184 0.000010 -0.003021 -0.002798 -0.002050 0.000005 0.000004 -0.005910 -0.000621 0.000301 -0.003851 -0.004356 0.000001 -0.000892 -0.000012 0.000525 -0.000019 0.003426 -0.000118 0.000001 0.000005 -0.005104 0.000150 -0.001015 -0.003286 -0.000195 -0.000004 -0.000002 -0.000023 0.000002 -0.000003 0.001253 -0.000019 0.000311 -0.000745 0.000047 -0.000039 0.001019 0.000000 0.000022 -0.006462 0.001206 -0.007432 -0.001821 0.003905 0.000001 0.000004 -0.001113 -0.000249 -0.000005 0.001535 0.001773 -0.000003 0.000485 -0.000062 0.000019 -0.000017 0.000003 -0.001373 -0.002767 0.004099 0.000007 -0.001372 -0.000018 0.001851 -0.000009 0.000004 -0.000001 0.000004 0.000004 0.000025 0.000000 0.000004 0.000606 0.005253 0.001001 0.000845 -0.003231 -0.001282 -0.000657 0.000001 -0.000003 -0.004195 -0.000162 0.000801 -0.000014 -0.001554 -0.000367 -0.000386 -0.000020 0.005175 -0.006493 0.000156 -0.004127 -0.000003 -0.000004 -0.005474 -0.000003 -0.002866 0.000004 0.001992 0.000004 0.000004 0.002425 0.000029 -0.000142 -0.000002 0.002756 -0.000834 -0.001584 0.000002 -0.001086 0.000001 -0.000032 -0.000007 0.001021 -0.003185 -0.000286 -0.009818 0.000008 -0.002388 0.000001 -0.000001 0.002227 -0.000006 0.001583 0.000008 0.002391 0.000134 -0.000007 0.004055 -0.005584 -0.000001 -0.000006 -0.002441 -0.000012 -0.000005 0.002150 -0.004441 -0.000003 0.000021 -0.000001 -0.004822 -0.001295 -0.000010 -0.002118 0.004972 0.000015 -0.000009 0.000020 -0.004249 0.000005 0.001005 -0.004178 -0.000596 0.000005 0.000133 -0.001916 0.000079 0.000320 -0.000159 0.001625 0.000519 -0.000006 -0.001352 0.000460 0.000419 0.000001 0.000004
-0.004734 -0.000002 0.046096 0.007988 -0.026422 -0.021588 -0.000002 0.000002 -0.000002 -0.000008 -0.000006 0.029839 -0.101886 -0.000047 -0.000001 -0.053304 -0.000002 -0.000000 -0.000011 -0.000005 -0.000003 -0.000084 0.000123 -0.042580 0.100895 0.000151 0.000004 0.000054 -0.000001 -0.000005 0.010371 0.018323 -0.000003 -0.022567 -0.000002 0.011789 -0.039377 -0.096491 -0.045459 0.007936 -0.036686 0.000050 -0.000004 -0.000004 -0.031070 -0.003095 -0.000010 -0.000003 -0.000004 -0.088707 -0.000002 -0.000006 -0.041557 -0.000001 -0.000005 -0.000003 0.000080 -0.000009 -0.099126 -0.044814 -0.000003 0.000000 -0.046854 0.025594 -0.048897 -0.000010 -0.039829 -0.069920 -0.000006 0.000178 -0.000002 -0.032748 -0.000001 0.000096 -0.057892 0.004066 0.006981 0.010834 -0.000002 -0.000002 0.032544 -0.000008 -0.000004 0.000117 -0.090588 0.000000 -0.055288 0.005788 -0.000002 0.011825 -0.002033 0.007963 -0.000004 -0.000009 -0.035629 0.000190 0.000173 0.049144 0.037581 0.000062 -0.097602 0.000004 -0.098690 0.000023 -0.045191 -0.000033 0.000381 0.000004 -0.023835 -0.001895 0.000074 0.002501 -0.048510 -0.000002 -0.000006 -0.000007 -0.000008 0.000003 0.005279 0.000193 -0.000006 -0.079822 0.010547 0.000096 0.006261 -0.000008 -0.000089 -0.052469 -0.000219 -0.103048 -0.030836 -0.001832 -0.000003 -0.000005 0.036020 -0.025305 0.000005 0.002681 0.000467 -0.000006 0.040581 -0.000135 -0.000006 -0.000010 -0.000002 -0.018552 -0.005247 0.015962 -0.000007 -0.032113 -0.000007 0.000064 -0.000002 0.000001 -0.000009 0.000122 -0.000002 -0.000008 -0.000000 -0.000005 0.040608 -0.000875 -0.034708 0.017801 -0.046478 0.089964 0.005975 -0.000002 0.000000 -0.077947 0.039667 -0.006160 -0.000007 -0.013797 -0.082761 0.002060 -0.000000 0.016643 -0.216687 -0.000011 -0.095547 0.000001 -0.000004 -0.006973 -0.000097 -0.070766 -0.000002 -0.000031 -0.000001 -0.000001 0.000501 -0.000007 -0.000093 0.000001 -0.043164 -0.001410 -0.046403 -0.000004 -0.085412 0.000004 -0.000000 -0.000003 -0.000007 -0.030741 -0.000115 -0.173065 -0.000003 -0.016655 -0.000004 -0.000009 -0.052739 -0.000005 0.006866 -0.000005 -0.001805 -0.000034 -0.000006 0.037984 0.004793 -0.000008 -0.000006 -0.067188 -0.000002 0.000004 0.004479 -0.024348 -0.000010 -0.000002 -0.000002 -0.043946 -0.037906 0.000657 0.054334 0.054691 -0.000019 -0.000004 0.000000 0.001659 -0.000002 -0.026770 0.003131 0.025077 0.000004 0.000039 -0.095064 -0.000070 -0.071713 0.056927 -0.004619 0.000066 0.000117 0.011987 0.009243 -0.015561 -0.000010 -0.000008
0.007070 -0.000001 0.008552 0.055149 -0.014481 0.002764 0.000012 0.000002 0.000012 -0.000025 0.000005 -0.002721 0.028230 -0.000011 0.000008 -0.020339 0.000001 -0.000024 -0.000009 -0.000003 -0.000005 -0.007547 0.000020 0.018720 -0.000744 0.000164 -0.000010 -0.000140 0.000002 0.000070 0.003391 0.010411 0.000008 -0.002847 0.000014 -0.019753 -0.010670 -0.069553 0.049011 -0.048496 -0.008734 0.000017 -0.000009 -0.000004 -0.033892 -0.042844 -0.000004 0.000268 0.000109 -0.017793 -0.000055 0.000001 0.000074 -0.000000 0.000004 -0.000023 -0.000278 0.000029 -0.028949 -0.021051 0.000014 -0.000004 -0.054353 0.024116 -0.021037 0.000004 -0.045477 -0.074827 -0.000006 0.000036 -0.000019 -0.007288 -0.000008 0.000713 0.016622 -0.104880 0.034699 0.019989 0.000009 0.000005 -0.024015 -0.000124 -0.000007 0.000016 0.005820 -0.000010 -0.009225 0.002730 -0.000015 -0.005321 -0.017893 -0.022823 -0.000006 -0.000005 -0.010373 0.001021 -0.000002 0.039475 -0.004043 -0.000020 -0.032086 0.000041 -0.056123 0.000044 -0.005228 0.000177 0.000015 0.000003 -0.070314 -0.001970 -0.000022 0.000225 0.004158 -0.000006 -0.000025 -0.000042 -0.000005 -0.000002 -0.018936 -0.000018 -0.000007 -0.015231 0.001794 -0.000003 0.003337 -0.000011 -0.000010 0.000730 0.003958 -0.020979 0.009043 -0.024834 0.000006 -0.000001 0.011482 -0.014322 0.000007 0.001318 -0.001028 -0.000011 0.010900 0.000001 -0.000007 -0.000000 -0.000009 0.013346 -0.014983 -0.002545 -0.000008 0.013064 0.000011 -0.000682 0.000008 0.000005 -0.000012 -0.000280 0.000004 -0.000032 0.000028 -0.000007 0.006916 -0.020504 -0.005521 -0.011516 -0.043898 -0.037147 -0.041042 0.000000 -0.000002 -0.022499 0.029274 -0.000134 0.000006 -0.026989 -0.037647 0.001315 -0.000043 0.023198 -0.076517 0.000020 -0.034970 -0.000003 -0.000007 0.008603 -0.000035 -0.056444 -0.000001 0.000292 0.000009 -0.000003 0.000094 -0.000000 -0.000292 -0.000003 -0.011070 0.005333 -0.036929 0.000007 -0.037533 0.000003 0.000011 0.000014 0.000378 -0.037917 0.000487 -0.057390 -0.000002 -0.025655 0.000002 -0.000009 -0.062374 -0.000007 0.001099 0.000004 0.014622 -0.002692 -0.000004 -0.048319 0.103368 0.000005 -0.000004 -0.009207 0.000002 0.000009 0.002184 -0.040276 -0.000011 -0.000004 0.000023 -0.041964 0.006683 -0.000151 0.016433 0.055828 -0.000023 -0.000008 -0.000002 -0.010128 -0.000009 0.017808 -0.009622 0.028038 -0.000004 -0.000035 -0.059954 -0.000045 0.066189 -0.003342 0.033347 0.001881 0.000097 0.020908 0.000762 -0.001111 0.000009 -0.000031
0.000019 0.000009 -0.000054 0.000064 -0.000014 0.000024 -0.000035 0.000004 0.000002 -0.000005 0.000005 -0.000108 0.000004 0.000102 -0.000003 -0.000098 -0.000001 -0.000015 -0.000009 0.000009 0.000002 -0.000038 0.000027 -0.000037 0.000057 -0.000004 0.000001 -0.000036 -0.000001 -0.000000 -0.000013 -0.000094 0.000002 0.000010 -0.000101 -0.000094 -0.000040 0.000016 0.000000 -0.000062 -0.000025 0.000002 0.000002 0.000008 -0.000056 -0.000006 -0.000006 -0.000012 0.000032 -0.000056 -0.000011 0.000007 -0.000059 0.000008 0.000009 -0.000018 0.000014 0.000005 -0.000126 0.000029 -0.000006 -0.000008 -0.000114 0.000160 -0.000033 -0.000009 -0.000045 -0.000106 -0.000003 -0.000028 -0.000002 -0.000163 0.000003 0.000068 -0.000029 0.000001 0.000031 -0.000029 -0.000024 -0.000003 -0.000059 -0.000003 -0.000019 0.000130 -0.000130 -0.000000 -0.000053 0.000042 -0.000001 -0.000101 -0.000224 -0.000073 -0.000003 0.000002 -0.000116 0.000004 0.000043 0.000005 -0.000101 0.000040 -0.000038 0.000006 0.000022 -0.000010 0.000020 -0.000092 0.000020 0.000002 -0.000136 -0.000080 -0.000155 -0.000123 -0.000075 -0.000005 -0.000006 -0.000018 -0.000002 -0.000007 -0.000177 -0.000000 -0.000018 -0.000062 -0.000047 0.000074 -0.000031 -0.000002 0.000028 -0.000196 -0.000168 -0.000074 -0.000043 0.000141 0.000002 0.000006 -0.000010 -0.000089 0.000003 -0.000062 -0.000044 0.000003 -0.000150 0.000026 0.000001 0.000031 -0.000006 -0.000116 -0.000047 0.000003 0.000005 0.000010 -0.000062 0.000041 -0.000006 -0.000006 -0.000004 -0.000075 -0.000000 0.000090 0.000002 -0.000000 -0.000120 -0.000049 -0.000042 -0.000032 -0.000036 -0.000021 0.000009 0.000006 0.000000 -0.000126 0.000070 0.000021 -0.000022 0.000020 -0.000108 -0.000062 0.000017 -0.000002 -0.000236 0.000005 -0.000047 0.000004 0.000008 -0.000198 0.000035 -0.000108 0.000009 -0.000067 0.000011 -0.000004 -0.000107 -0.000001 -0.000044 0.000004 -0.000188 -0.000056 -0.000167 0.000003 -0.000113 -0.000001 0.000001 -0.000003 -0.000006 0.000031 0.000038 -0.000208 -0.000007 -0.000071 0.000006 0.000006 -0.000041 -0.000004 -0.000014 0.000004 -0.000077 -0.000195 -0.000006 0.000027 0.000163 0.000004 -0.000003 -0.000161 0.000001 0.000005 0.000026 -0.000259 -0.000000 -0.000023 -0.000003 0.000012 0.000059 -0.000007 0.000073 -0.000029 0.000004 0.000035 0.000001 -0.000036 0.000004 -0.000022 0.000039 0.000015 0.000001 -0.000058 -0.000035 -0.000002 0.000124 -0.000121 0.000017 0.000155 -0.000064 -0.000032 0.000044 -0.000003 0.000008 -0.000007
-0.013618 0.000000 -0.008942 0.008210 -0.193745 -0.053955 -0.000083 -0.000009 -0.000001 -0.000015 -0.000008 -0.162288 -0.093133 0.000500 -0.000006 0.060001 0.000007 -0.000013 -0.000008 -0.000009 0.000004 0.148083 -0.000023 -0.081258 0.021637 0.000082 0.000001 0.000055 0.000008 -0.000030 0.024937 -0.005951 0.000002 -0.080879 -0.000310 -0.048261 -0.000364 -0.073792 -0.009672 0.184254 -0.120547 -0.005752 0.000008 -0.000032 -0.071472 -0.148333 0.000002 -0.020236 0.000130 -0.006543 0.000005 -0.000001 -0.003612 0.000005 -0.000001 -0.000028 0.005927 -0.000019 0.017463 0.017575 -0.000002 0.000004 -0.005330 0.016364 -0.041618 -0.000011 0.038530 0.255452 0.000006 0.000063 0.000011 -0.106521 0.000004 0.000618 -0.085527 0.015401 0.027245 -0.006452 0.000005 0.000024 -0.002487 -0.000041 0.000025 0.000014 -0.132761 -0.000005 -0.117456 0.001247 -0.000003 -0.065325 -0.116899 -0.057009 -0.000002 -0.000008 -0.117826 -0.000112 0.000202 -0.015231 -0.016947 0.000027 0.023410 0.000005 0.063919 0.000021 -0.013137 -0.000231 -0.000025 -0.000000 -0.147590 0.010723 -0.001105 -0.041706 -0.250252 -0.000007 -0.000009 -0.000025 0.000000 0.000007 -0.126196 -0.000093 0.000011 0.088098 -0.006197 -0.000035 0.067638 0.000003 0.000033 -0.276606 0.000790 -0.157742 0.003487 -0.067891 -0.000005 -0.000006 -0.045509 -0.082212 0.000002 0.014119 -0.001877 -0.000002 -0.012076 0.000004 -0.000015 0.000027 0.000000 0.084930 -0.123730 0.027178 -0.000007 -0.008261 0.000063 0.000458 -0.000002 -0.000000 -0.000029 0.000195 0.000002 -0.000028 0.000172 -0.000004 0.067282 -0.051867 -0.022598 0.066935 -0.056586 -0.047369 -0.053174 -0.000007 -0.000002 -0.053390 0.023652 -0.009145 0.000031 -0.013388 -0.001802 -0.010997 0.000018 0.176143 -0.342139 0.000012 -0.037470 -0.000010 -0.000004 -0.021412 -0.000014 -0.035703 -0.000002 0.001700 -0.000014 -0.000000 0.005348 -0.000025 0.000076 0.000006 -0.112819 0.032943 -0.078587 -0.000003 -0.195141 -0.000001 0.000008 -0.000004 0.002619 -0.137322 -0.018409 -0.114778 0.000000 0.026652 -0.000009 0.000005 -0.088913 -0.000008 -0.021379 -0.000007 0.041918 -0.000817 0.000009 0.032304 -0.098800 0.000050 0.000006 -0.160786 0.000010 0.000015 -0.094475 -0.113814 -0.000013 -0.000018 0.000005 -0.000105 -0.005529 0.000097 -0.029569 0.042818 -0.000017 -0.000005 -0.000007 -0.052037 -0.000005 0.023962 -0.001730 -0.027499 -0.000010 0.000075 0.073286 -0.000020 -0.020827 -0.000724 -0.090758 0.000226 0.000114 -0.041379 -0.028662 -0.060934 -0.000000 0.000008
0.001424 -0.000024 0.002130 0.000483 -0.000133 -0.003445 -0.000007 0.000009 0.000006 -0.000002 0.000004 -0.000812 0.001393 0.000670 -0.000006 -0.001335 0.000004 0.000026 0.000006 -0.000002 0.000002 0.000633 0.001059 -0.000077 0.000656 0.000077 -0.000002 -0.000026 0.000005 0.000183 0.000704 -0.000911 -0.000004 0.000695 0.000286 -0.002778 0.000787 -0.000935 0.000968 -0.000583 -0.001167 -0.000219 0.000001 0.000001 0.000839 -0.001396 -0.000003 -0.001505 0.000583 -0.000358 0.000011 0.000003 -0.000328 -0.000002 0.000002 0.000012 0.000046 0.000001 -0.001563 0.000856 0.000001 -0.000002 0.000361 -0.001814 -0.001120 -0.000007 -0.002240 0.000517 -0.000002 0.000008 0.000005 -0.001950 0.000006 -0.000610 0.002316 0.001146 -0.000487 -0.000944 0.000006 0.000015 -0.000680 -0.000009 -0.000014 0.000020 -0.000409 -0.000005 -0.001162 0.000548 0.000006 -0.001153 -0.003224 -0.001979 -0.000005 0.000006 -0.003159 0.000197 0.000005 0.002214 -0.000617 0.000068 -0.000441 -0.000000 0.000601 -0.000037 -0.001524 0.000096 0.000041 0.000004 -0.001489 -0.000147 0.001010 0.001537 -0.000368 0.000000 -0.000001 -0.000014 -0.000006 0.000009 0.000047 -0.000052 0.000000 -0.001515 -0.000714 -0.000008 -0.000056 0.000000 -0.000007 -0.003396 0.000748 -0.003580 -0.001557 -0.001779 0.000009 -0.000000 -0.001387 -0.001163 0.000008 0.002472 0.001643 0.000002 -0.000697 -0.000100 0.000001 0.000085 -0.000010 -0.002704 -0.000076 -0.000580 0.000002 0.001299 -0.000046 -0.000987 -0.000006 0.000003 0.000008 -0.000066 0.000006 -0.000063 -0.000013 0.000000 -0.001508 0.001946 -0.000888 -0.000895 -0.003135 -0.000057 0.000443 0.000001 -0.000002 -0.001215 0.000903 0.000068 -0.000011 0.000488 0.000707 -0.000529 -0.000008 0.000933 -0.004947 -0.000008 -0.001879 0.000003 0.000007 -0.000106 -0.000022 -0.001457 0.000014 0.002038 0.000004 -0.000010 -0.000376 -0.000008 0.000081 0.000009 0.001352 0.001241 -0.001732 0.000001 -0.000541 -0.000003 -0.000009 -0.000008 0.001790 -0.001708 0.000439 -0.001749 0.000006 -0.001640 0.000004 -0.000002 -0.000064 0.000002 0.000212 0.000000 0.000107 0.003659 -0.000003 0.001371 -0.000290 -0.000051 -0.000003 -0.001092 -0.000006 0.000007 -0.001147 -0.002715 -0.000009 -0.000014 0.000000 -0.000192 -0.000319 0.000006 0.001565 -0.000864 -0.000002 -0.000002 0.000004 -0.000126 0.000007 0.000079 -0.001878 0.002428 0.000006 0.000056 -0.000743 0.000020 0.000229 0.000062 -0.001270 0.001381 0.000028 -0.000288 0.000352 0.000078 0.000003 -0.000001
-0.000111 0.000018 0.000037 -0.000092 -0.000147 -0.000066 -0.000004 -0.000007 0.000013 0.000006 0.000002 -0.000248 -0.000056 -0.000128 -0.000009 -0.000230 0.000001 -0.000028 0.000005 -0.000010 -0.000002 -0.000012 0.000102 -0.000167 -0.000056 -0.000014 -0.000001 0.000026 0.000001 0.000025 0.000051 -0.000150 -0.000007 -0.000029 -0.000064 -0.000132 -0.000095 -0.000006 -0.000107 -0.000065 -0.000118 -0.000079 -0.000010 0.000003 -0.000003 -0.000228 -0.000009 -0.000009 -0.000010 -0.000079 -0.000011 0.000000 0.000033 -0.000002 0.000002 -0.000015 -0.000027 0.000004 0.000047 0.000008 0.000011 -0.000000 -0.000050 0.000008 -0.000144 0.000002 -0.000079 -0.000194 -0.000001 -0.000090 0.000015 -0.000201 0.000000 -0.000102 0.000164 -0.000194 -0.000061 -0.000091 0.000004 0.000041 -0.000186 -0.000005 0.000006 0.000041 -0.000160 0.000006 -0.000077 -0.000172 -0.000008 -0.000060 -0.000062 -0.000082 0.000000 0.000008 -0.000073 0.000061 -0.000033 -0.000080 -0.000086 0.000043 -0.000099 0.000007 -0.000119 -0.000050 0.000001 -0.000015 0.000010 0.000003 -0.000088 0.000057 -0.000001 0.000040 -0.000040 -0.000009 -0.000001 -0.000004 0.000005 -0.000001 -0.000225 -0.000110 -0.000003 -0.000084 -0.000031 0.000002 0.000070 0.000000 -0.000115 -0.000053 -0.000200 -0.000193 -0.000099 0.000054 -0.000004 0.000005 -0.000051 -0.000005 0.000005 -0.000002 0.000206 -0.000006 -0.000050 0.000041 -0.000010 0.000004 0.000010 -0.000090 -0.000079 0.000006 0.000001 -0.000086 -0.000032 0.000001 -0.000011 0.000002 -0.000010 0.000064 0.000002 -0.000008 -0.000003 -0.000010 -0.000114 -0.000102 0.000014 0.000018 -0.000238 -0.000067 -0.000083 0.000008 -0.000006 -0.000152 -0.000061 0.000013 -0.000022 -0.000059 -0.000158 -0.000006 -0.000036 -0.000152 -0.000205 -0.000020 -0.000005 0.000007 -0.000001 -0.000153 -0.000006 -0.000062 -0.000002 -0.000142 0.000015 -0.000004 -0.000081 -0.000031 0.000120 0.000007 -0.000191 0.000023 -0.000161 0.000003 -0.000122 0.000008 -0.000014 -0.000001 0.000001 -0.000089 0.000053 -0.000139 0.000007 0.000019 0.000010 -0.000001 -0.000039 -0.000002 0.000025 -0.000002 0.000081 -0.000010 -0.000000 -0.000021 -0.000040 -0.000022 -0.000004 -0.000177 0.000003 -0.000000 -0.000088 -0.000036 0.000005 -0.000002 0.000001 0.000045 0.000026 -0.000003 -0.000033 -0.000039 0.000001 0.000020 -0.000016 -0.000291 0.000001 -0.000082 0.000061 -0.000167 0.000004 0.000015 -0.000245 0.000051 -0.000071 -0.000006 0.000022 -0.000070 -0.000057 -0.000144 -0.000032 -0.000146 -0.000001 -0.000003
-0.002812 0.000019 -0.000442 0.005972 -0.004392 0.004607 -0.000107 -0.000007 -0.000009 0.000013 0.000003 -0.002635 -0.000030 -0.000701 0.000000 -0.006210 -0.000001 -0.000017 0.000001 -0.000001 0.000002 -0.002104 0.001505 -0.000549 0.001198 0.000912 0.000010 -0.000024 -0.000006 0.000218 0.000557 -0.000200 0.000008 -0.001046 -0.000491 -0.005097 -0.002995 -0.001386 -0.003789 -0.003738 -0.002797 0.002241 0.000001 0.000005 0.002803 -0.004337 0.000006 0.001723 0.000070 0.000755 -0.000028 0.000007 0.001239 -0.000003 0.000006 -0.000014 -0.000469 -0.000008 -0.004052 0.001197 -0.000008 0.000000 -0.000589 0.003861 -0.003299 0.000005 -0.008927 -0.000719 0.000006 -0.000077 -0.000016 -0.003884 0.000015 0.003361 0.002255 0.001265 -0.000468 0.001223 -0.000005 0.000001 -0.000420 0.000141 0.000004 0.000003 -0.003442 0.000000 -0.001591 0.001865 -0.000014 -0.001559 -0.002357 -0.004078 -0.000000 -0.000007 -0.000706 0.000660 -0.000171 0.002594 -0.003837 -0.000014 -0.000579 -0.000009 -0.001185 -0.000018 -0.000102 0.000679 0.000536 -0.000005 0.001987 0.001260 0.000997 0.000471 -0.002048 0.000012 -0.000001 0.000008 0.000004 0.000006 -0.003730 0.000038 0.000012 -0.000081 -0.000595 0.000015 -0.002109 -0.000003 0.000237 -0.004686 -0.001414 -0.003284 -0.004061 0.000006 0.000008 0.000007 0.000820 0.003334 0.000000 0.001619 0.008283 0.000004 -0.001241 0.000058 -0.000015 0.000001 0.000013 -0.009766 0.002837 -0.002296 0.000003 0.000731 -0.000124 0.000632 0.000003 0.000000 0.000006 -0.000063 0.000001 -0.000044 -0.000019 0.000005 -0.001293 -0.005240 -0.000132 0.000907 -0.002283 -0.001559 -0.000223 0.000005 0.000003 -0.006192 0.000281 -0.000559 -0.000028 -0.003061 -0.002072 0.000049 -0.000001 0.000321 -0.007737 0.000003 -0.006821 0.000003 0.000003 0.007417 -0.000007 -0.002314 -0.000001 -0.000471 -0.000002 -0.000007 0.001070 0.000025 -0.000286 0.000004 0.001726 0.002204 0.000318 -0.000010 -0.002778 0.000002 0.000005 -0.000004 0.002936 -0.004548 0.000506 -0.004966 0.000008 -0.000995 0.000006 0.000000 -0.002010 0.000009 -0.001684 0.000008 0.002932 0.003466 0.000000 0.000876 0.001267 -0.000006 -0.000002 -0.003539 -0.000005 0.000013 0.002367 -0.003394 -0.000008 -0.000011 0.000014 -0.004032 0.001261 0.000034 0.001840 -0.001787 0.000009 0.000008 0.000006 -0.003371 0.000001 0.000423 -0.000564 -0.000463 0.000001 0.000133 -0.003222 -0.000008 -0.001072 0.000647 -0.001320 0.000592 -0.000026 -0.003647 0.000609 0.001617 -0.000003 0.000000
-0.437813 -0.000007 0.054256 -0.000822 0.053675 0.026458 0.000030 0.000007 -0.000011 0.000001 -0.000009 -0.150552 -0.109448 0.000993 -0.000009 -0.012592 -0.000001 -0.000013 -0.000000 0.000004 -0.000008 0.050740 0.001252 -0.047299 0.224274 -0.000096 0.000007 -0.000170 -0.000016 -0.000005 0.343447 0.002652 -0.000002 0.334611 0.000410 0.332388 0.638291 0.102071 -0.034110 -0.002450 -0.001714 0.016397 -0.000007 -0.000010 -0.193420 -0.009328 -0.000010 0.006385 0.000876 -0.131344 -0.000008 -0.000009 0.389929 0.000006 -0.000001 0.000003 0.020890 0.000020 0.432590 -0.249636 -0.000026 -0.000005 -0.021026 -0.031671 0.138810 -0.000006 0.273757 0.128858 0.000000 -0.000043 -0.000010 -0.017871 -0.000004 -0.002671 -0.095179 0.262387 0.199750 0.168251 -0.000003 -0.000001 0.143747 0.000062 -0.000007 0.000056 0.003004 -0.000021 0.358945 0.179540 -0.000005 0.242309 0.072095 0.177007 -0.000006 -0.000002 -0.194657 0.000552 0.000132 -0.094520 -0.066954 0.000042 0.182059 -0.000002 -0.078117 -0.000017 0.000580 0.002665 0.001002 0.000009 -0.053851 -0.020002 0.000933 0.014108 0.207775 -0.000007 -0.000037 -0.000022 -0.000002 -0.000002 -0.139374 -0.000082 -0.000433 -0.165424 -0.005285 0.000023 0.239476 -0.000000 -0.000067 0.360830 0.001844 0.059810 -0.245999 0.172951 -0.000000 -0.000005 -0.134905 0.120338 0.000002 0.024589 -0.011468 -0.000003 0.641623 -0.000068 -0.000005 -0.000023 -0.000015 -0.191952 0.445368 -0.009909 -0.000003 0.174099 0.000052 -0.000280 0.000003 -0.000006 -0.000009 -0.000102 -0.000000 -0.000016 0.000016 0.000000 -0.083270 0.209040 -0.047239 0.457998 -0.202119 0.324730 0.283038 0.000002 -0.000005 0.469222 -0.239308 -0.007735 -0.000002 0.051496 0.283542 0.225461 -0.000007 0.233979 -0.405184 0.000095 0.117681 0.000007 -0.000007 -0.308429 0.000019 0.065021 -0.000004 0.000155 -0.000002 0.000000 0.113493 -0.000032 -0.000004 -0.000004 0.508805 0.023028 0.318837 -0.000010 0.123413 -0.000008 -0.000009 0.000005 -0.001311 -0.159143 0.007236 -0.263250 -0.000009 -0.317025 -0.000003 -0.000010 0.392588 -0.000005 0.121281 -0.000004 -0.011928 0.001094 -0.000008 -0.272363 0.117002 0.000010 -0.000007 -0.109596 -0.000004 0.000009 -0.039477 0.424476 -0.000009 -0.000027 0.000012 0.036548 0.057391 0.000296 -0.269424 0.017554 0.000009 -0.000015 -0.000004 -0.069228 -0.000006 0.384797 -0.049202 -0.102223 -0.000007 -0.000095 -0.417681 0.000048 0.145864 0.251094 0.077341 0.000812 -0.000059 0.130621 0.005286 0.383486 -0.000006 -0.000001
-0.000042 -0.000007 -0.000124 -0.000099 -0.000006 0.000048 0.000040 0.000006 -0.000007 -0.000005 -0.000007 -0.000199 -0.000049 -0.000164 -0.000009 -0.000199 0.000005 0.000008 -0.000003 0.000010 -0.000006 -0.000019 -0.000026 -0.000041 0.000005 0.000023 -0.000003 -0.000003 -0.000009 -0.000022 -0.000081 0.000028 0.000007 -0.000067 -0.000035 -0.000275 0.000071 -0.000250 -0.000124 -0.000049 -0.000354 -0.000000 0.000001 0.000007 -0.000130 -0.000137 -0.000020 -0.000018 -0.000039 -0.000207 -0.000048 0.000009 0.000035 -0.000003 0.000002 -0.000003 -0.000026 -0.000006 -0.000168 -0.000035 -0.000001 0.000002 0.000193 0.000052 0.000117 0.000001 -0.000036 -0.000091 0.000005 0.000115 -0.000008 -0.000170 0.000010 0.000076 0.000097 -0.000006 -0.000039 0.000047 0.000009 0.000043 0.000114 0.000050 0.000002 0.000022 -0.000126 -0.000015 -0.000038 -0.000113 -0.000011 -0.000145 0.000050 -0.000166 0.000008 0.000000 0.000019 0.000029 0.000041 0.000024 -0.000132 -0.000052 -0.000054 0.000015 -0.000226 0.000020 -0.000003 -0.000030 -0.000126 0.000003 -0.000078 -0.000041 0.000033 -0.000059 -0.000347 -0.000000 0.000012 0.000013 -0.000002 0.000004 -0.000165 -0.000027 0.000016 -0.000262 -0.000054 -0.000007 -0.000041 -0.000003 0.000059 -0.000241 -0.000388 -0.000307 0.000066 -0.000085 0.000007 0.000006 -0.000017 -0.000220 0.000000 0.000120 0.000040 -0.000003 -0.000246 -0.000158 -0.000000 -0.000001 0.000003 0.000167 -0.000144 0.000057 0.000002 -0.000047 -0.000045 0.000053 -0.000004 0.000008 -0.000016 -0.000000 0.000003 0.000021 0.000012 0.000006 -0.000078 -0.000212 -0.000065 -0.000037 0.000043 -0.000006 -0.000051 -0.000003 -0.000010 -0.000172 -0.000202 0.000034 -0.000025 0.000001 -0.000440 -0.000111 -0.000023 -0.000107 -0.000317 -0.000012 -0.000242 -0.000009 0.000002 -0.000119 -0.000036 -0.000176 0.000009 -0.000031 -0.000010 0.000001 -0.000168 -0.000051 -0.000088 0.000006 -0.000152 0.000030 -0.000445 0.000004 -0.000107 0.000003 -0.000011 -0.000010 -0.000009 -0.000218 -0.000001 -0.000473 0.000005 -0.000066 -0.000003 0.000007 -0.000191 0.000004 -0.000058 0.000005 0.000099 0.000016 0.000026 -0.000048 -0.000055 0.000005 0.000001 -0.000277 0.000003 0.000005 -0.000027 -0.000128 -0.000015 0.000033 -0.000005 0.000278 -0.000120 -0.000011 -0.000135 -0.000062 -0.000013 0.000037 0.000000 -0.000241 -0.000000 -0.000009 -0.000014 -0.000096 -0.000007 -0.000114 -0.000435 -0.000021 0.000001 -0.000037 0.000076 -0.000138 0.000022 -0.000135 0.000099 0.000070 -0.000002 0.000008
-0.002840 0.000028 -0.001083 0.000487 -0.002336 0.001375 0.000097 0.000002 0.000003 0.000017 0.000004 -0.000043 -0.000959 0.000678 -0.000009 -0.003350 0.000001 -0.000009 0.000016 0.000004 0.000009 -0.000754 0.000347 0.001686 -0.001049 0.000093 0.000003 0.000272 0.000004 0.000109 -0.000611 -0.001652 -0.000003 -0.002244 0.001705 0.000761 0.002908 -0.001475 0.000783 -0.002484 -0.001329 0.000087 0.000008 0.000006 0.001211 -0.007752 0.000011 -0.000300 0.000172 -0.002718 -0.000007 0.000006 -0.001423 -0.000006 0.000000 -0.000000 -0.001532 0.000003 0.000520 -0.002653 0.000011 0.000007 -0.002560 -0.000989 -0.004342 0.000012 -0.003320 -0.003359 -0.000009 -0.000254 0.000004 -0.003511 0.000000 -0.000326 0.001671 -0.002293 -0.001372 0.002396 -0.000020 0.000013 0.003628 -0.000252 -0.000021 0.000045 -0.003765 0.000015 -0.000869 0.001770 0.000021 -0.001335 -0.000355 -0.001993 -0.000008 0.000009 -0.002939 0.000668 -0.000074 -0.001974 -0.001730 -0.000016 0.000592 0.000004 -0.000871 0.000010 -0.001898 0.000707 0.000028 0.000006 -0.002294 0.001203 -0.000923 -0.000086 -0.002804 0.000003 -0.000013 0.000008 -0.000002 -0.000001 -0.003466 0.000086 0.000044 -0.001022 0.000372 0.000087 -0.002364 0.000003 -0.000087 -0.003542 -0.002474 -0.006759 -0.000749 0.007931 -0.000008 0.000003 -0.001600 -0.001150 -0.000003 -0.002480 -0.000074 0.000001 0.000232 -0.000493 -0.000009 -0.000005 -0.000004 -0.003049 -0.001368 0.000827 0.000007 -0.004582 0.000054 -0.000052 -0.000004 -0.000008 -0.000015 -0.000336 -0.000002 -0.000015 -0.000006 -0.000009 -0.000682 -0.004057 -0.004006 -0.002922 -0.003253 -0.001553 0.000824 0.000008 0.000001 -0.000043 0.000341 0.001671 -0.000015 -0.001876 0.000259 -0.000122 0.000011 -0.001402 -0.010804 0.000534 -0.002270 0.000007 -0.000000 -0.003184 0.000018 -0.002083 -0.000001 0.001760 -0.000006 -0.000004 0.002300 -0.000006 0.000004 0.000001 -0.003698 0.001230 -0.001213 0.000002 0.001051 0.000001 -0.000002 0.000001 0.001758 -0.005269 0.000341 -0.001940 0.000005 -0.000548 0.000005 0.000006 0.000241 0.000003 -0.001707 0.000008 0.002596 -0.001993 -0.000002 -0.002279 0.000270 -0.000069 0.000004 0.001114 0.000003 0.000005 -0.000018 -0.000974 -0.000002 -0.000004 0.000008 0.000104 -0.002678 0.000155 0.001167 0.002535 -0.000033 0.000004 -0.000016 -0.002228 0.000008 0.000272 0.000562 -0.000408 -0.000006 0.000116 -0.006068 -0.000024 -0.000395 -0.000675 0.000976 0.000362 0.000082 -0.000824 -0.000169 -0.000666 0.000003 -0.000000
0.225855 0.000004 -0.082003 -0.047314 0.338469 0.219451 -0.000103 0.000005 0.000006 0.000005 -0.000004 0.227642 -0.094251 0.000087 -0.000001 -0.114048 0.000005 -0.000003 -0.000002 0.000003 0.000008 -0.001825 0.000019 -0.258618 -0.312249 -0.000109 -0.000004 0.000012 -0.000006 -0.000014 -0.017758 -0.012030 -0.000009 -0.050449 -0.000182 0.153233 0.281303 0.082647 0.018942 -0.179328 -0.116117 0.012096 -0.000003 0.000001 0.114032 0.704930 0.000002 0.005712 -0.000041 0.082270 -0.000001 0.000004 -0.050835 0.000003 -0.000009 -0.000003 0.013773 0.000002 -0.434201 -0.014147 -0.000006 0.000000 -0.064581 0.084485 0.191812 0.000003 0.222437 -0.356377 -0.000000 -0.000062 -0.000012 -0.344934 -0.000012 0.000232 -0.418175 0.048164 0.016763 0.289955 0.000012 0.000005 0.033257 -0.000092 -0.000005 -0.000008 0.140158 -0.000001 -0.237812 0.215021 -0.000003 0.073425 0.179999 -0.632100 0.000004 -0.000004 0.150161 0.000073 -0.000051 -0.214904 0.486231 -0.000055 -0.190519 -0.000004 0.044653 0.000052 -0.384885 -0.000168 -0.000002 0.000000 0.089620 0.018003 -0.000014 -0.001706 0.287782 -0.000006 -0.000015 -0.000008 -0.000003 0.000005 -0.403746 -0.000118 -0.000013 0.100307 0.000805 0.000005 0.270729 0.000006 0.000215 -0.086835 -0.000157 -0.105436 -0.036055 -0.126141 -0.000007 -0.000005 0.202569 -0.186185 0.000007 0.015347 0.158257 0.000003 0.556369 -0.000400 -0.000006 -0.000013 -0.000003 0.027087 -0.275575 0.100671 -0.000004 -0.045901 -0.000003 0.000022 0.000006 -0.000004 0.000035 0.000154 -0.000006 0.000001 -0.000004 -0.000003 0.417016 -0.083628 0.216649 -0.155012 0.046210 -0.069366 0.306040 0.000006 0.000004 -0.300637 -0.049869 -0.001326 0.000022 0.019464 0.138238 0.010434 0.000001 -0.047023 -0.588722 -0.000009 -0.261574 -0.000004 -0.000007 -0.108249 -0.000005 -0.075736 -0.000002 -0.000058 0.000002 0.000001 -0.002242 0.000013 0.000079 -0.000000 -0.051332 0.007726 0.075397 -0.000001 0.364947 -0.000007 -0.000035 -0.000000 -0.000005 -0.713517 -0.007447 -0.555512 -0.000005 0.126104 -0.000008 0.000003 0.122516 -0.000004 0.091395 0.000004 0.326798 0.034624 -0.000001 0.070687 0.090424 0.000007 0.000007 -0.121741 0.000026 -0.000005 0.293680 -0.084397 -0.000002 -0.000029 0.000003 -0.315059 0.538394 -0.000103 -0.086084 -0.031427 0.000006 0.000003 -0.000005 -0.203017 -0.000006 -0.041196 0.083276 -0.076309 0.000010 0.000110 -0.287204 -0.000013 0.116296 0.544480 0.067775 0.000072 0.000132 -0.351871 -0.005665 -0.060723 -0.000003 -0.000008
0.001515 0.000003 -0.372614 -0.009483 -0.690427 -0.590853 0.000259 0.000002 -0.000011 0.000005 0.000002 -0.890709 0.116672 0.001067 -0.000001 0.441296 0.000003 -0.000011 -0.000004 -0.000000 0.000004 0.370440 -0.000984 -0.073330 -0.426824 0.000246 0.000006 -0.000212 -0.000013 -0.000020 -0.090370 -0.054532 0.000009 -0.014065 -0.000493 -0.246074 -0.584185 -0.291925 0.018531 -0.127865 -0.381453 0.014793 0.000007 0.000002 0.028239 -0.250603 0.000006 -0.013367 0.000013 -0.192328 -0.000052 0.000001 0.069719 -0.000002 0.000006 -0.000030 0.000446 -0.000003 -0.146263 0.138942 -0.000009 0.000005 -0.737650 -0.083526 0.347927 -0.000003 -1.622908 0.311825 0.000006 0.000084 0.000011 -0.528007 0.000009 -0.003057 -0.571706 -0.650234 0.560322 0.394053 0.000005 0.000005 0.060728 -0.000191 0.000043 -0.000061 0.360492 -0.000010 -0.158580 -0.262198 -0.000013 -0.685589 -0.127458 -1.901910 0.000003 0.000005 0.532939 0.000665 0.000110 -0.369742 -0.131188 -0.000002 -0.271845 -0.000007 0.447543 0.000016 0.571657 -0.004054 0.000258 -0.000000 -1.101771 -0.007238 -0.001253 -0.078186 -0.128242 -0.000003 0.000006 0.000032 0.000003 0.000001 -1.007290 -0.000011 0.000165 -0.221036 -0.017700 0.000080 0.261517 -0.000004 -0.000103 -0.214262 -0.003616 0.334522 0.576277 0.150522 0.000008 0.000004 -0.028091 0.459968 -0.000004 0.014586 0.283165 -0.000001 -0.154270 -0.000439 -0.000016 0.000082 -0.000017 0.074815 -1.214018 -0.406393 0.000000 0.062499 -0.000269 0.004011 -0.000004 0.000001 -0.000016 -0.000078 0.000009 0.000014 -0.000001 -0.000000 0.734023 -0.096618 0.007056 -0.708969 0.160480 -0.303752 -0.657232 0.000003 0.000003 0.054697 0.682975 -0.010416 -0.000028 0.673187 -0.387191 -0.392101 -0.000014 0.098442 -0.035011 -0.000283 0.472000 0.000000 -0.000001 -0.189577 -0.000010 -0.711825 0.000002 0.002480 -0.000004 0.000002 0.046941 -0.000003 -0.000219 0.000006 -0.510945 -0.016837 -0.359667 0.000003 0.050995 0.000002 0.000024 0.000007 -0.001223 -0.077594 -0.014594 0.072215 0.000005 -0.816467 0.000004 0.000002 -0.205385 0.000005 0.979560 0.000007 -0.142340 -0.038961 0.000005 0.218712 0.102382 0.000006 -0.000002 -0.050467 -0.000002 0.000005 -0.029756 0.260835 0.000001 0.000036 0.000001 0.386680 0.010913 0.000479 -0.543800 0.125893 0.000013 0.000055 0.000001 -0.373000 0.000002 -0.716121 0.027874 0.320340 0.000002 0.000128 -0.028749 0.000125 0.074439 -0.326705 -0.096431 0.002464 -0.000105 -0.172059 -0.004765 -0.873758 0.000010 -0.000004
-0.151395 -0.000004 0.710183 0.031063 0.669041 0.426335 0.000043 -0.000004 -0.000002 0.000005 0.000000 -0.237629 0.386101 0.000128 -0.000003 0.355947 0.000005 0.000018 -0.000008 -0.000002 -0.000008 0.104596 0.000236 0.171908 0.423377 -0.000090 0.000006 -0.000048 -0.000013 -0.000133 -0.195512 -0.009816 -0.000009 0.198522 -0.000055 0.325883 0.096631 0.417321 0.329244 -0.255960 -0.037069 -0.015108 0.000003 0.000007 -0.198836 -0.333765 -0.000008 0.038566 -0.000008 0.025181 -0.000011 0.000004 0.214549 -0.000004 0.000008 -0.000007 0.007543 -0.000006 0.040976 0.096066 0.000002 -0.000000 0.326901 0.329973 -0.063366 -0.000014 0.063220 0.206085 -0.000003 -0.000010 0.000011 0.255326 -0.000007 -0.000245 0.867953 0.272578 0.128200 0.044548 0.000000 0.000005 0.310143 -0.000111 -0.000007 -0.000019 0.468750 0.000006 0.205878 0.245610 -0.000000 -0.181478 -0.433230 0.035257 -0.000000 0.000003 0.222217 0.000218 0.000074 0.061061 -0.201300 0.000003 0.239965 0.000002 0.042255 -0.000004 0.180819 -0.001697 -0.000057 0.000007 0.056726 -0.015258 0.000994 -0.029939 -0.006888 -0.000004 0.000003 0.000005 0.000005 -0.000002 -0.083424 0.000070 -0.000016 0.309053 0.003791 -0.000010 0.566306 -0.000005 0.000165 -0.486992 -0.002231 -0.348041 0.269572 0.066146 0.000004 0.000001 0.258679 -0.025379 0.000009 0.000068 0.145537 0.000009 0.395326 0.000052 0.000017 -0.000020 -0.000002 0.192285 0.124799 0.547905 0.000006 -0.052449 0.000037 -0.000548 -0.000002 0.000000 -0.000013 0.000014 0.000005 -0.000024 -0.000007 -0.000006 0.225536 -0.074718 0.055301 0.106072 -0.269188 0.149795 0.031370 0.000005 -0.000003 -0.135918 0.218038 0.004257 -0.000026 -0.090932 0.280740 0.199556 -0.000002 0.172223 -0.816190 -0.000062 -0.053750 0.000001 -0.000009 -0.393255 0.000047 -0.015562 -0.000005 -0.000748 -0.000011 -0.000008 0.002319 0.000012 -0.000045 0.000001 -0.054624 0.023670 -0.326039 -0.000003 0.373135 -0.000001 -0.000007 -0.000004 -0.000704 -0.537018 0.022337 -0.141065 0.000002 -0.467815 -0.000000 0.000001 -0.003268 -0.000004 -0.011132 0.000004 0.146352 -0.000643 0.000002 0.039605 0.748340 0.000007 0.000003 0.589664 -0.000004 -0.000002 0.249609 0.263017 -0.000012 -0.000017 -0.000001 0.401148 0.103166 0.000015 0.407015 -0.078948 -0.000017 -0.000000 0.000002 0.165440 0.000001 1.024959 0.190453 -0.172503 -0.000001 0.000058 0.087133 -0.000097 -0.125293 0.082119 0.384999 0.000638 -0.000007 0.023172 -0.011134 -0.060360 0.000001 -0.000004
-0.000377 0.000011 -0.000020 -0.000134 -0.000338 -0.000108 -0.000001 -0.000000 0.000001 0.000006 -0.000005 -0.000265 -0.000162 -0.000020 -0.000001 0.000046 0.000009 -0.000013 0.000003 -0.000009 0.000006 -0.000101 0.000117 -0.000164 -0.000033 0.000130 -0.000003 -0.000093 0.000006 0.000018 0.000006 -0.000157 -0.000005 0.000019 0.000005 -0.000623 -0.000032 0.000189 -0.000011 -0.000318 -0.000239 0.000018 0.000000 0.000002 -0.000015 -0.000233 0.000004 -0.000001 0.000021 -0.000334 -0.000006 0.000006 0.000091 -0.000001 0.000002 0.000015 0.000006 -0.000007 -0.000365 -0.000008 -0.000002 0.000001 0.000145 -0.000322 -0.000172 0.000003 -0.000317 -0.000124 -0.000002 -0.000057 0.000008 -0.000031 -0.000001 0.000002 -0.000075 -0.000087 -0.000012 -0.000261 0.000011 0.000008 0.000059 0.000008 0.000003 -0.000012 -0.000359 0.000009 -0.000178 -0.000084 0.000019 -0.000334 -0.000022 -0.000287 -0.000008 -0.000008 -0.000193 -0.000045 0.000004 -0.000097 0.000174 -0.000039 0.000252 -0.000014 -0.000206 -0.000067 -0.000036 -0.000058 -0.000034 -0.000004 0.000035 0.000039 -0.000008 -0.000337 -0.000266 0.000007 0.000012 -0.000036 -0.000007 -0.000001 -0.000462 0.000016 -0.000010 -0.000194 -0.000243 0.000006 -0.000005 0.000007 -0.000002 -0.000186 -0.000431 -0.000170 -0.000266 -0.000376 -0.000008 0.000009 -0.000385 -0.000362 -0.000000 0.000084 -0.000007 0.000005 -0.000266 -0.000021 -0.000006 0.000022 0.000034 -0.000067 0.000115 -0.000249 0.000001 -0.000021 0.000005 -0.000008 -0.000006 0.000003 -0.000006 -0.000012 0.000002 -0.000043 -0.000024 -0.000003 -0.000244 0.000161 -0.000143 0.000050 -0.000309 -0.000204 -0.000095 -0.000008 0.000004 -0.000326 0.000001 0.000007 0.000003 -0.000033 -0.000372 -0.000072 -0.000026 -0.000103 -0.000558 -0.000017 0.000101 -0.000006 0.000007 -0.000319 -0.000015 -0.000195 0.000004 -0.000030 0.000002 0.000001 -0.000153 0.000015 -0.000084 0.000008 -0.000055 0.000132 -0.000022 0.000003 -0.000135 0.000008 -0.000034 -0.000012 -0.000003 -0.000357 0.000079 -0.000137 0.000005 0.000085 0.000004 0.000002 -0.000039 0.000011 -0.000078 0.000010 -0.000068 -0.000075 0.000001 -0.000059 0.000047 0.000062 -0.000004 -0.000190 0.000003 0.000007 0.000032 0.000020 -0.000007 -0.000022 0.000016 -0.000285 -0.000070 -0.000038 -0.000206 -0.000223 -0.000002 0.000016 -0.000005 -0.000041 -0.000003 -0.000042 0.000017 0.000075 0.000009 -0.000033 -0.000296 0.000007 -0.000007 0.000006 0.000258 0.000031 -0.000061 0.000019 -0.000010 -0.000105 0.000008 -0.000002
0.022533 0.000022 0.005859 -0.015860 -0.011207 -0.046915 -0.000091 -0.000005 0.000003 0.000012 -0.000004 -0.011344 -0.008718 -0.000024 -0.000009 0.000858 0.000003 0.000013 0.000007 0.000007 0.000004 -0.004023 -0.000005 -0.015839 0.020387 -0.000216 -0.000001 0.000412 0.000008 -0.000074 0.026353 0.002950 -0.000010 -0.056711 0.000035 -0.018492 -0.035648 0.029248 0.006953 0.008858 -0.032126 -0.003851 -0.000008 0.000006 -0.007395 -0.022855 0.000025 0.000974 0.000176 -0.009851 -0.000017 0.000006 -0.008884 0.000008 0.000005 -0.000003 0.001621 0.000004 -0.002944 0.001808 -0.000004 -0.000016 0.042337 -0.005497 -0.039024 0.000006 -0.041126 0.032474 -0.000004 0.000231 0.000001 -0.035044 0.000000 0.003620 -0.001294 0.022285 -0.020981 -0.012943 -0.000010 0.000002 0.034815 0.000259 0.000000 0.000043 0.008406 0.000007 0.013653 0.001293 0.000033 -0.013013 -0.008292 -0.058251 -0.000005 -0.000003 -0.048094 0.000245 -0.000042 0.063788 -0.013073 -0.000052 -0.038310 0.000007 -0.015731 -0.000024 0.015688 -0.000346 -0.000056 0.000006 -0.051711 0.036072 0.000036 -0.025602 -0.042065 0.000005 -0.000000 -0.000005 -0.000000 -0.000007 -0.036427 -0.000158 0.000502 0.014127 0.008528 -0.000019 0.005710 -0.000002 0.000002 -0.042283 -0.000124 -0.045653 -0.013313 0.016755 -0.000008 0.000005 0.032971 -0.040848 0.000002 -0.002798 0.024176 -0.000008 -0.034181 -0.000011 0.000002 0.000030 -0.000004 -0.030532 -0.038450 0.015880 -0.000001 -0.020522 -0.000054 0.000012 0.000002 -0.000007 0.000016 0.000129 -0.000004 -0.000033 -0.000054 -0.000003 0.015768 -0.027457 0.000899 0.008426 -0.020186 0.006113 -0.023085 -0.000000 -0.000004 -0.014197 -0.004532 -0.004004 0.000024 -0.056536 -0.021605 0.026657 -0.000015 0.010338 -0.098815 -0.000015 0.004712 -0.000003 0.000004 0.011081 0.000017 -0.014288 0.000002 0.000091 0.000015 0.000002 0.009756 -0.000018 0.000046 0.000004 0.016210 -0.001017 0.015574 0.000008 -0.004940 -0.000012 0.000005 -0.000007 -0.000036 -0.003416 -0.016364 -0.065440 0.000002 0.026446 -0.000005 -0.000004 -0.052409 0.000004 -0.030161 -0.000008 0.007431 -0.002999 -0.000001 0.006952 -0.000128 0.000069 0.000001 -0.001267 0.000006 0.000008 0.039521 -0.035783 -0.000001 -0.000043 -0.000001 -0.047683 0.000705 -0.000113 0.016344 0.018735 -0.000016 0.000013 -0.000010 -0.003506 0.000007 0.003434 -0.008622 0.012079 -0.000005 -0.000122 0.024217 0.000358 0.014627 -0.006047 0.005642 0.000327 -0.000077 -0.003543 0.019910 0.019554 -0.000001 0.000003
-0.002866 -0.000000 -0.065081 -0.007290 -0.046008 -0.021865 -0.000007 -0.000003 -0.000002 0.000003 -0.000004 -0.020558 -0.001681 -0.001603 0.000004 -0.063878 -0.000001 -0.000017 -0.000008 0.000003 -0.000008 -0.022962 0.000690 0.016520 -0.022727 -0.000097 -0.000002 0.000376 -0.000003 -0.000013 -0.009045 0.011521 -0.000003 0.006346 0.000014 0.012552 0.001941 -0.039169 0.017832 0.025732 -0.026219 0.006248 -0.000002 -0.000009 -0.027114 -0.040456 -0.000005 0.023238 0.001159 -0.040188 0.000007 -0.000010 0.003990 -0.000008 -0.000004 -0.000046 0.006767 -0.000005 0.004307 0.014219 0.000073 -0.000009 -0.004573 0.006115 0.015520 0.000006 -0.060965 -0.010269 -0.000004 -0.000147 -0.000022 -0.017879 -0.000006 0.001150 -0.000916 -0.016030 -0.026972 -0.000403 -0.000006 0.000039 0.014814 -0.000090 -0.000009 0.000031 -0.021321 -0.000000 0.002496 0.003976 0.000003 -0.029137 -0.029851 -0.030887 -0.000001 -0.000004 0.025511 0.000051 -0.000236 -0.032436 -0.003247 -0.000080 0.017528 -0.000006 -0.000995 0.000001 -0.021429 -0.000575 0.000279 -0.000003 0.002802 0.009513 0.000343 0.013905 0.017434 -0.000005 -0.000004 0.000072 -0.000004 -0.000005 -0.052687 -0.000100 0.000148 0.017539 0.010763 0.000048 -0.025059 -0.000002 0.000025 -0.057178 -0.000825 -0.074233 -0.011846 0.045427 -0.000004 -0.000003 -0.000070 0.020609 0.000002 -0.003264 0.002532 -0.000007 -0.012782 -0.000145 -0.000010 0.000116 0.000053 -0.005026 0.004482 -0.009541 -0.000006 0.058998 0.000014 -0.003014 -0.000006 -0.000002 0.000044 0.000600 -0.000003 -0.000076 -0.000031 0.000003 -0.007906 -0.016213 -0.033653 -0.000941 -0.089254 -0.015408 0.031896 -0.000001 -0.000002 -0.030119 -0.008845 0.008756 -0.000011 -0.023844 -0.024542 0.004746 -0.000003 0.015739 -0.090664 -0.000046 -0.010343 0.000003 -0.000006 -0.001334 -0.000003 0.010727 -0.000003 0.001790 -0.000005 -0.000003 0.010794 -0.000014 -0.000061 -0.000005 0.009029 0.010823 -0.024538 -0.000005 -0.016310 -0.000005 -0.000010 0.000007 0.001895 -0.026680 0.001103 -0.055295 -0.000001 0.010179 -0.000003 -0.000010 -0.013952 -0.000001 -0.021525 -0.000000 0.086005 -0.001166 -0.000003 0.009996 -0.034550 0.000031 -0.000006 -0.035855 -0.000001 -0.000003 0.007017 -0.019374 -0.000004 0.000005 -0.000001 -0.000211 0.007382 -0.000026 0.029214 -0.018540 0.000001 0.000071 -0.000004 -0.050508 -0.000004 -0.011927 -0.014480 0.020024 -0.000001 -0.000156 -0.030469 0.000097 -0.018526 -0.002138 0.029909 -0.001898 0.000075 -0.035721 -0.002072 0.001585 -0.000003 0.000010
0.000010 -0.000020 -0.000028 -0.000007 0.000002 -0.000034 0.000017 -0.000005 0.000022 0.000008 -0.000000 -0.000002 -0.000011 -0.000004 0.000004 -0.000057 -0.000006 -0.000002 0.000009 -0.000002 -0.000009 -0.000012 -0.000024 0.000002 -0.000011 -0.000005 -0.000001 -0.000006 -0.000002 -0.000022 0.000004 -0.000004 -0.000004 -0.000027 0.000007 -0.000010 -0.000040 -0.000022 -0.000008 0.000011 0.000000 -0.000019 -0.000006 -0.000009 -0.000032 -0.000007 0.000014 0.000011 -0.000000 0.000014 -0.000010 -0.000005 -0.000005 -0.000001 -0.000008 0.000017 -0.000012 0.000003 0.000014 0.000012 0.000006 0.000009 -0.000026 -0.000026 -0.000048 -0.000006 -0.000016 -0.000016 -0.000006 -0.000014 0.000003 -0.000015 -0.000005 -0.000003 -0.000019 -0.000008 -0.000011 -0.000030 -0.000002 -0.000003 -0.000007 0.000009 0.000006 -0.000010 -0.000016 -0.000000 -0.000001 0.000003 -0.000003 -0.000028 -0.000010 -0.000023 -0.000003 0.000007 -0.000026 0.000000 -0.000001 0.000008 -0.000018 -0.000016 -0.000019 0.000022 -0.000013 0.000002 -0.000005 -0.000024 0.000008 -0.000007 -0.000019 0.000023 -0.000019 -0.000016 -0.000039 0.000004 0.000009 -0.000014 0.000001 -0.000007 -0.000023 -0.000013 -0.000004 -0.000019 -0.000025 0.000018 -0.000017 -0.000008 0.000005 -0.000037 -0.000016 -0.000070 -0.000056 0.000002 -0.000001 -0.000002 0.000019 -0.000032 -0.000002 -0.000008 -0.000026 0.000002 -0.000012 -0.000027 -0.000009 -0.000042 -0.000006 -0.000012 -0.000012 -0.000004 -0.000007 -0.000012 0.000039 -0.000014 -0.000011 -0.000009 0.000000 -0.000001 -0.000005 -0.000008 0.000000 -0.000006 -0.000004 -0.000021 0.000010 0.000014 -0.000006 -0.000003 -0.000014 -0.000008 0.000003 -0.000021 0.000004 -0.000024 -0.000020 0.000002 -0.000022 -0.000012 -0.000001 -0.000015 -0.000054 -0.000008 -0.000021 0.000001 0.000003 -0.000019 -0.000010 -0.000007 0.000000 -0.000007 0.000007 -0.000000 -0.000045 -0.000006 -0.000002 -0.000001 0.000004 -0.000000 -0.000035 -0.000000 -0.000006 0.000004 0.000027 0.000013 -0.000012 -0.000014 -0.000004 -0.000047 -0.000005 0.000012 -0.000007 -0.000000 -0.000004 -0.000002 -0.000014 -0.000000 -0.000017 0.000013 -0.000022 -0.000039 -0.000045 -0.000002 -0.000002 -0.000008 0.000004 -0.000007 -0.000015 -0.000003 -0.000010 -0.000014 0.000003 -0.000029 -0.000006 -0.000005 -0.000002 -0.000011 0.000004 -0.000011 0.000018 0.000007 -0.000004 -0.000010 -0.000009 -0.000031 -0.000004 -0.000021 -0.000012 -0.000002 -0.000008 0.000003 -0.000010 -0.000003 -0.000008 -0.000023 0.000015 -0.000025 -0.000001 0.000019
-0.000031 0.000019 -0.000038 -0.000021 -0.000023 -0.000016 -0.000003 0.000001 -0.000011 0.000002 -0.000005 -0.000056 -0.000039 -0.000028 -0.000005 -0.000001 0.000009 -0.000006 0.000001 0.000011 -0.000001 -0.000003 -0.000020 -0.000034 -0.000011 -0.000030 0.000001 0.000008 -0.000001 0.000008 -0.000002 -0.000015 -0.000005 -0.000007 -0.000029 -0.000009 -0.000021 -0.000060 -0.000081 -0.000004 -0.000021 0.000001 0.000002 0.000007 -0.000016 -0.000011 0.000004 0.000004 -0.000000 0.000010 -0.000007 -0.000006 -0.000017 -0.000003 -0.000008 0.000001 -0.000078 -0.000005 0.000003 -0.000001 0.000007 -0.000001 -0.000006 -0.000004 -0.000014 0.000004 -0.000048 -0.000020 0.000003 -0.000001 -0.000021 -0.000046 0.000000 -0.000003 -0.000006 -0.000013 -0.000004 0.000018 -0.000008 -0.000001 -0.000014 -0.000002 0.000009 -0.000027 -0.000016 -0.000003 -0.000037 0.000015 0.000005 0.000013 -0.000042 -0.000014 0.000003 0.000004 -0.000037 0.000006 -0.000025 -0.000020 -0.000055 -0.000018 0.000010 -0.000001 -0.000035 -0.000020 -0.000034 0.000004 -0.000002 -0.000005 -0.000020 -0.000027 -0.000016 -0.000006 -0.000071 -0.000007 0.000006 -0.000018 0.000009 -0.000008 -0.000029 -0.000008 -0.000004 0.000013 -0.000037 0.000006 -0.000035 0.000002 0.000044 -0.000033 -0.000076 -0.000050 0.000003 -0.000031 -0.000002 0.000003 -0.000014 -0.000041 0.000008 -0.000024 -0.000009 0.000006 -0.000024 -0.000017 -0.000011 -0.000003 -0.000006 -0.000041 -0.000055 -0.000001 0.000000 -0.000014 0.000040 -0.000011 0.000005 0.000010 -0.000010 -0.000003 -0.000004 -0.000034 -0.000011 -0.000005 0.000003 -0.000004 -0.000006 -0.000006 -0.000074 -0.000023 -0.000068 -0.000007 -0.000005 -0.000001 0.000007 -0.000006 -0.000026 -0.000021 -0.000057 0.000004 -0.000016 -0.000025 -0.000060 -0.000019 0.000008 0.000004 0.000001 -0.000030 0.000000 -0.000025 0.000007 -0.000019 -0.000009 0.000000 -0.000011 -0.000004 -0.000040 0.000002 -0.000061 0.000012 -0.000056 0.000005 -0.000052 0.000006 -0.000000 -0.000001 0.000006 -0.000056 -0.000044 -0.000059 -0.000002 0.000009 -0.000007 -0.000002 0.000003 -0.000001 0.000006 0.000003 -0.000060 -0.000007 0.000006 0.000003 -0.000002 -0.000003 -0.000002 -0.000050 0.000001 0.000010 -0.000035 -0.000042 -0.000002 0.000001 -0.000000 -0.000019 -0.000007 -0.000016 0.000024 0.000003 0.000001 0.000006 -0.000007 -0.000026 0.000008 -0.000016 0.000018 0.000005 0.000007 -0.000013 -0.000083 -0.000011 -0.000012 0.000022 -0.000011 -0.000011 -0.000008 -0.000000 -0.000007 -0.000003 -0.000001 -0.000000
-0.002593 -0.000004 0.000314 -0.000541 -0.000005 -0.000586 -0.000054 -0.000009 -0.000002 0.000007 0.000005 -0.000299 0.000831 0.000105 -0.000002 -0.000037 0.000014 0.000008 -0.000007 0.000006 -0.000001 -0.001000 0.000396 -0.001179 0.001052 -0.000018 0.000007 0.000002 0.000005 -0.000010 0.001828 -0.000966 0.000005 -0.001165 0.000779 -0.000651 0.000014 0.000021 0.000723 -0.000502 -0.001507 0.000117 0.000005 0.000007 0.001015 -0.028562 -0.000003 -0.002949 0.000277 -0.001316 0.000023 0.000009 0.004214 0.000005 0.000000 0.000058 0.000952 -0.000008 -0.001585 -0.000898 0.000020 0.000003 -0.000957 -0.000062 -0.000926 -0.000006 -0.002785 -0.020100 -0.000002 0.000017 -0.000003 -0.002773 0.000003 0.001297 -0.000923 -0.000869 -0.001099 0.001045 -0.000006 0.000014 0.001014 -0.000078 -0.000001 -0.000053 -0.001114 -0.000012 -0.002459 0.000179 0.000002 -0.001418 -0.027197 -0.025017 0.000001 0.000007 -0.002922 0.000725 -0.000254 0.004958 0.001254 -0.000019 -0.001770 -0.000013 -0.001418 0.000006 -0.001960 0.001661 0.000012 -0.000004 -0.002239 -0.000407 0.000088 -0.000206 -0.015743 0.000008 0.000011 -0.000001 0.000002 0.000006 -0.025169 0.000046 -0.000014 -0.000253 0.001665 0.000001 0.001223 0.000001 0.000082 -0.003024 -0.000386 -0.002196 -0.001760 -0.001031 0.000005 0.000003 -0.001376 -0.002386 -0.000002 0.000532 -0.001331 0.000001 -0.001724 -0.000068 0.000006 -0.000037 0.000014 -0.001082 -0.001782 0.000994 0.000006 0.001664 -0.000033 0.000486 -0.000002 0.000005 0.000008 -0.000080 0.000001 0.000019 0.000014 0.000003 -0.000554 0.001055 -0.027972 0.000611 -0.024513 -0.000839 -0.000689 -0.000002 -0.000000 -0.001987 0.000773 -0.000090 -0.000032 -0.000019 -0.001168 0.001340 -0.000048 -0.000316 -0.035953 0.000008 -0.002541 0.000005 0.000003 -0.027601 0.000035 0.000965 0.000005 0.000349 -0.000001 0.000004 0.002924 0.000007 0.000048 0.000007 -0.004219 -0.000294 0.000846 -0.000002 -0.000185 0.000008 -0.000008 -0.000006 -0.000053 -0.013613 -0.000240 -0.003848 0.000003 -0.015305 0.000001 -0.000008 -0.000093 0.000002 -0.001221 0.000005 -0.000756 0.000135 -0.000013 -0.000316 -0.000350 -0.000012 -0.000006 -0.003596 -0.000002 0.000001 -0.000518 -0.000033 -0.000012 -0.000024 -0.000004 -0.001820 0.000464 0.000135 -0.000207 0.000063 0.000007 -0.000011 0.000002 -0.002959 0.000008 -0.000388 -0.003334 0.004812 0.000000 -0.000033 0.002401 -0.000008 0.004916 -0.000806 -0.000600 0.000256 -0.000022 -0.002342 0.002600 -0.000080 -0.000010 -0.000009
-0.937039 -0.000002 -0.088319 0.062814 -0.961112 -0.946453 0.000189 -0.000005 0.000011 -0.000008 0.000003 -0.809492 -0.002192 0.002906 0.000004 -1.048089 -0.000000 0.000008 -0.000005 0.000006 -0.000000 -0.553030 0.001919 -0.421897 0.088643 0.000336 -0.000006 0.000204 0.000029 0.000093 -0.364922 0.042803 0.000007 0.068238 -0.001033 -0.304543 -0.731718 0.207992 -0.394371 -0.541180 0.285578 0.013879 0.000002 0.000001 -0.004572 -1.024302 0.000034 0.008207 -0.000429 0.094159 -0.000003 0.000007 -0.194435 -0.000004 0.000005 -0.000031 0.025043 -0.000017 0.585909 0.466405 0.000023 0.000001 0.100400 0.478992 -0.731343 -0.000001 0.497121 -0.788205 -0.000002 0.000028 0.000005 -0.911781 0.000001 0.000651 0.013350 0.906297 -0.019143 0.067010 0.000003 0.000017 0.153058 0.000278 0.000011 0.000064 0.406361 0.000000 -0.054272 -0.189483 -0.000013 -0.699641 -0.083479 0.335054 0.000008 0.000010 -0.486877 -0.001767 -0.000154 -0.468290 0.233816 0.000001 0.392099 0.000010 0.131849 -0.000057 -0.194293 0.000707 0.000169 0.000002 0.316728 -0.021178 0.000620 0.028259 -0.141335 -0.000000 -0.000001 0.000041 0.000001 -0.000003 -1.004139 -0.000114 0.000402 -0.098675 -0.011667 0.000111 -0.504176 0.000001 0.000255 0.406843 -0.003930 -0.058287 -0.409417 -0.521414 0.000002 0.000000 -0.334273 0.007161 -0.000004 0.053675 0.517416 0.000003 -0.135379 -0.000149 -0.000010 0.000014 -0.000036 -0.847697 0.518187 -0.099550 0.000005 0.393915 0.000087 0.000994 0.000002 -0.000007 -0.000008 0.000016 0.000009 -0.000044 0.000024 0.000004 -0.026257 0.197593 -0.388099 0.309208 -0.040798 0.526308 0.429578 0.000002 0.000005 -0.330167 0.197806 0.024142 0.000000 -0.726625 -0.467076 -0.436438 0.000028 -0.252688 -0.012908 -0.000243 -0.496053 0.000002 -0.000000 0.273387 0.000049 0.002636 0.000008 0.001760 -0.000011 0.000001 0.039759 0.000001 0.000293 -0.000014 -0.760126 0.006785 0.489545 -0.000006 0.064303 0.000005 -0.000012 0.000019 0.001888 -0.737392 0.040393 0.378624 0.000000 0.248491 0.000008 0.000006 0.196240 -0.000003 0.291068 0.000001 -0.060672 -0.006342 0.000003 -1.159852 -0.334529 0.000005 -0.000004 -0.090686 0.000004 0.000007 0.367072 0.044541 0.000001 -0.000017 0.000004 -0.764907 0.140639 0.000261 -0.642587 0.199689 -0.000010 0.000013 0.000002 -0.618282 0.000008 -0.282776 0.240017 0.221435 0.000006 0.000194 0.400081 0.000140 -0.119082 -0.263991 -0.053101 0.002458 0.000081 -0.886220 -0.015637 -0.351675 -0.000002 0.000013
0.000065 -0.000013 -0.000012 -0.000028 -0.000170 -0.000057 -0.000014 0.000002 -0.000001 -0.000010 -0.000001 -0.000030 -0.000132 -0.000028 -0.000005 -0.000038 -0.000005 -0.000016 -0.000026 -0.000007 -0.000008 -0.000054 0.000023 -0.000059 0.000038 -0.000010 0.000010 -0.000018 -0.000018 -0.000002 -0.000028 -0.000207 0.000009 0.000000 -0.000023 0.000013 0.000047 -0.000127 -0.000082 -0.000027 -0.000126 -0.000013 -0.000006 -0.000002 -0.000015 -0.000079 -0.000017 -0.000013 -0.000007 0.000005 -0.000014 0.000000 0.000009 -0.000005 -0.000010 -0.000015 -0.000027 -0.000026 -0.000026 -0.000020 -0.000013 0.000027 0.000112 -0.000011 -0.000129 -0.000001 -0.000126 -0.000063 -0.000004 -0.000006 -0.000013 -0.000101 0.000006 0.000072 -0.000005 -0.000001 0.000008 -0.000060 -0.000005 -0.000019 -0.000017 0.000111 -0.000008 -0.000003 -0.000067 -0.000024 -0.000089 0.000029 -0.000004 -0.000069 0.000011 -0.000137 -0.000002 -0.000000 -0.000195 -0.000007 -0.000018 0.000023 -0.000131 -0.000035 0.000025 -0.000012 -0.000041 -0.000034 -0.000053 -0.000038 0.000050 -0.000005 -0.000199 -0.000003 -0.000032 -0.000116 -0.000147 -0.000009 -0.000012 -0.000069 0.000000 -0.000002 -0.000053 -0.000158 0.000002 -0.000016 -0.000057 -0.000007 -0.000027 -0.000004 0.000012 -0.000130 -0.000001 -0.000297 -0.000048 0.000081 -0.000003 -0.000002 0.000044 -0.000139 -0.000008 0.000001 0.000001 -0.000008 0.000108 0.000074 -0.000003 -0.000037 -0.000015 -0.000124 -0.000028 0.000082 -0.000003 -0.000034 0.000092 -0.000010 0.000024 0.000003 -0.000013 -0.000024 -0.000001 0.000019 0.000021 -0.000007 0.000042 0.000011 0.000017 -0.000011 -0.000124 0.000042 -0.000028 -0.000001 0.000006 -0.000023 0.000089 -0.000061 -0.000001 -0.000030 -0.000137 -0.000074 -0.000008 0.000005 -0.000438 -0.000006 -0.000107 0.000007 -0.000008 -0.000006 0.000009 -0.000023 -0.000002 -0.000008 0.000048 -0.000004 -0.000019 -0.000006 -0.000054 -0.000003 -0.000012 -0.000005 0.000059 -0.000004 -0.000100 0.000005 0.000018 0.000000 -0.000009 0.000089 0.000026 -0.000094 -0.000009 0.000013 -0.000001 0.000004 0.000030 -0.000007 0.000059 -0.000003 -0.000003 0.000098 -0.000020 0.000024 0.000002 0.000005 -0.000004 -0.000016 0.000007 -0.000004 -0.000012 -0.000095 0.000058 -0.000036 0.000011 -0.000056 0.000060 0.000008 0.000014 -0.000030 0.000027 0.000009 0.000051 0.000005 -0.000002 0.000019 -0.000064 -0.000024 -0.000005 -0.000036 -0.000168 -0.000010 -0.000238 0.000011 0.000009 -0.000043 0.000048 0.000029 0.000040 -0.000086 -0.000004 0.000005
-0.132721 -0.000015 -0.681106 -0.076338 0.136229 -0.248571 0.000032 0.000009 0.000008 -0.000006 -0.000010 0.515180 -0.395087 0.000831 -0.000006 -0.754206 -0.000002 0.000008 0.000006 0.000002 -0.000004 -0.064949 0.000614 -0.305650 -1.131616 0.000120 0.000005 0.000074 -0.000003 -0.000092 -0.493489 -0.023779 -0.000002 0.195604 -0.000017 -0.029084 0.727304 -0.170678 0.118672 0.932274 -0.192014 -0.015461 0.000002 -0.000025 -0.114500 -0.208148 -0.000001 0.011087 -0.000052 -0.911452 -0.000015 0.000009 -0.456887 0.000000 0.000001 -0.000022 0.014287 -0.000014 0.262466 -0.093767 -0.000001 -0.000002 -0.681421 0.024625 -0.411431 -0.000001 0.328523 0.807764 0.000002 -0.000053 0.000027 0.285503 0.000002 -0.001598 -0.235400 -0.226464 -0.628605 -0.321447 0.000010 -0.000033 0.277256 -0.000042 -0.000046 -0.000048 -0.393675 0.000008 -0.410262 0.641607 -0.000001 0.828690 -0.222458 0.477095 0.000003 -0.000006 -0.182363 0.000449 -0.000063 -0.766795 -0.515267 0.000007 -0.413691 0.000009 -0.607078 -0.000003 -0.509186 -0.000685 -0.000245 -0.000000 0.448076 0.016447 -0.000381 0.004225 -0.169302 0.000006 0.000002 -0.000030 0.000003 0.000006 0.230040 -0.000107 -0.000183 -0.586976 -0.007723 -0.000130 -0.360657 0.000005 0.000311 -0.117742 -0.001120 -0.078839 -0.466744 -0.607695 0.000003 0.000009 -0.022215 -0.794554 -0.000004 -0.039527 0.155814 0.000001 -0.322076 -0.000182 0.000021 -0.000033 -0.000026 0.249779 0.493875 0.275513 -0.000006 -0.549620 0.000154 -0.001148 -0.000010 0.000003 -0.000034 -0.000135 -0.000009 -0.000030 0.000004 -0.000000 -0.808291 -0.310941 0.314878 -0.192818 0.058946 -0.202164 1.046719 0.000007 -0.000003 0.417356 0.046820 -0.008003 -0.000006 -0.028432 -0.375833 -0.066665 0.000019 0.275080 0.052641 -0.000510 0.346208 0.000004 -0.000003 0.061304 0.000035 0.032567 -0.000002 0.001339 -0.000011 0.000001 -0.010158 0.000010 0.000035 0.000005 0.836240 -0.007857 0.434172 0.000009 -0.620511 -0.000010 -0.000030 -0.000001 -0.001227 -0.156906 -0.027473 -0.540532 0.000003 0.391952 0.000001 -0.000001 -0.582902 -0.000003 -0.690625 0.000001 0.134167 0.018088 0.000014 -0.231049 -0.536262 0.000067 -0.000003 0.440846 -0.000001 0.000007 -0.305857 0.033000 -0.000013 -0.000053 0.000001 -1.008738 -0.280756 -0.000440 -0.205987 0.152615 -0.000007 0.000009 0.000007 -0.623330 0.000010 -0.547185 -0.086430 -0.233880 -0.000004 0.000106 -0.250813 -0.000044 -0.192186 -0.278199 0.742373 -0.000582 0.000131 -0.153507 0.019218 -0.370587 0.000004 -0.000047
-0.000013 -0.000020 0.000662 0.000942 -0.000600 -0.000950 -0.000016 0.000003 -0.000002 -0.000002 -0.000002 -0.000481 -0.000543 -0.000025 -0.000002 0.000206 0.000004 0.000009 -0.000001 -0.000003 -0.000002 -0.000340 0.000506 0.000272 0.000020 -0.000037 -0.000005 -0.000008 0.000004 -0.000072 0.000264 0.000909 -0.000000 -0.000155 0.000024 0.000015 0.000435 0.000458 -0.000665 -0.000531 -0.000484 0.001121 -0.000000 -0.000001 0.000166 -0.000575 -0.000006 -0.000110 -0.000017 -0.000022 -0.000006 -0.000001 0.000262 -0.000000 -0.000001 0.000007 -0.000222 0.000001 -0.000017 -0.000012 0.000014 0.000001 -0.001127 -0.000472 -0.000230 -0.000003 -0.000682 0.000248 -0.000002 -0.000009 -0.000005 -0.001009 -0.000003 0.000046 0.000067 0.000615 -0.000192 -0.000416 -0.000013 0.000006 0.000060 -0.000182 -0.000003 -0.000049 -0.000660 -0.000004 0.000127 0.000194 0.000023 -0.000483 -0.000634 -0.000443 -0.000001 -0.000004 -0.000514 0.000057 -0.000017 0.000125 -0.000355 -0.000025 0.000723 -0.000005 -0.000619 0.000007 -0.000056 -0.000058 0.000025 0.000001 -0.000105 -0.000251 0.000341 0.000804 -0.000843 -0.000003 0.000003 -0.000004 0.000001 0.000002 -0.000967 0.000088 -0.000028 0.000216 -0.000439 -0.000004 -0.000442 0.000004 0.000021 -0.000796 0.000005 -0.000973 -0.000282 -0.000154 -0.000001 -0.000000 -0.000026 -0.000555 -0.000002 -0.000004 0.000091 0.000008 -0.000661 0.000090 -0.000002 -0.000026 0.000029 -0.000531 -0.000245 -0.000748 -0.000002 -0.000075 0.000047 0.000446 -0.000001 0.000001 -0.000003 -0.000112 -0.000001 0.000004 0.000087 -0.000000 -0.000809 0.000002 0.000126 0.000617 -0.001741 -0.000181 0.000520 -0.000001 0.000000 -0.000666 -0.000092 0.000357 -0.000013 -0.000542 -0.000847 -0.000248 0.000006 0.000142 -0.002712 0.000003 -0.000525 -0.000000 0.000000 -0.000375 -0.000000 -0.000244 0.000013 0.000297 -0.000002 -0.000009 -0.000366 0.000006 -0.000046 0.000004 -0.000419 0.000027 0.000244 0.000004 0.000239 -0.000007 0.000024 -0.000007 -0.000049 -0.000372 0.001357 -0.001482 0.000002 0.000196 -0.000001 0.000004 -0.000566 -0.000002 -0.000090 0.000005 -0.000772 0.000021 0.000007 -0.001007 0.000560 0.000023 -0.000002 -0.000364 -0.000001 0.000007 -0.000567 -0.000255 0.000006 -0.000069 0.000004 -0.000170 0.000143 -0.000291 0.000713 0.000398 0.000001 0.000004 0.000003 -0.000375 -0.000001 -0.000140 -0.000760 0.000000 0.000002 0.000053 -0.000437 0.000012 -0.000270 -0.000016 -0.000165 0.000395 0.000058 0.000395 -0.000091 -0.000205 -0.000008 -0.000006
0.019695 -0.000004 -0.012353 0.014464 0.002818 0.048701 -0.000004 -0.000005 -0.000003 0.000002 -0.000009 -0.005914 -0.001214 0.002732 -0.000002 -0.007895 -0.000003 -0.000006 -0.000005 -0.000007 -0.000007 0.001195 0.001248 -0.026696 -0.013406 0.000479 0.000001 0.000172 0.000019 0.000036 0.012474 0.025257 -0.000006 -0.001126 0.000353 0.019235 0.039319 -0.015190 0.000273 -0.036460 -0.023048 -0.003308 -0.000005 -0.000003 0.010844 -0.044688 -0.000010 0.016735 0.000036 -0.010521 -0.000006 -0.000006 0.027015 0.000004 -0.000009 -0.000004 0.027274 -0.000001 -0.045754 0.018321 -0.000046 0.000003 -0.036695 0.011069 -0.066315 -0.000000 -0.015046 -0.016046 -0.000006 0.000101 -0.000002 0.000797 -0.000001 0.001009 0.013921 -0.032164 -0.003248 -0.011640 -0.000008 0.000019 0.026155 0.000116 0.000037 0.000012 -0.033349 -0.000009 -0.009773 -0.006054 -0.000003 -0.021359 -0.035856 -0.026881 -0.000005 -0.000006 -0.015448 0.003321 0.000715 0.034566 -0.042748 -0.000006 -0.032248 -0.000004 -0.007235 -0.000003 -0.009719 0.000469 0.000554 0.000000 -0.013769 -0.001182 0.001201 0.009003 0.009868 -0.000007 0.000005 -0.000027 -0.000003 -0.000004 -0.024005 -0.000019 0.000118 0.002682 0.019984 -0.000007 -0.012324 -0.000009 0.000047 -0.042122 0.000257 -0.039674 -0.021579 -0.019038 -0.000000 -0.000005 0.029949 0.000912 -0.000002 0.010583 -0.000030 -0.000005 -0.009177 0.000085 -0.000003 -0.000001 0.000041 0.011254 0.005920 0.010203 0.000006 0.008949 0.000089 -0.000941 -0.000004 -0.000001 -0.000019 0.000115 -0.000009 -0.000001 0.000001 -0.000008 0.011457 0.005496 0.007970 0.001453 -0.084715 -0.042105 0.013016 -0.000003 0.000003 0.007653 0.014686 0.012007 0.000013 0.020876 0.012408 0.005136 0.000026 -0.016536 -0.066311 -0.000030 -0.018567 0.000005 0.000003 0.005209 0.000024 -0.005535 0.000002 -0.000379 -0.000001 -0.000004 0.002375 -0.000009 0.000051 -0.000004 0.010646 -0.001701 0.004986 0.000010 -0.069071 -0.000000 0.000016 -0.000021 -0.001341 -0.006058 -0.013324 -0.008798 -0.000001 -0.010295 -0.000005 -0.000006 -0.022336 0.000002 -0.006012 -0.000003 0.005770 0.001309 -0.000010 -0.093756 -0.016779 0.000017 -0.000001 -0.048507 -0.000004 -0.000006 0.029183 0.001794 0.000004 -0.000035 -0.000006 -0.011661 -0.018833 0.000864 0.009587 -0.018037 0.000015 -0.000008 0.000017 0.016903 -0.000008 0.022115 0.005488 -0.019517 -0.000003 0.000097 -0.010680 0.000147 0.027300 -0.013698 -0.033051 -0.002461 0.000170 0.001002 0.022676 -0.029812 -0.000004 -0.000010
-0.402547 -0.000004 0.250397 0.108764 -0.221968 -0.385249 0.000163 -0.000004 -0.000009 0.000003 0.000002 -0.090551 0.425206 0.001130 -0.000009 -0.197959 0.000000 -0.000027 -0.000009 0.000005 0.000003 0.212491 -0.000203 -0.201375 0.147725 -0.000084 0.000004 -0.000150 -0.000009 0.000094 0.381160 0.103185 0.000016 -0.096542 0.000220 0.244893 0.212195 0.092657 -0.265930 -0.160842 -0.032071 -0.007494 0.000005 0.000004 0.073759 -0.684428 0.000005 0.006099 0.000123 -0.253672 0.000017 0.000007 0.061385 -0.000004 -0.000001 0.000026 0.004595 -0.000009 -0.073282 0.152961 0.000006 -0.000003 -0.272725 0.092258 0.177356 0.000000 -0.241327 -0.007494 -0.000001 -0.000047 -0.000025 -0.099401 0.000000 0.001224 0.798883 -0.337273 0.057543 0.260211 -0.000005 0.000001 -0.096478 0.000266 -0.000006 -0.000011 0.357162 0.000001 0.365767 0.132098 -0.000028 -0.026998 -0.112438 -0.317310 -0.000002 0.000002 -0.021619 0.001622 -0.000246 0.224712 -0.014637 0.000033 -0.038393 -0.000003 0.277025 -0.000055 0.140990 0.002063 0.000870 0.000005 -0.054548 0.004390 0.001354 0.098876 -0.147482 0.000009 -0.000011 0.000029 -0.000003 -0.000007 -0.118659 -0.000052 0.000271 0.386108 0.002450 0.000025 -0.035465 -0.000005 0.000049 -0.255545 -0.003207 -0.538049 0.171642 0.194721 0.000005 0.000003 0.106664 -0.078387 0.000005 -0.004389 0.233214 0.000004 0.432925 -0.000256 -0.000015 -0.000008 -0.000000 -0.501636 0.023137 0.656764 0.000007 0.420703 -0.000009 0.002311 0.000004 -0.000000 -0.000029 0.000032 0.000000 0.000043 0.000010 0.000003 -0.295316 0.164964 0.120819 -0.015590 0.142876 -0.159761 -0.064110 -0.000008 -0.000006 -0.048980 -0.036587 0.002410 -0.000024 -0.110534 -0.340622 0.115722 -0.000001 -0.071730 -0.448813 -0.000014 0.055856 0.000001 -0.000005 0.696078 0.000001 0.208261 -0.000005 -0.002270 -0.000014 -0.000001 0.000451 -0.000004 0.000294 -0.000000 0.096542 0.020307 0.200322 -0.000002 0.220997 0.000006 0.000005 0.000022 0.001007 -0.062726 0.018174 -0.205560 0.000001 0.341036 0.000001 0.000003 0.138118 -0.000002 -0.198380 0.000005 0.717962 -0.000443 0.000004 -0.205485 -0.306011 -0.000002 -0.000003 0.261411 -0.000008 0.000007 -0.064626 -0.061092 -0.000010 0.000024 -0.000002 0.107138 0.179247 0.000303 0.108709 0.244163 -0.000019 0.000003 -0.000010 0.014592 -0.000009 0.135516 -0.184604 0.757792 -0.000003 -0.000114 0.098351 -0.000214 -0.122057 0.077409 0.527508 0.001305 0.000004 -0.293588 -0.014412 -0.226495 0.000008 -0.000008
0.003174 -0.000012 0.024956 0.024824 -0.060515 -0.106526 0.000045 0.000009 -0.000005 -0.000003 -0.000002 -0.020036 0.027376 0.004034 0.000001 -0.008787 -0.000001 -0.000024 0.000014 -0.000008 -0.000005 0.005637 0.001673 -0.053970 0.027437 -0.000093 -0.000007 0.000055 -0.000002 0.000069 0.042060 0.031680 0.000008 0.012179 0.000083 -0.052047 0.012145 -0.066469 -0.030810 -0.009840 0.003855 0.004118 -0.000001 -0.000003 -0.040917 -0.034769 -0.000010 0.015896 0.000114 -0.014089 0.000015 -0.000004 0.050383 0.000005 -0.000010 0.000020 0.007650 -0.000016 -0.012544 0.008451 0.000005 0.000016 0.007636 0.165005 -0.028434 -0.000010 -0.043171 0.058760 0.000001 0.000072 -0.000024 -0.042763 -0.000002 0.002511 0.019352 0.034590 -0.064402 -0.024678 -0.000001 0.000003 0.057955 -0.000051 -0.000008 -0.000057 -0.013076 -0.000020 -0.049856 -0.010488 -0.000009 -0.022984 -0.082567 -0.057333 -0.000004 -0.000003 -0.001692 0.001830 -0.000020 0.016374 -0.004145 -0.000051 0.032283 -0.000018 -0.000778 -0.000006 -0.009597 0.000751 0.000186 -0.000001 -0.065305 -0.006274 -0.002022 -0.063478 -0.034009 -0.000004 -0.000023 0.000003 -0.000005 -0.000004 -0.047845 -0.000170 0.000007 -0.006786 0.003663 -0.000014 0.022155 -0.000002 0.000005 -0.047020 -0.001016 -0.092055 -0.045347 -0.013101 -0.000001 -0.000005 0.000499 0.018674 -0.000004 -0.003719 -0.097101 0.000001 -0.070030 0.000001 -0.000010 -0.000091 0.000005 -0.008915 -0.105664 0.029967 -0.000001 0.012838 0.000023 -0.000094 -0.000007 -0.000006 -0.000029 0.000099 0.000004 -0.000032 0.000013 0.000006 0.013626 -0.020303 0.020574 -0.004216 -0.152401 0.026581 0.051393 0.000004 -0.000006 -0.064785 -0.042099 -0.007660 -0.000018 -0.011756 -0.011881 0.003807 -0.000003 0.024340 -0.193187 -0.000138 -0.006785 -0.000003 -0.000001 0.006774 -0.000014 0.001748 -0.000002 0.001160 -0.000001 -0.000008 0.002516 -0.000005 -0.000053 -0.000005 0.008647 -0.014555 -0.030746 -0.000008 -0.068560 -0.000001 0.000008 0.000004 0.000824 -0.007460 0.002035 -0.127566 -0.000000 0.016518 -0.000008 -0.000006 -0.078142 -0.000008 0.000284 0.000007 -0.000532 0.082725 0.000021 -0.039650 -0.073294 -0.000000 -0.000002 -0.017945 0.000012 0.000003 -0.001038 0.012511 -0.000018 -0.000016 0.000024 -0.053174 0.007216 0.000122 0.031538 -0.023297 -0.000015 -0.000012 -0.000018 -0.011735 -0.000006 -0.067388 0.019956 0.014219 -0.000002 -0.000094 -0.046928 -0.000096 0.005180 0.013165 0.024341 -0.000965 0.000055 -0.037102 0.026176 0.030552 0.000002 0.000003
-0.000031 0.000002 0.000033 -0.000081 -0.000058 0.000050 -0.000019 0.000008 0.000000 0.000006 -0.000000 -0.000088 -0.000009 0.000043 -0.000006 0.000025 0.000004 -0.000004 -0.000007 0.000010 -0.000002 0.000052 -0.000055 -0.000023 -0.000079 -0.000009 -0.000009 0.000016 0.000026 0.000021 -0.000034 -0.000119 -0.000014 -0.000105 -0.000088 -0.000104 0.000020 0.000088 -0.000079 0.000014 -0.000079 -0.000005 -0.000004 0.000008 0.000111 -0.000191 -0.000003 0.000006 0.000039 -0.000012 0.000020 -0.000004 -0.000058 0.000001 0.000001 0.000012 -0.000071 -0.000008 -0.000289 0.000018 0.000002 0.000001 -0.000488 -0.000014 0.000016 0.000004 -0.000319 -0.000012 0.000009 -0.000019 -0.000001 -0.000151 -0.000001 -0.000002 -0.000072 0.000026 0.000031 0.000046 0.000001 0.000023 -0.000093 0.000001 0.000002 -0.000042 0.000063 0.000008 -0.000098 -0.000046 0.000031 -0.000405 -0.000103 -0.000257 0.000005 0.000005 -0.000202 0.000007 0.000045 0.000060 -0.000081 0.000002 -0.000255 0.000005 -0.000130 0.000020 -0.000155 0.000024 -0.000049 -0.000004 -0.000134 -0.000088 0.000120 0.000065 -0.000462 -0.000005 -0.000010 -0.000015 -0.000002 -0.000002 -0.000304 0.000147 -0.000008 -0.000018 -0.000077 0.000090 -0.000015 0.000002 -0.000102 0.000002 -0.000125 -0.000071 -0.000077 -0.000011 -0.000004 -0.000004 0.000052 -0.000163 -0.000003 -0.000012 -0.000056 -0.000003 -0.000043 -0.000034 0.000001 0.000011 0.000019 -0.000029 0.000021 -0.000133 0.000000 -0.000037 0.000026 0.000038 0.000004 -0.000000 -0.000030 0.000030 -0.000002 -0.000026 0.000035 -0.000004 0.000055 -0.000053 0.000009 -0.000104 -0.000114 0.000040 -0.000048 -0.000000 -0.000004 -0.000063 -0.000094 -0.000003 0.000035 -0.000058 -0.000099 -0.000018 -0.000003 -0.000000 -0.000508 -0.000027 -0.000213 0.000003 0.000003 -0.000127 -0.000003 -0.000011 -0.000005 -0.000003 -0.000009 -0.000005 -0.000059 0.000076 0.000065 -0.000004 -0.000095 -0.000007 -0.000148 0.000002 0.000008 -0.000004 0.000011 0.000002 -0.000016 -0.000127 0.000044 -0.000097 -0.000001 -0.000028 -0.000003 0.000003 -0.000063 0.000001 -0.000009 -0.000004 0.000001 0.000059 0.000004 0.000010 -0.000000 0.000046 0.000008 -0.000008 0.000007 0.000006 -0.000017 -0.000115 -0.000006 -0.000017 -0.000004 0.000029 -0.000060 -0.000033 -0.000044 -0.000009 -0.000025 -0.000010 -0.000009 -0.000065 0.000005 -0.000088 -0.000156 -0.000103 0.000000 -0.000049 -0.000065 -0.000035 -0.000038 0.000235 -0.000024 0.000097 0.000028 0.000029 -0.000020 -0.000124 -0.000007 0.000010
-0.604982 -0.000003 0.281844 0.093278 0.237578 -0.043048 -0.000039 -0.000007 -0.000018 -0.000014 -0.000006 -0.150811 0.715082 -0.001566 0.000006 0.141651 0.000006 -0.000001 -0.000012 -0.000002 0.000000 -0.308928 0.000424 0.095454 0.116029 0.000105 -0.000002 0.000291 0.000014 0.000028 0.167361 0.044687 0.000000 0.061642 -0.000325 -0.006705 -0.164959 -0.668610 0.556403 -0.698867 -0.314709 -0.010721 -0.000004 -0.000002 -0.432640 -0.415383 -0.000041 -0.008052 -0.000183 -0.662449 0.000017 0.000004 -0.586131 0.000001 -0.000007 -0.000050 -0.011005 -0.000019 -0.226785 -0.192005 -0.000021 -0.000019 0.768526 0.251578 0.135148 0.000001 0.527033 -0.119507 0.000005 -0.000035 -0.000003 -0.116792 -0.000002 0.003409 0.995814 -0.371300 0.435089 -0.073978 0.000017 -0.000025 -0.329762 0.000008 -0.000046 0.000029 0.649438 -0.000005 0.039812 -0.328412 0.000010 -0.525496 -0.180079 0.346746 0.000007 -0.000004 0.057243 0.000045 0.000476 -0.385960 -0.678819 -0.000024 -0.098489 -0.000011 0.863250 -0.000095 0.511011 -0.001211 -0.000246 -0.000004 0.103930 0.027133 0.000563 0.014463 0.755925 0.000005 -0.000006 0.000009 -0.000007 0.000003 0.197049 -0.000176 0.000517 -0.011291 0.005485 0.000072 0.060944 0.000001 0.000059 -0.494184 -0.000347 -0.091082 -0.224787 0.024651 0.000001 -0.000004 0.034086 0.618198 0.000003 -0.008998 -0.185382 -0.000010 -0.056626 0.000017 0.000009 0.000074 -0.000243 -0.335822 0.522553 0.629119 -0.000004 -0.014516 0.000048 -0.002831 -0.000024 -0.000007 -0.000091 -0.000130 0.000009 -0.000015 -0.000065 0.000006 0.457370 -0.037936 -0.261064 -0.192644 0.234173 -0.370095 -0.149067 -0.000003 -0.000007 0.454140 -0.140292 0.007330 -0.000015 0.306346 -0.494301 0.426343 -0.000030 0.590215 -0.152261 0.000059 0.275881 -0.000009 -0.000003 -0.350419 -0.000029 0.095544 -0.000008 0.000946 -0.000009 -0.000000 0.057308 -0.000049 0.000027 -0.000001 -0.822313 -0.027795 -0.464864 -0.000010 -0.531189 -0.000004 -0.000004 -0.000015 0.000922 -0.209264 0.006631 -0.205709 -0.000005 -0.121494 -0.000006 -0.000005 -0.490697 -0.000010 0.342220 -0.000005 0.562959 -0.042778 0.000017 -0.398036 -0.096924 0.000082 -0.000003 0.276230 0.000014 0.000009 -0.118646 -0.061962 -0.000004 -0.000005 0.000008 0.011201 0.019720 0.000517 0.346898 0.152316 -0.000035 0.000026 0.000002 -0.380279 -0.000003 1.104921 0.144798 -0.098658 0.000002 -0.000271 -0.738547 0.000247 0.607192 0.286578 0.414821 0.001047 0.000112 -0.055794 0.039300 0.285454 -0.000002 0.000032
-0.168425 -0.000006 -0.097887 -0.027264 0.245684 -0.054718 -0.000020 -0.000005 -0.000011 0.000008 -0.000005 -0.262277 0.021302 0.000346 -0.000001 -0.198074 -0.000002 -0.000010 0.000010 0.000010 0.000001 -0.069319 0.000173 -0.138047 -0.104107 0.000054 0.000001 0.000006 -0.000010 -0.000071 0.362026 0.011669 -0.000009 0.029698 0.000174 0.131697 0.018459 -0.033910 0.124204 -0.435563 -0.144900 0.009827 -0.000008 -0.000001 -0.217030 -0.296156 0.000004 -0.001794 0.000192 -0.092627 -0.000050 -0.000002 0.315789 -0.000000 -0.000002 0.000009 0.006523 -0.000007 0.042396 0.243896 -0.000008 -0.000026 0.035266 -0.017373 -0.035443 -0.000003 -0.045188 -0.061777 0.000007 -0.000066 -0.000013 0.000028 0.000003 -0.000352 0.217504 -0.321962 0.095092 0.011688 -0.000002 0.000005 0.258775 0.000098 0.000017 -0.000032 -0.208734 -0.000012 -0.034999 0.068941 -0.000013 0.060822 -0.021198 -0.024298 0.000009 -0.000004 -0.214566 0.001361 0.000030 0.019740 0.093931 0.000014 -0.225208 -0.000009 0.106774 -0.000017 -0.068594 -0.001178 0.000558 -0.000000 -0.185528 -0.008165 -0.000626 -0.056522 0.357995 0.000002 -0.000021 0.000048 0.000008 -0.000002 -0.072194 0.000065 0.000443 -0.126605 -0.003429 -0.000030 -0.239586 -0.000001 -0.000170 -0.457459 -0.003280 -0.382232 -0.156393 0.242336 0.000005 0.000007 0.221947 0.039096 -0.000003 0.001054 0.079731 -0.000005 0.118988 -0.000125 -0.000022 0.000006 -0.000009 -0.076770 -0.164809 0.259857 0.000004 0.034826 0.000139 0.001601 0.000010 -0.000001 -0.000047 0.000059 -0.000003 -0.000010 -0.000036 0.000003 -0.306639 -0.120258 0.027898 0.080887 -0.014131 -0.117234 -0.064355 -0.000002 0.000008 -0.170717 -0.115717 0.006781 0.000003 -0.193396 -0.164713 0.145229 0.000017 0.095434 -0.480431 -0.000128 -0.270307 -0.000001 0.000008 -0.033794 0.000010 -0.071531 -0.000004 0.000030 -0.000012 0.000008 -0.006564 -0.000033 0.000193 0.000003 -0.209632 0.017296 0.077317 -0.000009 -0.319258 0.000003 0.000000 0.000003 0.000591 -0.010371 0.000390 -0.036139 0.000003 -0.101271 -0.000007 0.000004 -0.156844 0.000010 -0.029474 -0.000005 -0.006327 -0.000081 -0.000002 0.183246 0.044594 -0.000035 0.000009 0.081709 0.000008 0.000000 0.106620 0.041428 -0.000012 -0.000020 0.000003 -0.203173 0.311402 -0.000169 0.180620 0.314495 0.000004 -0.000006 -0.000000 0.067822 -0.000003 0.407653 0.193848 0.176004 0.000001 0.000269 -0.035771 -0.000014 -0.018918 0.108571 0.145428 0.001302 -0.000037 -0.224279 0.007931 -0.037514 -0.000002 -0.000007
-0.000096 -0.000010 -0.000002 -0.000025 -0.000033 0.000013 -0.000021 0.000005 -0.000028 -0.000007 0.000001 -0.000056 -0.000051 -0.000029 -0.000002 -0.000045 -0.000006 -0.000023 0.000018 -0.000000 -0.000010 -0.000105 0.000031 0.000055 -0.000006 0.000001 -0.000001 0.000022 -0.000001 -0.000031 0.000020 -0.000082 -0.000003 -0.000003 0.000004 -0.000011 -0.000049 -0.000024 0.000013 0.000063 -0.000070 -0.000004 0.000008 0.000001 0.000023 -0.000032 -0.000004 -0.000020 0.000012 0.000030 0.000008 -0.000005 0.000100 0.000001 -0.000010 0.000202 -0.000104 -0.000003 -0.000076 -0.000000 -0.000022 -0.000001 -0.000061 -0.000014 0.000076 -0.000001 -0.000051 0.000043 -0.000002 -0.000048 -0.000008 -0.000032 -0.000008 0.000007 0.000003 -0.000022 0.000008 -0.000017 0.000003 -0.000003 0.000019 -0.000006 -0.000005 -0.000048 -0.000027 0.000057 0.000029 -0.000055 -0.000010 -0.000112 -0.000152 -0.000017 -0.000008 -0.000006 -0.000140 -0.000010 0.000015 0.000064 0.000021 -0.000035 -0.000006 0.000004 -0.000074 0.000006 -0.000042 0.000037 -0.000104 0.000008 -0.000130 -0.000041 0.000050 -0.000122 -0.000029 -0.000010 -0.000003 0.000025 -0.000006 -0.000003 -0.000054 -0.000013 0.000019 -0.000077 0.000022 -0.000022 -0.000097 -0.000003 0.000027 0.000005 -0.000125 -0.000083 -0.000132 -0.000055 -0.000006 -0.000002 0.000030 -0.000102 0.000002 -0.000008 0.000068 0.000007 -0.000037 -0.000005 -0.000002 -0.000027 -0.000032 0.000076 -0.000030 -0.000070 0.000000 -0.000028 0.000121 -0.000035 -0.000000 -0.000008 -0.000022 -0.000022 -0.000008 -0.000020 -0.000007 -0.000008 -0.000041 -0.000016 0.000048 -0.000037 -0.000099 0.000010 -0.000006 0.000006 -0.000003 -0.000063 -0.000044 -0.000046 -0.000002 -0.000016 -0.000203 -0.000015 -0.000005 -0.000058 -0.000256 0.000005 -0.000088 -0.000008 -0.000002 -0.000061 0.000006 0.000070 -0.000006 -0.000123 -0.000010 -0.000002 0.000018 -0.000005 -0.000024 -0.000008 -0.000018 0.000005 0.000007 0.000009 -0.000071 -0.000006 0.000013 -0.000005 -0.000029 -0.000088 -0.000006 -0.000175 -0.000004 -0.000094 0.000008 -0.000001 -0.000025 -0.000007 0.000021 0.000000 -0.000029 0.000014 -0.000009 0.000036 0.000037 0.000002 -0.000008 -0.000011 -0.000002 0.000007 -0.000074 -0.000115 -0.000009 -0.000077 -0.000002 0.000019 -0.000033 0.000043 0.000036 -0.000022 -0.000009 -0.000018 -0.000042 -0.000061 -0.000002 0.000045 -0.000058 0.000042 -0.000002 -0.000054 -0.000061 -0.000008 0.000025 -0.000016 0.000018 -0.000038 0.000027 -0.000065 0.000035 -0.000161 0.000008 -0.000005
-0.000031 -0.000023 0.000000 -0.000003 -0.000040 0.000008 -0.000007 0.000005 -0.000002 0.000011 -0.000007 0.000031 -0.000045 -0.000004 0.000003 -0.000024 0.000006 -0.000010 0.000005 0.000005 -0.000002 0.000003 0.000031 -0.000015 -0.000021 -0.000017 -0.000004 -0.000027 0.000003 -0.000009 0.000000 -0.000040 0.000003 -0.000013 -0.000013 -0.000012 -0.000016 0.000014 -0.000010 -0.000002 -0.000009 -0.000010 0.000000 -0.000000 -0.000001 -0.000014 -0.000009 -0.000012 0.000003 0.000002 0.000001 0.000007 -0.000030 -0.000001 -0.000004 -0.000016 0.000033 0.000010 -0.000009 0.000001 -0.000001 -0.000000 -0.000024 -0.000005 -0.000007 -0.000003 -0.000009 -0.000052 -0.000002 -0.000018 -0.000030 -0.000021 0.000006 -0.000027 -0.000003 0.000002 -0.000022 -0.000010 0.000008 -0.000005 0.000001 -0.000003 -0.000003 -0.000004 0.000007 0.000013 -0.000019 -0.000016 -0.000013 -0.000055 -0.000009 -0.000013 0.000007 -0.000000 -0.000022 -0.000009 -0.000008 -0.000017 -0.000007 -0.000004 -0.000018 -0.000011 0.000000 0.000006 -0.000049 -0.000034 -0.000007 0.000002 -0.000005 -0.000032 -0.000082 -0.000040 -0.000027 0.000001 -0.000010 -0.000029 0.000001 -0.000004 -0.000039 -0.000021 -0.000010 -0.000043 -0.000038 -0.000017 -0.000027 -0.000001 0.000010 -0.000002 -0.000029 -0.000039 -0.000035 0.000005 0.000009 -0.000000 0.000005 -0.000027 0.000004 0.000044 -0.000042 -0.000013 -0.000041 -0.000020 -0.000014 -0.000005 -0.000005 -0.000010 -0.000019 -0.000006 -0.000003 -0.000030 -0.000009 0.000022 -0.000010 -0.000003 -0.000018 -0.000022 -0.000007 0.000006 0.000005 -0.000007 -0.000007 0.000011 -0.000012 -0.000034 -0.000022 0.000044 -0.000010 -0.000005 -0.000007 -0.000045 -0.000005 0.000009 -0.000027 -0.000004 -0.000044 -0.000031 -0.000004 -0.000022 -0.000050 -0.000003 -0.000032 0.000002 -0.000006 -0.000007 -0.000008 -0.000021 -0.000008 -0.000028 -0.000006 0.000009 -0.000030 -0.000001 -0.000019 -0.000006 -0.000035 0.000006 -0.000026 -0.000002 -0.000008 -0.000006 -0.000000 0.000003 0.000009 -0.000019 -0.000014 -0.000060 -0.000005 -0.000001 -0.000001 0.000001 -0.000028 -0.000002 -0.000023 -0.000003 -0.000049 -0.000052 -0.000001 -0.000016 0.000008 0.000000 0.000000 -0.000055 0.000005 0.000010 0.000021 -0.000053 -0.000007 -0.000034 -0.000017 -0.000025 -0.000009 -0.000034 0.000016 -0.000007 -0.000017 0.000005 0.000000 -0.000030 -0.000007 0.000005 -0.000017 -0.000005 -0.000008 -0.000003 -0.000003 -0.000016 -0.000025 -0.000016 0.000005 -0.000004 -0.000011 -0.000005 -0.000006 -0.000055 0.000002 -0.000009
-0.083914 -0.000007 0.009348 -0.001772 0.070899 -0.222374 -0.000048 -0.000004 0.000001 -0.000001 -0.000002 -0.060458 0.159233 0.000256 -0.000001 -0.020258 0.000004 -0.000011 -0.000018 0.000009 -0.000002 0.316627 0.001508 -0.066191 -0.125413 0.000067 -0.000004 0.000035 -0.000021 -0.000031 0.008597 -0.033827 0.000000 0.002571 0.000276 -0.036055 0.104921 0.044360 0.030966 0.063795 -0.024983 0.004296 -0.000000 0.000007 0.008924 -0.008418 0.000001 0.009511 -0.000353 0.075967 -0.000019 0.000002 0.022224 0.000006 -0.000002 -0.000014 0.029144 0.000011 -0.163871 -0.006277 -0.000021 -0.000009 -0.103083 -0.010214 0.045517 -0.000007 -0.290368 -0.199977 -0.000001 -0.000041 0.000001 -0.139488 -0.000008 0.000592 0.250772 0.099513 0.075309 0.056473 0.000001 0.000004 -0.004417 -0.000004 -0.000001 0.000011 -0.195073 0.000004 -0.016376 0.100560 0.000001 0.086944 -0.046070 -0.016516 -0.000004 -0.000004 -0.109230 0.000513 0.000009 0.118775 -0.058061 -0.000011 0.241497 0.000047 -0.210008 0.000043 0.026290 -0.000226 0.000096 -0.000003 -0.294474 0.006943 0.000688 -0.024496 0.001924 0.000006 0.000007 -0.000041 -0.000001 0.000005 -0.094227 -0.000113 -0.000031 -0.032521 -0.014879 -0.000047 0.062736 -0.000008 0.000117 -0.257301 0.000408 -0.141533 -0.076280 -0.145988 0.000006 0.000001 0.094318 -0.051924 -0.000001 -0.025821 0.002077 -0.000009 -0.148202 -0.000076 0.000015 -0.000004 0.000014 -0.125761 0.054896 0.162568 0.000000 -0.018687 -0.000001 0.002951 0.000005 -0.000002 -0.000018 -0.000102 -0.000007 0.000003 0.000009 -0.000007 -0.101948 0.153174 -0.085351 -0.060295 -0.060603 0.001022 -0.021039 -0.000008 -0.000003 -0.151743 -0.052318 0.003516 -0.000008 -0.040919 0.010893 -0.043393 -0.000002 0.012025 -0.354179 -0.000012 -0.137676 -0.000001 0.000005 0.063669 0.000048 -0.125441 0.000006 0.000368 -0.000005 -0.000000 0.008267 0.000006 0.000005 -0.000003 0.025443 0.039070 -0.138034 -0.000003 0.063793 -0.000008 -0.000003 -0.000023 0.000110 0.073104 -0.006542 -0.146977 0.000010 -0.065816 0.000000 -0.000008 0.014359 -0.000006 -0.020947 0.000006 0.004167 0.043695 -0.000006 0.123546 -0.040574 -0.000008 -0.000004 -0.090832 -0.000003 -0.000006 0.030785 0.011453 -0.000015 -0.000020 0.000001 0.184549 -0.006375 -0.000001 0.042764 -0.061856 0.000009 -0.000017 -0.000011 -0.038542 -0.000009 -0.092172 -0.053615 -0.034616 0.000000 -0.000006 -0.120093 0.000028 -0.166503 0.005190 0.008771 0.000265 0.000028 -0.084410 -0.003903 -0.039432 -0.000006 0.000009
-0.117535 0.000014 -0.090841 0.103438 -0.329636 -0.448904 0.000051 0.000003 -0.000007 -0.000013 0.000002 -0.042129 -0.102990 0.000021 -0.000001 0.435260 0.000005 0.000006 -0.000007 0.000006 -0.000010 0.416062 0.000212 -0.077299 0.688262 -0.000072 -0.000002 0.000030 -0.000008 0.000026 -0.020056 0.016192 0.000007 -0.312390 -0.000253 0.181958 0.183959 -0.054620 0.510322 -0.200356 -0.273518 -0.025138 0.000006 0.000003 -0.599839 -0.096881 -0.000005 0.000387 -0.000011 -0.166543 -0.000004 -0.000000 0.578084 0.000007 0.000002 -0.000015 -0.000009 -0.000006 0.158943 0.392285 -0.000008 -0.000000 0.004249 0.028517 -0.194351 -0.000010 -0.016020 -0.167616 0.000008 0.000019 -0.000009 -0.284425 0.000008 0.000220 0.085153 -0.000142 0.284728 -0.399347 0.000002 0.000001 0.011376 0.000165 0.000002 0.000041 -0.229312 0.000005 0.344790 0.074012 -0.000001 0.014433 -0.088497 0.285159 0.000009 0.000002 -0.235272 -0.000041 0.000128 0.277802 -0.268487 0.000014 0.010791 -0.000008 -0.173535 -0.000007 0.180538 -0.000174 0.000019 0.000003 -0.414494 0.021374 -0.000149 0.006975 -0.018576 -0.000002 -0.000007 -0.000022 0.000005 0.000001 -0.420077 0.000082 -0.000001 -0.089336 0.004056 0.000020 -0.132107 -0.000005 -0.000133 -0.349990 0.000801 -0.142797 0.456480 -0.030116 0.000002 0.000006 0.530940 0.108026 -0.000000 0.049704 0.272524 0.000004 0.154086 0.000081 0.000023 -0.000018 0.000008 -0.422617 -0.128183 0.029690 0.000005 -0.145427 -0.000017 -0.000047 -0.000001 -0.000002 -0.000036 -0.000034 0.000003 -0.000014 -0.000043 -0.000004 -0.020418 0.190051 0.119172 -0.116925 -0.022180 0.044613 0.373683 0.000006 -0.000004 -0.239930 0.432231 -0.011890 -0.000018 0.397268 0.027603 0.464177 -0.000001 0.594291 -0.439203 -0.000016 0.542539 0.000005 0.000011 -0.414841 -0.000015 -0.181554 -0.000002 0.000219 -0.000001 0.000004 0.017033 0.000000 0.000201 0.000009 0.042421 0.003655 0.141445 -0.000002 -0.358714 0.000008 -0.000005 -0.000004 0.000436 -0.221005 -0.000605 -0.179190 0.000002 -0.063444 0.000001 -0.000001 0.589656 -0.000001 -0.130872 0.000003 -0.162131 0.049675 0.000005 0.212761 0.042804 -0.000033 0.000001 0.371653 -0.000000 0.000004 0.177732 0.026084 0.000007 -0.000018 -0.000000 -0.137267 0.035531 0.000025 -0.094385 0.464526 -0.000011 -0.000003 -0.000001 -0.246941 0.000000 0.122422 0.151547 0.745242 0.000001 0.000085 -0.064050 0.000053 -0.059030 -0.327082 -0.285441 0.000227 0.000151 0.289077 0.020060 0.415801 0.000005 -0.000003
0.016253 -0.000020 0.419174 0.076760 0.490877 0.176694 -0.000003 -0.000000 0.000012 0.000002 -0.000006 -0.282964 0.188368 -0.000030 0.000004 0.694474 -0.000001 -0.000020 0.000021 -0.000007 -0.000003 0.029371 -0.000151 -0.107461 0.166855 -0.000073 0.000008 -0.000000 -0.000007 0.000013 0.179548 -0.004617 -0.000000 0.055410 -0.000015 -0.224159 0.073811 -0.124083 0.131845 0.171939 -0.294358 0.001093 -0.000002 -0.000009 0.037477 -0.319869 0.000006 0.012484 -0.000215 -0.048406 0.000003 -0.000000 0.759762 0.000002 -0.000002 -0.000000 -0.002841 -0.000008 0.186238 0.131892 -0.000000 -0.000011 0.590520 0.026753 -0.091417 -0.000009 -0.052941 0.033639 0.000002 0.000035 0.000008 -0.051626 -0.000005 -0.001202 0.301145 -0.036234 -0.257574 0.184185 0.000017 -0.000035 0.247280 0.000191 -0.000046 -0.000008 0.049049 -0.000005 0.073912 -0.095041 -0.000008 0.043903 0.085870 0.274457 -0.000005 0.000000 -0.069339 0.000934 0.000012 0.075011 -0.134416 -0.000003 -0.053114 -0.000018 0.131853 -0.000004 -0.043806 0.002904 0.000223 -0.000008 -0.179428 0.002015 -0.000049 0.002897 0.093746 -0.000007 -0.000007 0.000041 -0.000004 -0.000009 -0.045748 0.000027 -0.000021 0.077251 0.015990 -0.000021 0.570529 -0.000005 0.000011 -0.426625 0.000637 -0.324995 0.234427 0.111617 -0.000002 -0.000006 0.317459 0.060145 -0.000006 0.047852 0.081298 0.000004 0.220289 0.000011 0.000006 0.000004 -0.000004 -0.111940 -0.311324 0.205578 -0.000002 0.061677 -0.000006 0.000801 0.000005 0.000005 0.000010 0.000104 -0.000004 0.000022 -0.000000 0.000004 0.342215 -0.129131 -0.084945 0.009241 -0.096001 0.077572 0.595986 -0.000003 0.000008 -0.205131 0.179328 0.006176 -0.000013 0.039882 0.346817 0.090428 0.000022 0.612653 -0.534823 -0.000011 -0.098872 -0.000001 -0.000004 -0.003126 -0.000017 -0.087151 -0.000001 0.001583 -0.000004 -0.000005 0.005843 -0.000008 0.000262 -0.000002 0.122249 0.010940 -0.179696 -0.000004 -0.028204 -0.000004 -0.000005 -0.000013 -0.000327 -0.079025 0.001091 -0.147350 -0.000009 0.036060 -0.000004 -0.000005 0.070586 -0.000001 0.110775 0.000008 -0.013478 0.031292 0.000020 -0.252033 0.157011 -0.000001 -0.000000 0.051046 -0.000000 -0.000006 0.128552 0.002865 0.000003 -0.000038 -0.000003 0.073674 0.064020 -0.000038 0.289217 -0.217818 -0.000011 0.000037 0.000003 0.054557 -0.000003 -0.100791 0.411902 0.415967 0.000000 0.000023 0.048258 -0.000023 0.041757 -0.072608 -0.123438 -0.001484 -0.000012 0.485352 -0.006655 0.014910 -0.000009 -0.000028
-0.000021 0.000004 -0.000004 -0.000015 -0.000001 0.000004 -0.000011 0.000001 -0.000003 0.000010 0.000002 -0.000032 -0.000037 -0.000009 -0.000010 -0.000010 -0.000009 0.000006 -0.000002 0.000007 -0.000002 -0.000023 -0.000030 -0.000013 0.000004 -0.000016 0.000006 -0.000007 -0.000000 -0.000004 -0.000027 -0.000020 0.000002 0.000008 -0.000011 -0.000033 -0.000022 -0.000002 -0.000033 -0.000024 -0.000006 -0.000004 0.000006 0.000006 0.000007 -0.000038 -0.000008 -0.000001 -0.000001 -0.000010 0.000021 0.000009 -0.000001 0.000010 0.000004 -0.000017 0.000023 0.000007 -0.000009 -0.000007 -0.000005 0.000001 -0.000007 -0.000009 -0.000017 -0.000007 -0.000014 0.000009 -0.000000 -0.000025 0.000004 -0.000013 0.000005 0.000000 -0.000026 -0.000017 -0.000006 -0.000049 -0.000009 -0.000001 -0.000011 -0.000006 -0.000004 -0.000006 -0.000098 -0.000004 -0.000005 -0.000002 -0.000012 -0.000002 -0.000037 -0.000032 -0.000003 0.000007 -0.000017 -0.000013 -0.000008 -0.000014 -0.000003 -0.000008 0.000001 -0.000013 -0.000018 -0.000009 -0.000004 -0.000024 -0.000013 0.000003 -0.000014 0.000008 -0.000012 -0.000069 -0.000015 0.000001 0.000005 -0.000007 -0.000003 0.000006 -0.000017 -0.000021 -0.000014 -0.000022 -0.000009 -0.000020 -0.000003 -0.000000 -0.000014 -0.000010 -0.000026 -0.000027 -0.000018 -0.000012 0.000006 -0.000000 0.000005 -0.000014 0.000000 0.000014 0.000023 0.000005 -0.000033 0.000004 0.000002 -0.000014 -0.000016 -0.000023 -0.000021 0.000005 0.000003 -0.000016 0.000042 -0.000019 0.000002 0.000007 -0.000009 -0.000031 0.000005 0.000005 0.000002 0.000003 -0.000012 -0.000026 -0.000010 -0.000011 -0.000064 -0.000002 -0.000001 0.000001 -0.000007 -0.000005 -0.000009 -0.000009 -0.000015 -0.000003 -0.000054 0.000023 -0.000004 -0.000004 -0.000048 -0.000012 -0.000004 0.000001 0.000008 -0.000039 -0.000006 0.000003 0.000004 0.000011 -0.000001 0.000003 0.000005 0.000003 -0.000023 0.000003 -0.000077 -0.000034 -0.000003 0.000007 -0.000100 0.000000 0.000015 -0.000009 -0.000003 -0.000022 0.000004 -0.000016 0.000009 -0.000003 0.000004 -0.000003 -0.000003 -0.000003 -0.000021 0.000009 -0.000006 -0.000002 -0.000005 -0.000004 -0.000009 0.000003 0.000001 -0.000017 0.000006 0.000000 0.000004 -0.000056 -0.000006 -0.000020 -0.000009 -0.000020 -0.000018 0.000005 -0.000005 -0.000021 -0.000011 -0.000005 0.000003 -0.000024 0.000005 -0.000001 -0.000018 -0.000018 0.000001 0.000002 -0.000009 0.000004 0.000004 -0.000031 0.000005 -0.000011 0.000014 0.000002 0.000003 -0.000012 0.000006 0.000001
0.000017 -0.000003 0.000019 -0.000604 -0.000628 -0.001810 0.000099 0.000007 0.000003 0.000003 -0.000003 -0.000516 -0.000028 -0.000006 -0.000008 -0.001163 0.000004 -0.000001 -0.000002 0.000009 -0.000001 -0.000416 -0.000153 0.000528 0.000040 0.000009 0.000005 0.000107 -0.000005 -0.000015 -0.000142 0.000041 0.000006 -0.000537 -0.000329 -0.000456 -0.000236 -0.003343 -0.000324 -0.000128 0.000141 0.000661 0.000000 0.000003 0.000088 -0.000117 -0.000007 -0.000007 0.000440 0.000493 -0.000004 0.000009 0.000128 0.000004 -0.000003 -0.000002 0.000539 -0.000004 -0.000515 0.000235 -0.000003 -0.000004 -0.000267 0.000553 -0.000216 -0.000004 -0.000382 0.000453 -0.000004 0.000147 -0.000007 -0.000340 0.000009 0.000297 0.000197 -0.000182 -0.000064 0.000069 -0.000006 0.000009 0.000303 -0.000192 -0.000005 0.000022 -0.000354 0.000003 -0.000081 0.000566 -0.000005 -0.000562 -0.001437 0.000034 0.000001 -0.000005 -0.000481 0.000102 0.000053 0.000058 -0.000963 -0.000030 -0.000312 0.000000 0.000542 -0.000000 0.000272 -0.000001 0.000425 0.000003 -0.002629 0.000150 0.000076 -0.000056 -0.000934 0.000004 -0.000008 -0.000014 -0.000003 -0.000006 0.000269 -0.000010 -0.000006 -0.000000 0.000645 -0.000001 -0.000169 -0.000003 -0.000113 -0.001559 -0.000354 -0.002614 0.000318 -0.000337 -0.000002 0.000008 -0.001364 -0.001002 0.000001 -0.000123 0.000609 -0.000007 -0.000417 -0.000052 -0.000009 -0.000002 -0.000002 -0.000383 0.000281 0.000121 -0.000003 -0.000057 -0.000004 0.000014 -0.000003 0.000002 0.000002 -0.000113 -0.000004 0.000007 0.000004 -0.000004 -0.000016 -0.000646 -0.000075 0.000129 -0.000630 -0.000294 -0.001323 0.000009 -0.000008 -0.000281 -0.000080 0.000584 -0.000004 -0.000581 -0.000781 -0.000236 -0.000005 0.000070 -0.002209 0.000123 -0.000474 0.000001 0.000007 -0.000335 -0.000004 -0.000328 -0.000004 -0.000220 0.000007 0.000001 -0.000183 -0.000004 0.000079 0.000006 -0.000064 -0.000647 -0.000163 -0.000008 -0.000123 -0.000003 -0.000001 0.000002 0.000332 -0.000702 0.000156 -0.002546 0.000003 0.000022 -0.000008 -0.000002 -0.001734 0.000001 0.000139 -0.000009 -0.000271 0.000630 -0.000006 -0.000357 0.000058 -0.000008 -0.000007 -0.000282 -0.000008 -0.000005 0.000195 0.000595 -0.000000 -0.000016 -0.000001 0.000008 0.000138 0.000000 0.000300 -0.000231 -0.000001 -0.000012 -0.000007 0.000031 -0.000006 0.000039 0.000777 -0.000108 -0.000008 0.000058 -0.000256 -0.000016 -0.000075 0.000234 -0.000105 0.000587 0.000001 -0.000194 0.000230 -0.000091 0.000001 -0.000007
0.636225 -0.000004 -0.244320 -0.052043 0.376867 -0.192522 -0.000040 0.000000 -0.000018 -0.000002 0.000001 0.248101 -0.220216 0.001194 0.000007 -0.298150 0.000001 -0.000007 -0.000016 -0.000006 -0.000003 0.069306 0.002327 0.321152 -0.949951 -0.000110 0.000003 -0.000188 0.000034 -0.000064 0.767922 -0.004966 -0.000000 -0.143433 -0.001255 0.949864 0.280038 -0.375198 -0.794630 0.372759 -0.859880 -0.004070 0.000010 -0.000022 -0.010171 0.745341 0.000022 -0.009083 0.000322 0.543607 -0.000018 -0.000004 0.391086 -0.000002 0.000009 0.000070 -0.003093 -0.000002 -0.405857 -0.057304 -0.000012 -0.000004 -0.524099 0.317286 -0.630453 0.000006 -0.607228 -0.476689 -0.000002 0.000079 -0.000005 0.323217 0.000004 -0.000885 -0.143409 -0.371421 -0.293198 0.616862 -0.000012 0.000009 -0.193273 0.000440 -0.000024 0.000063 -0.875877 0.000007 -0.108504 -0.451308 -0.000006 0.075999 0.639436 -0.524074 0.000001 0.000000 -0.401659 -0.000434 -0.000181 -0.432341 -0.296612 -0.000055 -0.050615 0.000016 -0.768543 0.000049 -0.262294 -0.000470 0.000428 0.000004 -0.490004 0.020343 -0.000101 0.061199 -0.967206 -0.000008 0.000017 0.000004 0.000003 0.000007 0.283734 0.000140 0.000199 0.232006 -0.003341 0.000132 -0.748146 -0.000008 -0.000192 -0.108446 0.000558 0.147722 -0.241224 -0.698434 -0.000006 -0.000008 -0.006898 -0.764203 0.000003 0.112472 -0.014013 0.000003 0.819812 -0.000034 0.000009 0.000084 -0.000009 0.029792 -0.538137 -0.120584 0.000003 0.003885 0.000059 0.001186 0.000002 -0.000001 0.000029 -0.000175 -0.000001 -0.000024 0.000057 -0.000008 -0.954513 0.297891 0.811718 -1.073513 -0.032526 -0.010626 -0.582318 0.000004 0.000002 0.192335 -0.247769 -0.007424 0.000003 -0.409469 0.336342 0.221210 -0.000014 -0.604332 -0.093777 -0.000241 0.303748 0.000004 -0.000006 0.514060 -0.000021 0.221553 -0.000011 0.000918 0.000011 0.000005 -0.007717 0.000048 0.000663 0.000003 0.428799 0.033953 0.371390 0.000005 0.323853 -0.000006 0.000012 0.000003 -0.001276 0.225767 -0.021504 -0.419203 0.000008 0.150020 0.000004 -0.000001 0.749347 0.000001 -0.094023 0.000003 -0.215869 -0.015251 -0.000017 0.125085 -0.549448 -0.000003 0.000002 -0.802122 -0.000003 0.000008 -0.111665 0.395662 -0.000033 -0.000011 -0.000007 -0.206015 -0.128236 0.000769 -0.675836 0.565693 0.000043 -0.000037 0.000028 0.308870 0.000005 0.197422 -0.164552 -0.179651 -0.000004 0.000022 -0.076489 -0.000062 -0.459170 -0.194610 -0.614618 -0.000025 0.000004 -0.129246 -0.024253 -0.025387 0.000006 0.000046
-0.130003 -0.000009 -0.099073 -0.040032 -0.083353 -0.087780 -0.000001 -0.000004 -0.000001 0.000008 -0.000005 -0.069443 0.032854 0.000008 -0.000002 -0.052655 -0.000008 0.000009 -0.000005 -0.000002 -0.000007 -0.040367 -0.000231 0.003754 -0.062812 0.000072 0.000007 0.000000 -0.000007 0.000148 0.000608 -0.039099 0.000003 -0.041793 0.000272 0.012511 0.010119 0.076043 -0.002506 -0.009772 0.034057 -0.017257 -0.000002 -0.000001 -0.045216 -0.041740 -0.000009 -0.003264 -0.000017 0.001329 -0.000008 0.000000 -0.005519 -0.000007 -0.000003 0.000010 0.006734 -0.000007 -0.066918 0.011228 -0.000006 -0.000003 -0.025981 0.070038 -0.006903 -0.000010 -0.106776 -0.009971 -0.000001 0.000046 -0.000000 -0.139114 -0.000008 0.006927 -0.038697 -0.004220 0.020006 -0.213503 -0.000005 -0.000007 -0.055348 -0.000003 -0.000005 -0.000048 -0.132931 -0.000010 0.002066 -0.001577 -0.000002 0.037959 -0.093533 -0.036634 -0.000002 -0.000007 -0.122182 0.001460 0.000505 -0.060567 -0.037629 0.000010 -0.023123 0.000000 0.018367 -0.000088 0.054387 0.000014 0.000117 -0.000000 -0.093503 0.013644 -0.000124 -0.013629 0.044278 -0.000003 -0.000010 0.000024 -0.000006 -0.000006 -0.060032 0.000351 0.000426 -0.071975 -0.000644 0.000056 0.093233 -0.000009 -0.000040 -0.038609 0.002777 -0.054476 -0.012946 -0.036961 -0.000002 -0.000009 -0.009896 -0.033593 -0.000006 0.025440 0.022781 -0.000006 -0.102210 -0.000027 -0.000004 0.000131 0.000001 -0.009521 -0.047753 0.085018 -0.000007 -0.057651 -0.000062 0.000354 -0.000004 -0.000000 0.000066 -0.000176 -0.000006 -0.000005 -0.000003 -0.000007 -0.009551 -0.017578 -0.081160 -0.026139 -0.001339 0.077235 -0.028195 -0.000007 -0.000001 -0.065518 0.188546 0.021367 -0.000005 -0.036712 -0.036433 0.036453 -0.000003 -0.008569 -0.272347 0.000103 0.085788 0.000006 -0.000009 -0.017885 -0.000042 -0.040582 -0.000009 0.000464 -0.000002 -0.000000 -0.002178 -0.000004 0.000148 -0.000008 -0.128491 0.043888 -0.073390 -0.000009 0.019131 0.000009 -0.000004 0.000005 0.000073 -0.157401 0.017738 0.012420 -0.000005 -0.014417 0.000005 -0.000005 0.029184 -0.000008 0.187067 -0.000009 -0.011555 0.003486 -0.000001 -0.051111 0.079331 -0.000010 -0.000004 -0.139757 -0.000004 -0.000002 0.049103 0.003987 -0.000006 -0.000009 -0.000006 0.038022 0.009625 0.000763 -0.008038 0.016499 -0.000002 -0.000003 -0.000002 -0.034978 -0.000006 -0.018560 -0.076331 -0.028361 -0.000004 -0.000123 -0.039345 0.000057 -0.030442 0.024699 -0.025689 0.001703 0.000000 0.077397 0.001675 -0.023678 -0.000003 -0.000006
-0.000006 0.000002 -0.000010 0.000002 -0.000010 -0.000003 -0.000017 0.000008 -0.000007 0.000007 0.000002 -0.000023 -0.000014 0.000002 0.000003 -0.000036 0.000005 -0.000008 -0.000009 0.000001 -0.000004 -0.000003 -0.000004 -0.000020 -0.000013 -0.000003 0.000002 0.000010 -0.000013 -0.000010 0.000013 -0.000013 0.000000 -0.000082 -0.000031 -0.000053 -0.000010 -0.000004 -0.000030 -0.000044 -0.000013 -0.000008 0.000002 0.000007 0.000002 -0.000009 -0.000008 -0.000001 0.000002 -0.000015 -0.000003 0.000010 -0.000005 -0.000008 0.000003 -0.000010 -0.000008 -0.000009 -0.000010 -0.000004 -0.000005 -0.000005 0.000008 -0.000006 -0.000088 -0.000005 -0.000056 -0.000075 0.000006 0.000007 -0.000002 -0.000099 0.000004 0.000002 -0.000031 -0.000012 0.000005 -0.000009 0.000006 0.000001 -0.000008 -0.000001 -0.000000 0.000013 -0.000047 -0.000007 -0.000012 -0.000134 0.000003 -0.000029 -0.000010 -0.000016 0.000012 0.000006 -0.000025 -0.000000 -0.000007 -0.000006 -0.000093 -0.000003 -0.000001 -0.000000 -0.000048 -0.000015 -0.000058 -0.000015 -0.000025 0.000002 -0.000042 -0.000051 -0.000012 -0.000032 -0.000008 0.000006 0.000019 -0.000014 0.000002 0.000005 -0.000014 -0.000023 -0.000017 -0.000009 0.000003 -0.000014 -0.000017 -0.000005 -0.000003 -0.000018 -0.000100 -0.000026 -0.000004 -0.000011 0.000008 0.000000 0.000002 -0.000011 0.000009 -0.000001 -0.000011 0.000003 -0.000008 0.000002 -0.000016 0.000002 -0.000007 0.000003 -0.000052 0.000011 0.000004 -0.000012 0.000008 0.000005 -0.000002 0.000004 -0.000011 -0.000012 0.000001 0.000005 0.000006 0.000000 -0.000053 -0.000010 -0.000001 -0.000010 -0.000047 -0.000050 -0.000013 0.000008 -0.000008 0.000001 0.000001 0.000002 -0.000007 -0.000038 -0.000031 0.000009 -0.000003 0.000003 -0.000152 -0.000011 -0.000013 -0.000004 0.000003 0.000003 -0.000013 -0.000109 0.000004 -0.000016 -0.000005 0.000008 -0.000012 -0.000011 -0.000003 0.000011 -0.000040 -0.000010 -0.000010 0.000002 -0.000013 0.000006 -0.000007 0.000001 0.000007 -0.000025 0.000000 -0.000107 0.000005 -0.000012 0.000009 -0.000002 0.000001 -0.000003 0.000023 0.000004 0.000007 0.000001 -0.000002 0.000009 -0.000000 0.000000 -0.000004 -0.000035 -0.000007 0.000002 -0.000001 -0.000034 -0.000008 -0.000014 -0.000006 -0.000004 0.000001 0.000006 -0.000007 -0.000003 -0.000003 0.000006 -0.000006 -0.000012 0.000007 -0.000015 -0.000028 -0.000015 -0.000003 -0.000011 -0.000015 -0.000026 -0.000003 0.000005 0.000003 -0.000003 0.000000 -0.000011 -0.000001 -0.000051 0.000007 0.000004
-0.000003 -0.000001 0.000003 -0.000003 -0.000025 -0.000010 0.000041 0.000005 0.000006 -0.000005 0.000003 -0.000013 0.000005 -0.000010 -0.000005 -0.000035 -0.000003 -0.000005 -0.000000 0.000002 0.000003 0.000003 -0.000003 -0.000007 0.000010 0.000007 -0.000006 0.000001 -0.000004 -0.000002 0.000002 -0.000014 0.000007 -0.000018 -0.000013 -0.000013 -0.000010 -0.000023 0.000002 -0.000007 -0.000011 0.000002 0.000004 0.000002 0.000003 -0.000015 0.000003 -0.000008 0.000003 -0.000006 -0.000009 0.000005 -0.000007 -0.000004 0.000008 0.000000 0.000009 -0.000007 -0.000009 0.000005 0.000003 -0.000006 -0.000013 -0.000009 -0.000005 -0.000004 -0.000027 -0.000021 -0.000003 0.000007 0.000007 -0.000008 -0.000005 0.000000 0.000001 0.000009 0.000002 0.000000 0.000005 0.000000 -0.000007 -0.000001 -0.000004 -0.000014 -0.000026 0.000010 0.000005 -0.000009 -0.000022 0.000003 -0.000016 -0.000006 0.000003 0.000001 -0.000040 -0.000005 -0.000015 -0.000004 0.000004 -0.000005 -0.000026 0.000003 -0.000016 -0.000003 -0.000011 -0.000033 -0.000007 0.000002 -0.000026 -0.000020 -0.000003 0.000001 -0.000025 0.000006 -0.000003 -0.000016 -0.000002 -0.000003 -0.000015 0.000009 0.000011 -0.000003 0.000002 0.000001 -0.000004 0.000001 0.000003 -0.000036 -0.000030 -0.000030 -0.000015 -0.000003 0.000007 0.000009 0.000004 -0.000021 -0.000006 -0.000012 0.000009 0.000006 0.000011 -0.000016 -0.000004 -0.000003 -0.000003 0.000003 -0.000012 0.000001 0.000004 -0.000000 -0.000008 0.000004 -0.000012 -0.000003 -0.000007 -0.000005 0.000001 0.000001 -0.000002 0.000005 -0.000017 0.000009 -0.000001 -0.000013 -0.000018 -0.000019 -0.000018 0.000004 0.000000 -0.000024 -0.000006 -0.000002 -0.000001 -0.000006 -0.000031 0.000007 -0.000008 -0.000016 -0.000033 0.000001 -0.000018 -0.000000 0.000008 -0.000009 0.000009 -0.000008 0.000004 -0.000013 0.000013 -0.000003 -0.000005 -0.000006 -0.000002 0.000004 -0.000013 -0.000003 -0.000000 0.000003 -0.000002 -0.000004 0.000017 0.000001 -0.000001 -0.000020 -0.000007 -0.000003 0.000003 -0.000002 0.000007 0.000001 -0.000014 -0.000001 0.000003 0.000002 -0.000008 -0.000003 0.000009 0.000011 0.000001 -0.000007 -0.000003 -0.000015 -0.000009 -0.000008 0.000000 -0.000003 0.000000 0.000001 0.000007 -0.000028 -0.000004 -0.000006 -0.000009 -0.000005 0.000006 0.000000 0.000003 -0.000036 0.000002 -0.000000 -0.000009 -0.000023 0.000004 0.000001 -0.000020 -0.000005 -0.000022 -0.000011 -0.000006 0.000006 -0.000020 -0.000007 -0.000008 -0.000018 -0.000000 -0.000001
0.034343 -0.000003 0.004326 -0.038058 -0.165815 -0.082346 -0.000145 -0.000003 -0.000007 -0.000003 -0.000008 -0.000693 -0.048622 0.000081 -0.000003 -0.005689 -0.000002 0.000003 -0.000006 -0.000009 -0.000003 0.085156 0.003726 -0.016704 -0.011562 0.000055 0.000000 -0.000139 0.000042 0.000255 0.066653 0.029021 -0.000004 -0.017381 0.000723 0.043523 -0.014655 -0.017709 0.045643 0.015511 -0.023503 0.002273 0.000000 -0.000009 -0.026854 -0.043918 -0.000006 0.000395 0.000399 -0.072347 -0.000021 -0.000005 0.079970 0.000001 -0.000003 0.000003 -0.000402 -0.000002 0.031790 -0.020239 -0.000023 -0.000008 -0.099013 -0.095485 -0.011353 -0.000008 -0.057315 -0.050628 -0.000006 0.000135 -0.000001 -0.071934 -0.000007 -0.000259 0.081396 0.035533 -0.000086 0.032466 -0.000001 -0.000007 -0.026875 0.000236 -0.000002 -0.000003 -0.078192 -0.000019 -0.027585 -0.029210 -0.000009 -0.026056 -0.131134 -0.038632 -0.000006 -0.000000 -0.071676 -0.000277 0.000126 0.027001 -0.072389 -0.000006 -0.044671 -0.000008 -0.070691 -0.000038 -0.062988 -0.000990 0.000211 -0.000003 -0.076992 0.000401 0.002648 0.035033 -0.033703 -0.000003 -0.000025 -0.000013 -0.000003 -0.000001 -0.013444 0.000031 0.000221 0.000061 -0.000560 0.000111 0.022626 -0.000005 -0.000160 -0.060116 -0.000565 -0.053381 0.026574 -0.014794 -0.000003 -0.000007 0.016246 -0.102810 0.000002 0.028868 0.028719 -0.000002 0.016070 -0.000043 -0.000007 0.000056 0.000024 -0.011710 -0.009449 -0.020215 -0.000009 0.025914 -0.000004 -0.000121 -0.000001 0.000003 -0.000001 -0.000115 -0.000006 -0.000042 0.000010 -0.000001 -0.174143 -0.060739 0.011897 0.004924 -0.011062 0.039542 -0.020816 -0.000000 -0.000004 -0.010940 -0.020447 -0.000799 -0.000005 -0.078727 -0.029490 0.011626 0.000045 -0.021837 -0.117720 0.000037 0.000103 -0.000008 -0.000007 -0.040961 -0.000039 -0.025449 -0.000007 0.000257 -0.000003 -0.000002 0.000315 -0.000014 0.000457 -0.000007 0.004786 0.000843 0.009042 -0.000002 -0.033267 -0.000008 -0.000008 -0.000003 0.001571 -0.094860 0.000840 -0.064417 -0.000006 0.026343 -0.000006 -0.000002 -0.022385 0.000006 -0.082978 -0.000008 0.055637 0.001666 -0.000004 -0.020629 0.044292 0.000042 -0.000006 -0.019512 0.000000 -0.000005 0.000077 0.012934 -0.000003 0.000006 -0.000007 0.030168 -0.000672 0.000048 -0.054655 -0.006869 -0.000007 -0.000020 0.000004 -0.033342 -0.000002 0.047417 -0.003765 0.053501 -0.000002 0.000016 0.007641 0.000347 -0.048939 -0.031021 0.046267 0.001968 0.000027 0.014954 -0.000307 -0.003856 -0.000006 -0.000006
-0.066211 -0.000007 0.073374 0.003984 -0.104453 -0.112687 -0.000017 0.000008 -0.000008 -0.000003 0.000002 -0.011358 0.024157 0.000153 0.000002 -0.126644 -0.000005 -0.000014 -0.000031 -0.000002 -0.000001 -0.045241 0.000846 -0.039835 0.110357 -0.000045 -0.000001 0.000063 -0.000020 -0.000081 -0.006596 0.009761 -0.000002 0.122064 0.000178 -0.029085 0.047547 -0.025621 0.009243 -0.006420 -0.070496 0.012302 0.000006 0.000007 0.108967 -0.063316 -0.000013 -0.008952 0.000312 0.051354 -0.000012 -0.000005 0.024471 0.000006 0.000002 -0.000005 0.006842 0.000006 -0.031472 0.085391 -0.000000 -0.000007 -0.076509 0.072149 0.081786 -0.000009 -0.023868 0.049605 -0.000007 0.000011 -0.000036 -0.077950 0.000007 0.001280 -0.007713 -0.029190 0.013427 -0.055630 0.000006 -0.000007 0.000683 0.000296 -0.000002 -0.000047 -0.089560 -0.000002 -0.033473 -0.006610 -0.000003 0.035132 -0.058856 -0.093783 -0.000007 0.000004 -0.124547 0.000176 0.000414 0.152837 -0.046082 -0.000032 0.028218 0.000008 -0.061069 -0.000004 -0.037204 0.001390 0.000031 0.000002 -0.092285 -0.003150 -0.000333 0.007423 -0.036506 -0.000001 -0.000001 -0.000089 -0.000003 -0.000006 -0.084043 -0.000097 -0.000514 0.067445 0.019665 0.000069 -0.008209 -0.000009 0.000387 -0.144529 0.000308 -0.224001 -0.072905 0.020143 -0.000008 -0.000008 0.043152 -0.033390 0.000006 0.000035 -0.001967 0.000000 -0.084368 -0.000039 -0.000000 -0.000020 0.000016 -0.058769 0.103335 0.007218 0.000008 -0.012396 0.000143 0.000872 -0.000003 0.000002 -0.000036 0.000009 -0.000003 -0.000038 -0.000061 -0.000004 -0.054672 0.028523 -0.026255 0.042126 0.031057 0.067267 0.038889 0.000007 0.000005 -0.072148 0.036558 0.000344 -0.000001 0.088511 0.110379 0.106194 0.000029 -0.050932 -0.279045 0.000106 -0.133965 -0.000005 0.000009 -0.028764 -0.000005 -0.024295 -0.000000 0.000230 -0.000005 -0.000008 -0.000025 -0.000036 0.000059 -0.000008 0.001870 -0.000731 -0.131112 0.000003 -0.028006 0.000003 0.000001 -0.000008 0.001186 -0.160924 0.013230 -0.071680 -0.000003 0.029529 -0.000009 -0.000002 0.037514 -0.000008 0.020836 0.000001 0.086531 -0.000981 -0.000011 -0.040644 -0.042828 0.000001 0.000009 0.036582 -0.000008 0.000009 -0.003401 -0.026400 0.000005 -0.000001 0.000006 0.024024 0.003652 -0.000037 0.124656 0.092094 -0.000009 0.000012 -0.000028 -0.073953 0.000004 0.097858 0.039487 -0.017427 -0.000003 -0.000073 -0.086262 0.000103 0.095132 0.032297 0.004931 0.000467 -0.000015 -0.008668 0.002875 0.062531 0.000001 -0.000003
