0.329352 -0.001739 0.009432 0.096142 0.325819 -0.049321 -0.057778 -0.001051 -0.002898 -0.000484 -0.000905 -0.159999 -0.202242 0.143275 0.001568 0.324581 0.000149 0.010480 -0.002358 0.000790 -0.000846 0.346624 0.219256 -0.000250 0.511504 0.122270 -0.001055 0.074314 0.005250 0.040405 0.307432 0.288550 0.000462 0.211183 0.042215 0.083700 0.139419 0.248373 0.050734 0.458110 -0.051572 0.042037 -0.000305 -0.000331 -0.167039 -0.003882 0.008534 -0.002057 -0.046243 0.349143 -0.002558 -0.000465 0.551962 0.000201 -0.000885 -0.011917 0.029901 0.001097 -0.113789 0.388500 -0.005554 -0.002539 -0.004074 0.071374 -0.152686 0.000174 -0.205068 -0.377824 -0.000690 0.009511 -0.004436 -0.224173 -0.000152 0.059550 0.346013 0.161485 0.000985 -0.019459 0.000402 0.020540 0.291607 -0.015213 -0.013478 0.008924 0.156613 -0.004879 0.261753 0.147281 0.000544 0.307140 -0.057433 0.087541 0.000018 0.000725 0.350165 0.289514 0.036088 0.687116 0.257768 0.012521 -0.112590 0.068811 0.135467 0.008057 0.093081 -0.088138 -0.023722 -0.000171 0.267906 0.193900 -0.163632 -0.103643 -0.258522 -0.001475 -0.002402 -0.011136 -0.002198 -0.001645 0.042501 -0.046954 0.071416 -0.046030 0.137940 -0.015223 0.334472 -0.000818 0.026659 -0.442021 -0.028884 -0.142713 -0.051047 0.229632 -0.000736 0.001037 0.176421 0.343391 -0.001587 0.222157 0.089126 0.001653 -0.184725 -0.027545 0.000294 -0.019166 0.008119 0.059234 -0.103873 0.336306 -0.001508 0.544145 0.004271 -0.094238 0.036329 0.000829 0.007350 -0.045727 -0.001569 0.012885 0.011727 -0.001746 0.128885 0.047771 0.221561 -0.007170 -0.298888 0.015058 -0.034658 -0.000893 -0.000363 0.009843 -0.059464 -0.056046 0.035366 -0.182413 -0.103693 0.274659 -0.001399 -0.119660 -0.460311 -0.017031 0.014905 -0.001610 0.001384 -0.026980 0.003650 -0.087906 -0.000084 0.059178 0.001405 0.001235 0.141312 0.010276 -0.000238 -0.000142 0.267185 -0.071944 0.087418 -0.001424 0.017007 0.001223 0.035903 -0.006752 0.037318 0.078350 0.233995 -0.081046 0.002270 0.112018 0.000018 -0.002067 0.035486 -0.000852 -0.009832 0.001185 -0.268654 -0.011395 -0.002660 0.060630 0.569645 0.009236 -0.001453 0.189061 -0.000805 -0.001277 0.069269 -0.016735 0.000637 0.001822 -0.002579 -0.165801 -0.229303 0.183563 0.732588 0.116263 -0.000797 -0.012494 -0.007917 0.068411 0.000275 -0.008385 0.359090 0.361157 -0.000928 0.009515 0.311841 -0.045541 0.639490 -0.027243 -0.086301 0.179175 0.023594 -0.149935 0.793821 0.315905 -0.001546 0.008507
0.017520 -0.003477 0.510442 0.272505 -0.189491 0.030904 -0.043935 -0.002062 0.001801 -0.000143 0.002253 -0.213788 0.274629 0.382871 -0.001727 -0.437137 -0.000359 0.008374 0.003952 0.000820 -0.002216 -0.222618 -0.073308 -0.042269 0.293909 -0.011138 -0.001015 -0.080373 0.000999 0.021552 0.229342 0.292640 0.000571 0.322726 0.403643 0.253527 0.328765 -0.091474 0.114683 -0.794415 -0.107877 0.210156 0.000214 0.002002 0.183263 -0.310731 0.002626 -0.050710 0.112331 -0.438030 -0.006346 -0.000054 -0.338325 0.002937 0.001282 0.009556 0.519197 -0.000643 -0.250999 0.151789 0.005920 -0.002791 0.233814 0.099611 -0.185989 0.000847 0.410857 0.029201 0.000115 -0.100871 0.008145 -0.616202 -0.000757 0.804565 0.614671 0.150211 -0.326483 -0.495219 0.000918 -0.005754 0.025981 0.001098 0.004938 0.000711 0.324435 -0.003474 0.356716 -0.332396 0.010487 0.024611 0.151510 0.243433 -0.000477 0.000619 -0.247374 0.190123 0.088570 0.225323 -0.201313 -0.007610 0.437937 0.000697 0.541700 0.003756 0.070817 0.508953 -0.048076 0.000495 -0.056963 0.224934 0.177763 -0.102773 0.760517 0.001915 0.007212 0.001562 -0.001689 0.000436 -0.203250 -0.019314 -0.041902 -0.139353 0.038841 0.020699 0.534900 0.001076 0.064061 -0.391778 0.452608 -0.461149 -0.094507 0.435978 -0.000057 0.001113 -0.017208 0.654026 -0.003243 0.006295 0.364007 0.000855 -0.442939 0.000558 0.003488 -0.034056 0.004985 -0.479384 0.309507 0.481607 0.000446 0.417731 0.017376 -0.262878 -0.007824 -0.000572 -0.013814 -0.027074 0.001645 -0.004574 -0.045190 0.002269 0.088449 0.244204 -0.161844 -0.164278 -0.368058 0.228025 -0.057128 0.001405 -0.001845 0.280753 -0.108716 0.602977 0.001362 0.138219 0.008209 -0.210883 0.006820 0.340095 -0.375564 -0.007839 0.148891 0.000994 0.001505 -0.009071 -0.003706 -0.078935 0.004839 0.183618 0.006487 -0.001424 0.410623 -0.013957 0.062331 0.000658 -0.319231 -0.243771 -0.114981 0.000313 -0.155590 -0.000340 0.001405 -0.006229 0.063788 0.383910 0.406586 -0.264132 0.002171 0.054517 0.002780 -0.002965 0.124011 -0.000823 0.334334 0.002817 0.148790 0.205499 -0.002062 -0.062616 -0.141947 0.004652 -0.000931 0.328226 -0.005178 -0.002630 0.039375 -0.241278 -0.001759 -0.002925 0.001211 -0.263028 -0.132343 0.012494 0.007203 0.051409 0.016911 -0.001059 0.011887 0.007856 0.000537 0.933150 0.193046 -0.200943 0.000196 -0.046407 0.082913 -0.029200 -0.164132 0.354452 0.343133 0.073446 -0.037448 0.113232 0.164442 0.567571 -0.000126 0.000588
-0.001333 -0.001982 0.020792 0.000520 -0.010312 -0.016500 -0.005118 0.000274 0.000204 -0.001968 0.002268 -0.018935 -0.004991 -0.006369 0.001076 -0.010732 0.000012 0.004130 0.001325 -0.000267 0.001274 0.008685 0.005429 -0.005359 -0.014040 -0.002586 0.003553 0.000424 -0.002302 0.000229 0.000830 -0.032911 -0.000898 0.000371 -0.019284 -0.014047 -0.013183 -0.007844 -0.011677 -0.020369 -0.017030 0.020736 0.000086 -0.003040 -0.000571 -0.022268 -0.001606 -0.001131 -0.007093 0.000706 -0.004459 -0.000707 0.009440 0.002922 0.002644 -0.000407 -0.009161 0.000761 -0.005905 0.001262 0.003576 -0.003739 -0.013348 -0.002792 0.005075 0.000278 -0.022788 -0.006892 0.000803 0.002914 -0.002470 -0.006669 0.000001 0.002790 -0.021713 -0.005520 -0.001819 0.000401 -0.001134 -0.001375 -0.011861 -0.001373 -0.000922 -0.001559 -0.021582 -0.004058 -0.007753 -0.023483 -0.001984 0.002398 -0.021338 -0.046819 0.001621 0.000823 -0.011940 -0.015983 0.010303 0.029704 -0.005862 -0.013015 -0.017887 0.001751 -0.017574 0.012976 -0.004202 -0.028232 -0.001435 0.001061 -0.007885 -0.009046 -0.022627 -0.027179 -0.012169 -0.003414 0.000635 -0.010922 0.001183 0.002078 -0.015455 -0.022322 -0.001795 -0.003454 -0.003399 -0.005014 0.020468 -0.001612 -0.000186 -0.017479 -0.014764 -0.034989 -0.020321 -0.007754 -0.000320 -0.003009 0.010126 -0.005316 0.001640 -0.018365 -0.007615 0.001871 -0.015511 -0.011715 0.000760 -0.005738 -0.000353 0.000838 -0.018940 -0.001953 0.002896 0.004090 -0.015104 -0.002845 -0.000613 0.002501 -0.002395 -0.020435 -0.001473 0.013720 -0.001159 -0.003112 0.002570 -0.013776 0.002170 -0.009470 -0.008082 -0.001730 -0.011941 0.002686 -0.000928 0.002375 -0.000168 0.001145 0.010706 -0.000694 -0.018776 -0.005431 0.000131 -0.021041 -0.033439 -0.003344 -0.008908 -0.002677 0.002305 0.011327 -0.003614 -0.017268 -0.003757 -0.016725 0.002453 -0.001521 0.001387 0.000257 0.007932 -0.003551 -0.005488 0.002371 0.003840 0.002260 -0.003298 -0.001571 -0.002427 -0.000645 -0.001752 -0.013331 -0.001607 -0.030598 -0.000485 -0.001972 0.000019 -0.001472 0.002796 -0.001202 0.016149 0.003324 -0.000621 -0.001772 -0.000963 0.001577 0.009388 0.000325 -0.000540 -0.008777 -0.001123 -0.002024 -0.002688 -0.023958 0.003682 -0.005344 -0.000856 -0.010161 -0.014208 -0.003563 0.006519 -0.008072 0.000834 -0.002510 -0.003395 -0.002399 0.001000 -0.003438 -0.003551 -0.005063 -0.001667 0.003588 -0.002726 -0.008815 -0.003514 -0.001991 -0.008860 -0.000593 0.002523 -0.010626 0.005932 -0.016048 0.002205 -0.001698
-0.104070 0.006350 -0.051921 0.361744 -0.183394 0.078372 0.001715 0.001200 0.001536 0.000003 -0.001619 -0.316572 0.149417 0.052449 0.000414 -0.040114 0.001407 0.002542 0.003609 0.001042 0.000725 -0.166610 0.190295 0.228578 0.045562 0.052657 -0.000299 0.007737 -0.000357 -0.025742 0.065464 0.047606 -0.003038 0.026637 0.031913 -0.129480 0.307483 -0.048139 -0.017584 0.284565 0.052220 -0.048661 0.000345 0.000703 -0.040207 -0.262262 -0.001271 0.266273 0.004649 0.030103 0.005115 0.000607 0.159802 -0.001649 0.000058 -0.003498 0.020139 -0.000239 -0.101686 0.116762 0.003838 -0.001636 0.048653 0.654965 0.461062 -0.000025 -0.117553 0.003949 -0.000930 0.006876 0.000376 -0.087253 0.000666 -0.144832 0.087477 0.029496 -0.106485 0.024505 0.004777 0.005768 -0.082952 0.050017 0.000332 0.027076 -0.070710 0.002998 0.063940 0.192034 -0.001015 -0.105875 -0.012167 0.074544 -0.001907 0.000431 -0.088593 0.052228 -0.058888 0.028867 0.169147 0.023172 0.160798 -0.002587 0.052452 -0.007802 -0.181333 0.307578 0.005485 -0.002007 -0.072138 0.161664 -0.128942 -0.303270 0.199109 0.002890 -0.001147 -0.008144 -0.003157 -0.002800 -0.145707 0.016631 -0.002588 0.027596 -0.079204 -0.001707 -0.070509 -0.000863 0.063357 -0.119998 0.103122 -0.402616 -0.114646 -0.141393 0.000769 0.001353 0.405274 0.223842 -0.001991 0.115764 0.332355 0.001926 -0.427677 0.054082 -0.006282 -0.005021 -0.007151 -0.323346 -0.043931 0.214741 0.000732 0.180816 0.051794 0.003183 -0.003103 0.000581 0.007326 -0.012445 -0.002044 -0.012937 -0.000960 -0.001065 -0.046095 0.056997 0.136673 -0.107521 -0.270269 -0.026990 0.018071 0.001643 -0.000282 -0.199636 0.100910 -0.133201 0.005594 0.240131 -0.001004 0.233343 0.012896 0.244817 -0.625431 0.004605 0.038505 0.003183 0.000328 -0.127945 0.010056 0.082304 -0.001480 -0.135292 -0.001181 -0.000947 0.040174 -0.002510 -0.051091 0.000245 -0.526204 0.080253 -0.236995 0.003040 0.013238 0.003769 -0.002826 -0.003312 -0.002342 -0.365314 0.077506 -0.202658 0.002644 -0.098148 -0.000177 0.000841 -0.070481 0.000762 -0.004653 -0.000731 0.346472 0.432592 -0.001146 0.562377 -0.093307 0.022334 -0.001018 0.034235 0.001953 -0.004883 -0.165677 -0.056571 -0.001215 -0.003386 -0.000155 -0.061116 0.374066 0.011874 -0.092110 0.029055 -0.001434 -0.001859 0.000801 -0.053943 0.001912 0.487259 -0.062240 0.262959 -0.001585 0.032728 -0.148039 0.014447 -0.041929 0.010352 -0.103653 0.452978 0.000887 -0.000599 0.025909 0.292178 0.001822 -0.002744
-0.006286 0.002128 0.009380 -0.012285 -0.037717 -0.001322 -0.008210 0.000642 0.001030 0.000679 0.001980 -0.011598 -0.008287 -0.022501 0.002610 -0.011061 0.001603 -0.002762 -0.000638 0.001592 0.002090 -0.008873 -0.005636 0.006982 -0.002899 0.003958 -0.000002 -0.008262 -0.002982 -0.001985 -0.009796 -0.007119 -0.000882 -0.000835 -0.020948 -0.001665 0.000326 -0.021241 -0.004979 0.005822 -0.044543 0.003443 0.003362 0.002294 0.007765 -0.014082 -0.005231 -0.011366 0.015363 0.005355 -0.009063 0.001637 -0.004613 0.000033 0.002475 0.003581 0.001062 0.001022 -0.047856 -0.004701 -0.000298 -0.007628 -0.012060 -0.009557 -0.004621 -0.002835 -0.006617 -0.005648 -0.001728 0.034296 -0.005921 -0.025194 0.000557 -0.000007 0.005002 -0.060854 -0.003854 -0.010659 0.000223 0.006696 -0.003359 -0.000927 0.000348 0.007535 0.009457 -0.002174 -0.013258 -0.020304 0.002331 -0.021193 0.002803 -0.004582 -0.000137 0.000370 -0.009683 -0.011771 0.004879 -0.001287 0.002526 -0.010851 -0.060190 0.000774 0.010615 0.004051 -0.016718 0.009899 -0.002453 0.002685 -0.012068 -0.007288 -0.010710 -0.013020 0.000229 -0.001163 -0.007151 -0.001157 -0.000173 0.001989 -0.010659 -0.025893 -0.002675 -0.014218 -0.016848 -0.012228 -0.010449 -0.001272 -0.002239 -0.026425 -0.024307 -0.031058 0.002288 0.004084 0.003260 0.001488 0.005526 -0.002420 -0.000289 -0.019589 0.004502 0.002850 -0.012926 -0.007269 0.002732 -0.006787 -0.004996 -0.019699 -0.014859 -0.011848 0.002557 0.006088 -0.007213 0.014725 0.003764 -0.000928 0.009933 -0.011768 -0.002272 0.004993 0.002292 -0.001455 -0.023211 -0.022818 -0.004664 0.001064 -0.021087 -0.009340 -0.002243 0.000405 -0.002372 -0.038962 0.000408 -0.007076 -0.004683 -0.009480 -0.027526 0.001207 -0.004919 -0.004104 -0.031415 -0.004519 -0.001105 -0.002640 0.002572 -0.013091 -0.001090 -0.030051 0.001068 -0.024046 -0.001159 -0.000388 -0.015509 -0.002905 0.003137 0.000606 -0.035261 -0.005191 -0.050550 -0.003021 -0.002655 -0.001775 0.003023 -0.003929 -0.001974 -0.005354 0.001864 -0.019639 0.000812 -0.007871 0.002136 -0.000559 -0.018271 -0.001722 0.010293 0.002435 -0.008781 0.000914 0.008474 -0.001027 0.000557 0.013950 -0.000734 0.007687 0.002897 0.003028 -0.003417 -0.015738 -0.005632 -0.005346 -0.002956 -0.010755 -0.004031 0.000035 0.003649 0.000208 0.003689 0.002437 -0.000215 -0.006093 0.002767 -0.009565 0.004762 0.005040 0.001319 -0.004011 -0.034227 -0.002322 0.004552 -0.000897 0.004989 0.010794 0.003437 -0.001148 0.005469 -0.010032 -0.000041 -0.001748
0.503883 -0.002334 -0.032806 0.102345 0.198251 -0.046345 0.014755 -0.002295 0.001303 -0.000575 -0.002077 -0.299039 0.046754 -0.119142 0.001727 -0.129951 0.000820 0.002696 -0.000880 -0.000116 -0.000580 0.286504 0.067950 -0.224467 0.065867 0.011087 -0.000597 -0.050950 -0.000028 -0.041947 0.162264 0.076904 -0.001633 0.382897 0.058903 -0.259849 -0.325616 -0.005537 -0.029063 -0.112488 0.131945 0.253208 -0.000107 -0.001034 0.168794 -0.594410 -0.000347 0.337162 0.060320 0.344682 -0.014163 -0.001059 -0.400258 -0.001678 0.000003 0.002507 -0.444614 -0.001634 0.110291 -0.240490 -0.002241 0.001139 0.312758 0.116290 -0.197531 0.003345 -0.162713 0.595947 0.000167 -0.051248 0.000885 -0.250203 -0.002008 0.135346 0.259611 0.422889 0.498300 -0.071428 -0.000810 -0.002227 0.057928 -0.050969 -0.003016 -0.002425 0.073062 -0.001655 0.195294 -0.160602 0.002755 0.224040 -0.240521 -0.043755 0.001293 -0.002535 0.023540 0.228612 0.072439 0.211082 0.072487 -0.006493 0.161255 -0.001428 -0.158335 0.008141 0.095146 0.280838 -0.010489 -0.001254 0.164004 -0.117641 0.484211 -0.086922 -0.268217 0.001620 -0.007056 -0.000658 -0.003938 0.001855 -0.312571 -0.028912 -0.004117 -0.346597 -0.041870 -0.007662 0.168666 -0.002507 -0.001116 0.235777 -0.123322 0.177222 -0.337806 -0.333759 -0.003346 -0.001604 -0.116749 -0.034969 -0.001978 0.204676 -0.382315 -0.001463 -0.227724 0.045725 -0.005473 0.006656 -0.001161 0.219493 -0.250629 0.259110 -0.001424 0.009825 -0.007726 -0.112354 0.001057 -0.001424 0.003144 0.024372 0.000686 -0.010041 0.000077 0.000850 0.261026 0.222272 0.193418 0.156877 -0.607090 -0.207521 0.035756 -0.001276 0.001481 0.599117 0.407596 -0.020161 0.002968 0.036439 -0.203018 -0.139269 0.015015 0.041058 -0.498730 -0.017278 -0.026855 -0.000492 -0.001103 0.068155 -0.003713 -0.055466 -0.002306 0.185963 0.000691 -0.001399 0.050999 -0.009469 0.075842 -0.002057 0.136489 0.242782 0.339056 -0.001927 -0.148447 -0.001974 -0.002692 -0.001058 0.091523 -0.113078 0.511572 0.167759 0.000045 0.346796 -0.002666 0.001065 0.253617 0.002444 0.620253 -0.001620 0.064259 -0.041613 0.000293 -0.158019 0.581047 -0.002712 -0.001466 0.183828 -0.000642 -0.001041 -0.172340 0.237379 -0.002345 -0.005345 0.002147 0.071746 0.026590 0.001296 0.029770 0.392917 0.000659 0.004020 0.005391 -0.491986 -0.003097 -0.184912 -0.416554 0.129179 0.001231 -0.102250 -0.049353 -0.009975 0.249313 0.030656 0.156389 0.296747 0.000315 0.222034 -0.114392 -0.257522 -0.001745 -0.002483
0.387043 0.005466 -0.326318 -0.069523 -0.308390 0.411164 0.058590 0.000258 0.000863 -0.001611 -0.003261 0.191515 0.174823 -0.054571 -0.000680 -0.306673 -0.004935 -0.009980 -0.010838 -0.002944 -0.000940 -0.058721 0.081167 -0.352345 -0.051936 -0.009571 0.000542 0.082503 -0.003020 -0.002678 0.167761 -0.120407 -0.001093 -0.218771 0.054961 0.249832 -0.369701 -0.236234 0.170091 0.058491 -0.241146 -0.016623 0.000044 -0.003231 0.125423 -0.437049 0.001924 0.351364 0.014448 -0.394548 -0.014234 -0.001684 0.200341 -0.001116 -0.000367 0.001725 0.005686 -0.006099 -0.562169 0.121192 -0.001850 -0.002956 -0.479301 -0.062862 -0.122367 -0.000691 -0.324437 -0.342741 -0.001894 -0.002078 0.003073 -0.044760 0.000974 0.399403 -0.448798 -0.049930 -0.045689 0.185368 0.002188 0.001072 -0.020726 0.034153 -0.000372 -0.001395 0.561207 -0.006252 0.083645 -0.004829 -0.000757 -0.492877 0.133610 -0.060074 -0.000395 0.002248 0.026727 0.383435 0.010862 -0.437765 -0.139521 -0.005297 -0.318933 -0.003366 -0.224578 0.003349 0.225386 0.177098 0.240696 -0.001093 -0.316748 -0.058670 -0.015642 -0.105437 -0.128485 -0.001103 -0.000184 -0.002094 -0.002052 -0.003048 -0.216306 -0.006419 0.211431 -0.270210 -0.186806 0.058011 -0.032888 -0.001015 -0.003996 -0.139244 -0.521804 -0.323430 -0.303490 -0.370001 -0.003265 -0.002575 0.008988 0.108181 0.000201 -0.067180 0.076533 0.001045 -0.178382 0.002020 -0.000946 0.035578 -0.001849 0.328798 -0.040668 -0.060129 -0.002555 -0.036753 -0.000752 0.116624 -0.001757 0.000385 -0.000032 0.022038 0.000040 0.011802 -0.002248 -0.000734 0.257991 -0.216932 -0.181996 -0.164577 -0.329062 -0.016523 -0.077473 -0.001203 -0.000860 0.035465 -0.192509 -0.001273 -0.003502 -0.154486 0.224981 -0.097253 -0.001086 0.040171 -0.366035 -0.008857 0.098803 0.001458 0.002823 -0.072410 -0.006433 0.047779 -0.000211 0.228656 0.001163 -0.002474 0.272909 -0.003832 0.003222 -0.002629 0.167974 -0.141151 0.017209 0.000568 -0.189937 0.000854 -0.006782 -0.005815 0.464809 0.104266 0.132849 -0.393621 -0.002850 -0.041447 0.001420 -0.001525 0.226642 -0.001293 0.460480 0.000689 0.057175 0.089571 -0.003227 -0.031679 0.072309 -0.000592 -0.002625 -0.176356 0.000002 0.000516 0.172608 -0.032925 -0.000161 -0.018695 0.000101 0.016479 -0.292813 0.152602 -0.207644 0.075348 -0.001421 -0.012835 0.007606 -0.089921 0.000950 -0.122124 0.105109 0.567151 -0.002576 0.063056 -0.573703 -0.003789 0.327191 0.039912 -0.034824 -0.039209 0.006062 0.398250 -0.094605 -0.135189 -0.001424 -0.000208
-0.012271 -0.001849 -0.000910 -0.001209 -0.050867 -0.006663 -0.006490 -0.001760 -0.008313 0.000907 -0.000778 -0.008613 -0.014543 -0.002992 0.000204 -0.003348 -0.002103 -0.007468 -0.001184 0.002464 -0.002965 -0.021572 -0.012242 -0.012528 -0.009431 -0.012834 -0.001048 -0.002857 -0.004991 -0.002787 -0.004947 -0.009724 0.002746 -0.009429 -0.001531 0.001176 -0.009417 0.003504 -0.007230 -0.019738 -0.007936 -0.009861 -0.000024 -0.000795 0.000737 -0.046389 -0.001978 0.006202 -0.000997 -0.009961 -0.004003 -0.001210 -0.006253 -0.002941 -0.000389 -0.000944 -0.002190 0.003168 -0.026619 -0.000186 -0.005512 0.002117 -0.013490 -0.001585 0.005298 -0.003061 -0.022898 -0.008207 -0.000914 0.005800 -0.008873 -0.004042 -0.000075 -0.002501 0.004703 -0.003495 0.003887 -0.003136 -0.001751 -0.002003 -0.038768 -0.000168 -0.001222 -0.007928 -0.003766 0.003623 -0.016371 -0.014907 -0.002058 -0.002051 -0.014479 -0.022540 -0.001342 -0.000886 -0.012031 -0.004359 -0.006198 -0.003881 -0.018075 -0.005430 -0.015978 -0.002888 -0.004955 0.001500 -0.000810 -0.010525 -0.002611 -0.000272 -0.012946 -0.004519 -0.011202 -0.005183 -0.008927 0.000784 -0.002857 -0.003585 -0.000563 -0.003259 -0.005109 -0.013074 -0.007364 -0.007718 -0.001288 -0.018754 -0.003474 -0.002002 -0.006734 -0.007968 -0.008442 -0.012851 -0.005574 -0.031745 -0.001160 -0.001979 -0.001943 -0.015736 -0.001133 -0.008078 -0.010858 -0.000725 -0.011203 -0.009538 -0.001144 -0.008062 -0.002693 -0.010321 -0.023115 -0.000333 -0.003355 -0.001779 -0.002984 -0.007372 -0.008475 -0.000563 -0.008902 -0.006497 -0.001267 -0.008419 -0.005050 0.000377 -0.005891 -0.004759 -0.001504 -0.011147 -0.012270 -0.004401 -0.006869 0.000037 -0.001323 0.002456 -0.002647 0.001066 0.003575 -0.005878 -0.006095 -0.013471 -0.001825 0.005909 -0.026413 -0.007191 -0.006480 -0.001334 -0.000625 -0.023456 -0.003060 -0.015106 -0.000927 -0.013829 -0.000122 -0.000218 -0.012395 0.000052 -0.001568 -0.002135 -0.022866 0.002153 -0.005527 -0.000689 -0.005454 -0.001759 -0.001628 -0.006328 -0.002795 -0.041202 -0.000558 -0.003997 -0.000177 -0.005448 -0.000389 -0.003084 -0.007261 -0.002824 -0.006259 -0.000668 -0.012541 -0.001440 -0.002532 -0.000317 0.005434 -0.002596 -0.001707 -0.017519 -0.002781 -0.000473 -0.001261 -0.005610 -0.001742 -0.010766 -0.000018 -0.005055 -0.004404 -0.002976 0.001083 -0.001794 -0.000524 -0.007969 -0.002426 -0.015679 -0.000778 -0.011710 0.000863 -0.011934 -0.001289 -0.006112 -0.005875 -0.007276 -0.013531 -0.008383 -0.003527 -0.001216 0.005006 -0.002535 -0.011772 -0.005749 -0.000399 0.002986
0.290711 -0.003211 0.091958 0.391992 0.005431 0.223523 0.003903 0.000242 0.002259 0.001106 -0.001792 0.016492 -0.163424 0.006135 -0.000351 -0.319227 -0.002779 0.006648 -0.002848 -0.001886 -0.001938 0.015702 0.128355 -0.154695 0.072844 -0.023412 0.000399 -0.017898 -0.002333 -0.034331 0.149244 -0.103694 -0.002612 0.021005 -0.109217 -0.090508 0.026429 0.043563 0.536385 0.297767 -0.127656 0.032669 0.000045 -0.002910 0.267549 0.026215 -0.000852 0.276055 0.198995 -0.217524 -0.001412 -0.000686 -0.047114 -0.000328 -0.000412 -0.016026 -0.039005 0.005848 -0.221266 0.110449 -0.019211 -0.000411 0.103728 -0.030368 0.244734 -0.001098 -0.181283 -0.164519 -0.003127 0.000236 -0.009303 -0.302613 0.002905 0.200118 0.183371 0.096458 0.021335 -0.028600 -0.003366 -0.003366 -0.025862 0.036783 0.000062 -0.011661 -0.309746 -0.002947 0.017800 -0.044246 -0.000770 -0.274658 -0.026965 -0.205049 -0.002957 -0.000465 -0.179791 -0.090375 0.034262 -0.100025 0.153719 -0.015008 0.048647 -0.003180 0.021217 -0.009773 -0.131712 0.077131 -0.027193 0.003090 -0.255132 0.225637 0.368011 -0.039113 -0.114799 0.001191 -0.003416 -0.015717 -0.001775 0.001516 0.061777 -0.007710 -0.004757 -0.050044 -0.038363 0.034877 -0.039468 -0.000219 0.036090 -0.247896 -0.061766 -0.122957 -0.051502 -0.124000 -0.000144 -0.002433 -0.227344 -0.023497 0.000866 0.156698 0.132294 -0.000044 0.042182 -0.037221 -0.002601 0.035498 -0.002584 -0.071555 -0.263434 -0.018941 -0.000137 0.001032 0.013672 0.175917 -0.009105 -0.002584 -0.002532 0.047201 -0.003417 -0.011066 -0.000965 -0.000639 0.004323 -0.037798 0.089163 0.145916 -0.199556 -0.076951 -0.111939 -0.001623 -0.002625 -0.154640 -0.096203 0.074843 0.018483 -0.290542 -0.226479 0.057893 -0.002966 -0.067544 -0.520689 -0.022066 -0.087400 0.001376 -0.003068 -0.037980 -0.001930 0.007787 -0.002343 0.127165 -0.000191 -0.000623 0.080500 0.001018 0.007640 -0.002886 -0.187442 0.070877 -0.283565 -0.001429 -0.019819 -0.002956 0.011983 -0.004077 0.023842 -0.327721 0.134648 -0.241246 -0.001357 0.098600 -0.000667 -0.002752 0.194938 -0.002899 -0.075506 -0.001096 -0.033888 0.322982 -0.001915 0.113886 -0.150689 -0.003372 -0.002469 -0.351677 -0.001523 -0.001386 0.227207 0.038705 -0.001520 0.004710 -0.002376 -0.138311 0.146503 -0.003690 -0.081625 0.106665 -0.000870 -0.000592 -0.002381 -0.052477 -0.001518 0.217204 -0.043697 0.073908 -0.000274 0.063038 0.058221 -0.004635 -0.037383 0.154921 0.133482 0.593709 -0.000694 0.080419 -0.071003 0.105185 -0.003012 0.000397
0.683907 0.001844 -0.090911 -0.055425 0.897270 0.394190 0.003505 -0.000647 -0.002697 0.001359 0.001183 -0.216285 -0.273266 0.385033 -0.002378 0.558186 0.002675 -0.001376 -0.002192 0.002394 -0.000547 -0.059099 0.293552 0.000931 0.161164 0.127890 0.001672 -0.032583 -0.000702 -0.025718 0.494431 0.711407 -0.003675 -0.159630 0.098994 -0.239723 0.063377 0.118795 0.297605 0.047585 0.101068 -0.109786 -0.002004 -0.002640 0.040829 -0.497701 0.000741 0.229400 0.227162 -0.345205 0.013990 -0.002694 0.212374 -0.002764 -0.002785 -0.008203 0.048999 -0.004255 0.203074 -0.157988 0.005666 -0.002840 -0.237580 -0.298468 -0.111550 0.000106 -0.015246 0.660714 -0.002228 -0.024032 -0.009814 -0.377708 -0.001864 0.154152 -0.535423 -0.254774 0.148367 -0.487432 0.001160 0.001371 0.055204 0.088419 -0.001346 -0.001945 0.087369 0.001519 0.291306 -0.118782 -0.011565 -0.398859 -0.023157 0.017471 0.002235 0.001016 0.248350 0.404473 0.009079 0.339351 0.125616 -0.010002 0.676122 0.001782 -0.486945 0.006956 0.069464 -0.074280 0.062303 -0.001287 0.060056 0.242807 -0.188629 -0.034631 -0.262105 0.002423 0.001345 -0.006189 -0.001398 -0.001044 0.060054 0.014300 0.214290 0.086699 -0.260107 0.016570 0.067184 0.002020 0.000423 0.090537 0.378988 0.318043 -0.067424 -0.063602 -0.000391 0.000938 0.008620 -0.351278 0.003192 0.021281 -0.207262 -0.003842 0.302927 0.131641 0.000332 0.005631 -0.005475 -0.087112 0.010253 0.429408 -0.000586 -0.072806 -0.002041 0.248507 -0.000709 0.001330 0.012669 0.041155 0.001014 0.010512 0.014374 0.000181 -0.310956 0.198070 0.023719 0.054495 -0.098638 0.068983 -0.044697 -0.001470 -0.000115 -0.420950 -0.093288 0.365049 -0.017585 0.173917 -0.417025 -0.149310 -0.003315 0.268374 -0.450082 -0.033851 -0.404685 -0.001078 -0.000456 -0.181550 -0.018418 -0.474978 -0.000263 0.376033 -0.004991 0.000260 0.126079 -0.016177 0.037682 -0.000832 -0.046965 0.190152 -0.226079 0.001610 -0.174662 0.003207 0.008159 -0.007602 -0.042668 0.049192 -0.064828 0.050886 -0.000011 0.345926 -0.001638 0.000368 0.014011 0.002264 0.299196 -0.000617 0.049914 -0.059124 0.000263 -0.301400 0.267844 -0.013422 0.003308 -0.333459 0.002984 0.002147 0.092227 0.137136 -0.005106 -0.004601 -0.000141 0.393968 0.039952 -0.010690 -0.736166 -0.526761 -0.015936 0.003229 -0.006096 0.399303 -0.000963 -0.066045 -0.378993 0.254718 -0.000314 0.012608 -0.055333 -0.034007 0.264457 -0.076723 -0.208257 0.068971 -0.010205 0.376672 -0.130397 -0.211759 0.003543 -0.003904
0.163296 -0.000509 -0.087773 0.114340 -0.073292 0.069504 0.029039 -0.001911 -0.004226 -0.001541 -0.003082 -0.184753 -0.176148 0.051948 0.002194 -0.070011 0.000090 -0.000539 0.000840 0.001492 0.002892 0.086195 0.063612 -0.025503 0.081054 0.020107 -0.000999 0.046282 -0.001400 -0.012449 0.017673 -0.195372 0.001344 -0.335144 0.199213 0.004161 -0.279984 -0.048574 -0.102505 0.087243 -0.416230 -0.070329 0.001916 -0.011163 0.066188 -0.031284 0.002290 0.007045 -0.031291 0.087523 0.003901 0.000619 -0.113822 -0.000933 0.001780 0.025622 0.085249 -0.006298 -0.355853 0.174355 0.000898 0.006936 -0.122298 -0.286111 -0.145776 0.001673 -0.202558 0.135480 0.000786 0.062677 -0.007770 -0.239215 -0.000629 0.062749 -0.147479 -0.065426 -0.264571 -0.186453 0.001557 0.000889 -0.014275 0.176737 0.013532 0.017427 -0.314563 -0.000238 0.092731 -0.263198 -0.003005 -0.120323 0.025068 -0.150705 0.003447 0.003017 -0.189851 -0.016897 0.021921 0.019486 -0.020323 -0.021010 -0.132943 -0.001018 -0.181952 0.006853 -0.233441 0.362259 0.061003 -0.002886 -0.422228 0.005980 -0.053615 -0.063246 0.129850 0.000282 -0.001081 0.013003 0.002400 -0.001829 -0.057305 0.043502 0.175301 -0.187844 -0.146715 0.113566 -0.129526 -0.000167 -0.014413 -0.198165 0.006545 -0.235389 -0.103849 -0.289896 0.003229 0.000315 -0.121900 -0.131230 -0.001536 -0.078924 -0.035373 -0.000355 -0.125238 -0.021029 -0.005946 0.100021 -0.001386 -0.077804 -0.188652 -0.117856 -0.001150 -0.046277 -0.000961 0.014312 0.001046 0.000628 0.016269 -0.037171 0.002263 0.012652 0.047740 0.001066 0.018229 -0.072979 -0.002832 -0.303450 0.099168 -0.242534 -0.030457 -0.001724 0.001298 -0.008118 0.169130 0.314543 0.005510 0.006483 -0.264897 0.079434 -0.009651 -0.103213 -0.391264 -0.116489 -0.004214 -0.000821 -0.001575 0.071499 -0.002180 -0.023452 0.000351 0.146386 0.001669 0.002049 0.150202 -0.013453 0.019634 -0.000752 0.153464 0.264864 0.002408 -0.002270 0.066535 0.003869 0.000382 0.005272 0.020211 0.034601 0.010015 -0.259860 -0.002769 0.031683 -0.002217 0.000956 -0.131362 0.002047 0.039850 -0.003128 -0.057502 -0.004224 -0.004113 -0.081195 -0.034757 -0.019692 -0.001938 -0.096921 -0.001236 -0.000688 -0.020324 0.215504 -0.002090 0.014678 -0.004573 -0.056026 -0.215554 0.019251 -0.020196 -0.039279 0.005353 0.008878 -0.004359 -0.114366 0.001765 -0.211697 0.047989 0.101017 0.001170 -0.058300 -0.138166 -0.021101 -0.249766 0.135070 -0.029645 0.030960 0.002416 0.151852 0.118224 -0.232146 0.000692 0.006697
-0.006747 0.002285 -0.029159 0.008799 -0.012436 -0.019877 0.001366 0.000563 -0.002624 0.006292 0.002612 -0.012145 -0.009412 0.009140 -0.000250 0.009638 0.001445 -0.004235 -0.000849 0.000757 0.000858 -0.035324 -0.003360 -0.004791 -0.015111 -0.007341 0.002473 0.004084 -0.000528 0.002045 -0.010193 0.004863 -0.005072 -0.044650 -0.042707 -0.068687 -0.002165 0.011492 -0.054017 0.024593 -0.038123 -0.007044 0.001288 -0.000028 -0.019338 0.014143 0.000149 -0.001552 0.006530 0.012207 0.008465 0.001927 0.019130 -0.001174 0.000836 -0.002729 -0.002980 -0.003699 -0.020602 0.001909 0.001569 -0.000059 -0.037565 -0.011612 -0.008905 0.001739 -0.028180 0.023861 -0.002195 -0.018097 -0.000342 0.018360 -0.001429 0.036781 -0.009837 0.000417 -0.025678 0.009845 -0.001756 0.003032 -0.030041 0.002755 0.002631 -0.016137 -0.030426 0.001672 -0.005015 -0.024589 0.010747 -0.019568 -0.033694 -0.042012 -0.000765 -0.000178 -0.031240 0.000909 -0.002150 -0.023898 -0.073952 -0.010401 -0.025375 -0.001007 0.002017 -0.001375 -0.039187 -0.036246 0.006040 -0.001214 -0.042886 -0.008232 0.019491 -0.023107 -0.046025 0.002935 -0.002791 -0.005066 -0.000487 0.000682 -0.030210 -0.006104 -0.003622 -0.043055 0.008370 -0.001327 0.024859 0.001591 0.008775 -0.034466 -0.029269 -0.075451 -0.019895 -0.010745 0.002587 0.000912 0.014354 -0.024479 -0.000878 -0.017310 -0.009841 -0.000720 -0.045951 -0.032817 0.007219 0.000208 0.000573 -0.007475 0.006204 0.025125 0.003152 -0.003662 0.043666 0.004605 -0.003495 0.001460 0.000548 -0.022261 0.000245 0.031442 -0.003481 -0.000649 -0.046113 -0.000853 -0.020566 -0.041601 -0.044875 -0.042361 -0.011889 0.001877 0.002804 -0.031015 -0.000085 -0.003846 -0.017730 -0.005288 -0.043664 -0.023552 0.006841 -0.006317 -0.069219 -0.001573 -0.061591 -0.001870 0.002335 0.007014 0.019700 -0.017769 -0.001162 -0.008914 0.000447 -0.001898 -0.049783 -0.006831 -0.017574 -0.001240 -0.024049 0.000330 -0.023351 0.003381 0.001960 0.003145 -0.004911 -0.003424 0.004843 -0.009613 0.011407 -0.045407 0.002458 0.002406 0.001293 0.000053 -0.007182 0.000481 -0.007616 -0.000066 0.027197 0.021996 0.000078 -0.037602 -0.032080 -0.001729 0.000316 -0.003616 -0.001522 0.002486 -0.030056 -0.011265 -0.005922 0.000227 0.000191 -0.018612 -0.001585 -0.021919 -0.004244 0.004850 -0.000740 0.006048 -0.001671 -0.026919 0.002257 0.004127 0.015939 -0.008189 -0.000957 -0.012455 -0.057721 0.001096 -0.021862 -0.003018 0.000304 -0.042719 -0.003044 0.008707 -0.016266 -0.045926 0.000832 -0.003235
0.614487 0.001635 0.292060 -0.356494 0.982827 0.715217 0.041517 0.000455 -0.001496 0.006557 0.000972 -0.948518 -0.493212 0.276394 0.003084 0.984453 -0.001891 -0.015523 0.004818 0.001392 0.001080 0.074733 -0.256792 -0.541215 0.703270 -0.053676 0.001202 0.041386 -0.006014 -0.004577 -0.229188 0.605691 0.001738 -0.607590 -0.272587 -0.622708 -0.295799 0.796425 0.151971 -0.178216 -0.008244 -0.339794 -0.002334 0.002591 -0.002692 -0.414235 0.010311 0.069856 -0.037287 0.518371 -0.007738 0.000404 0.516165 0.002578 -0.003151 -0.002702 0.521129 0.000503 -0.050570 -0.087294 0.002445 -0.007570 -0.440830 -0.276428 -0.366450 -0.000146 -0.308744 -0.003800 0.000677 -0.024606 -0.011462 -0.822142 0.000498 0.021453 0.382846 -0.325474 0.077232 -0.097999 0.000038 -0.007166 -0.087622 0.052221 -0.005138 -0.015796 -0.225547 0.000655 -0.171331 0.214171 -0.008106 -0.312642 0.155793 0.052104 0.000329 0.001424 0.551673 0.273616 -0.036683 0.803785 0.323699 -0.003509 0.424816 0.001433 -0.746053 -0.007010 0.119712 -0.066244 0.020683 -0.003075 -0.172281 0.455830 -0.335431 -0.395457 -0.701549 0.000962 -0.003450 -0.002670 0.001403 0.000466 -0.364115 -0.057158 -0.076497 -0.053645 -0.234561 0.013479 -0.031480 0.000172 -0.070277 0.303778 0.501755 0.397444 0.518741 0.376378 -0.000776 0.000080 0.536033 -0.600152 0.001033 0.169117 -0.413479 -0.002422 0.073255 -0.029089 0.008466 0.015135 0.012280 0.801344 -0.480585 -0.155783 -0.000861 0.157304 -0.034921 0.498345 -0.003398 0.001915 0.006127 0.093835 0.002828 0.006729 -0.028231 -0.002608 0.276384 0.348928 -0.003711 0.252905 -0.020885 0.429121 0.019475 -0.000131 -0.001178 -0.612794 0.043635 -0.237800 0.012311 0.530988 -0.381218 0.157730 0.000005 -0.277823 -0.124428 0.011361 0.288235 0.000321 0.003243 -0.273484 -0.009252 -1.449832 0.000349 -0.010756 0.000561 0.001705 -0.218509 0.002581 0.144775 -0.000620 -0.563536 0.334308 -0.281856 0.000418 -0.642550 0.001147 -0.004273 0.002385 0.027148 -0.497353 0.030547 0.041263 0.002826 0.225908 -0.000760 -0.002650 -0.089724 -0.000572 0.064363 0.002417 0.022988 -0.031169 0.002310 -0.401152 0.150730 -0.015669 -0.001241 -0.366845 -0.000105 0.001027 0.572845 -0.130152 -0.000356 -0.005849 -0.000796 0.940868 -0.019149 0.045958 0.152205 -0.545816 -0.013215 0.007510 -0.007183 0.410779 -0.002453 -0.286134 -0.416414 0.763808 0.001127 0.032763 0.141380 -0.090339 0.544657 -0.011583 -0.502792 0.137157 0.011443 0.665656 0.222671 -0.842988 0.003077 -0.006129
-0.128120 -0.000345 0.303024 0.221073 -0.086348 0.400370 -0.003627 -0.000690 -0.005842 0.000456 -0.001054 0.048535 0.629298 0.082708 -0.000939 0.090514 -0.000704 0.002141 -0.003353 -0.000389 -0.003174 0.175330 -0.182954 0.046901 0.097554 0.002147 0.002464 -0.005633 -0.021067 0.034620 0.267828 0.101915 -0.000627 0.337988 0.203478 0.033460 -0.196335 0.113120 0.354496 -0.170986 0.147530 0.201067 0.001849 -0.000096 0.178360 -0.182716 -0.002052 0.252791 0.070365 -0.055324 0.003914 0.000909 0.152224 -0.001694 -0.002216 0.001200 -0.011529 -0.003023 -0.243549 0.071780 0.003924 0.006720 0.025260 0.069093 -0.162471 -0.007670 -0.015740 0.001548 -0.001542 0.023107 -0.013331 -0.329783 -0.000001 -0.168213 0.287453 0.308279 -0.174393 -0.141259 0.006155 0.000539 -0.180790 0.154832 -0.005440 0.023888 0.212024 -0.003774 -0.087628 -0.112704 0.000776 -0.006126 -0.135443 -0.078903 -0.001085 -0.001599 0.101485 -0.050908 0.063587 -0.272572 -0.223928 -0.006938 0.721774 0.000796 0.030457 -0.000218 -0.053350 -0.005847 0.055664 0.000642 0.040262 0.072605 0.335888 -0.226560 0.244017 0.001017 -0.009747 -0.020013 0.000309 0.001196 -0.169617 -0.022757 -0.142638 0.021715 0.520739 -0.008207 0.548848 -0.001655 0.059544 -0.216736 0.338752 -0.112993 -0.026683 0.276693 0.000135 0.002072 -0.216205 -0.321623 0.000649 0.352107 0.283487 -0.002319 0.069320 -0.012280 0.002281 -0.026197 -0.001869 -0.238807 -0.016045 0.484832 0.003143 0.239436 0.060061 0.117360 0.001764 0.000764 -0.007364 -0.060848 -0.001292 0.014764 0.006305 0.000209 0.309359 0.246016 0.286562 -0.273080 0.067858 0.185532 -0.213816 -0.002486 0.002931 0.300188 0.030283 0.406704 -0.005056 0.393369 -0.425629 0.021682 -0.004507 0.151605 -0.541255 0.001976 -0.328875 -0.003300 0.001274 0.076425 -0.001280 -0.011947 -0.001124 0.328669 0.000525 0.001262 0.056444 0.000785 0.000112 -0.001106 -0.145335 0.018657 -0.290848 0.002838 -0.130354 0.000126 0.006485 0.014429 0.175889 0.002759 0.233984 -0.322837 0.000322 0.046517 0.002053 -0.003971 0.083860 0.000301 0.086549 -0.001357 0.681698 -0.112314 0.005156 -0.069240 0.344195 0.012137 -0.000043 -0.067229 -0.000480 0.000805 0.041981 0.013862 -0.007827 -0.011623 -0.001114 -0.067411 0.136899 -0.030522 0.029534 0.389345 -0.010545 -0.004127 -0.004520 0.215494 0.000898 0.423380 -0.180495 -0.130457 0.000639 -0.040648 -0.070951 -0.015960 0.130108 0.009100 0.438945 -0.114017 0.013095 0.115524 -0.045212 0.287071 0.000727 -0.004220
-0.185380 -0.004339 -0.135672 0.021221 0.025917 0.005683 0.008957 0.000060 -0.004056 0.001443 0.001072 -0.165737 -0.003956 0.103773 -0.001191 -0.192846 0.001244 -0.000989 -0.002931 -0.002757 -0.001377 -0.192264 0.079447 0.003836 -0.066399 -0.063255 -0.000669 0.230150 -0.003097 0.027938 0.026722 -0.162831 -0.003054 -0.157185 0.140702 -0.018450 -0.017402 -0.006050 -0.077391 -0.085810 -0.099499 0.070523 0.003169 0.003292 0.093070 -0.083651 -0.001570 -0.009024 -0.066196 -0.119149 -0.009796 0.001397 -0.041207 -0.002612 0.000297 0.000431 0.155383 0.001515 -0.128711 -0.007764 -0.007929 -0.002850 -0.221943 -0.099018 -0.151050 -0.002899 0.034584 -0.099693 -0.003276 -0.004105 -0.004594 -0.111422 0.004146 0.100509 0.038399 -0.056290 0.011172 0.060828 0.000313 0.007784 -0.028953 0.036503 0.008939 -0.006153 -0.030722 0.000267 0.002781 -0.094976 -0.000354 -0.097460 -0.090333 -0.102764 -0.002168 -0.002277 -0.082920 -0.010171 0.002404 -0.119105 -0.137996 -0.011525 -0.219396 -0.003912 -0.257216 -0.002162 -0.106787 0.033370 0.066744 0.002885 -0.089018 -0.049141 -0.057549 -0.001078 -0.041085 -0.002820 -0.003452 0.007171 0.000891 0.001923 -0.205684 0.016573 0.002966 -0.113219 0.068292 0.050884 -0.028798 -0.003024 0.011528 -0.040901 -0.076199 -0.121582 -0.046250 -0.172436 0.000900 0.002603 0.003980 -0.141762 0.003417 -0.077345 -0.018807 0.002492 0.037558 0.042267 -0.000596 -0.030962 -0.007659 -0.103249 -0.220802 -0.074902 -0.001790 0.004625 -0.055150 0.178891 -0.001071 0.000428 -0.001653 0.036821 0.003359 -0.005249 0.001702 -0.001780 -0.021835 -0.050442 0.035304 -0.111391 -0.037858 -0.014865 0.072720 0.001869 0.000020 -0.085706 0.044897 0.049372 -0.009095 0.004516 -0.063548 -0.030696 -0.011622 0.120175 -0.130948 -0.019419 -0.101550 -0.001364 -0.000728 0.005596 -0.004434 -0.076976 -0.000916 -0.036160 0.003224 -0.002706 0.017638 -0.000322 -0.001338 0.002186 -0.084387 0.200669 0.035945 -0.002588 0.047729 -0.001908 -0.004278 -0.006013 -0.149062 -0.057909 0.085145 -0.184102 0.000916 -0.060476 0.001104 0.000794 -0.074769 -0.003944 0.002973 0.002955 -0.027657 0.006698 0.003583 -0.166926 -0.152796 0.015738 -0.002792 -0.130667 0.000013 0.003143 0.086367 0.059179 -0.005026 0.017041 -0.009534 -0.060193 0.026624 0.080421 -0.007304 -0.113770 0.007240 0.016742 -0.001669 -0.036457 -0.002710 0.046385 -0.101993 -0.088988 -0.002299 -0.045857 -0.275564 0.008835 -0.048662 -0.015323 -0.032685 0.087203 0.014848 -0.059541 -0.029097 -0.074563 0.002182 -0.005406
-0.449159 -0.003701 0.539510 0.325021 -0.069936 0.325882 -0.013729 0.001127 -0.001351 -0.000017 0.001428 0.012426 0.480283 0.094587 -0.001377 -0.221599 -0.000921 -0.002740 -0.000794 -0.002443 -0.002802 -0.196931 0.276524 0.068414 0.097359 0.020662 0.002481 -0.005536 -0.000262 -0.002185 -0.335385 0.143533 -0.000823 0.165954 0.223305 -0.411339 0.054661 0.186811 0.611469 0.175099 -0.083733 0.154716 0.000406 -0.000509 0.047250 -0.016446 -0.003703 0.117303 -0.054025 -0.083527 0.005141 -0.000317 0.381892 -0.003054 0.002807 -0.013495 -0.189690 -0.001851 0.175170 0.170988 -0.003006 0.000720 0.407684 0.079171 0.000362 -0.001015 0.025359 0.374245 -0.000114 -0.016081 0.000359 -0.406074 0.001664 0.314352 0.737350 0.381349 0.040042 -0.047775 -0.003685 -0.013227 0.178591 -0.026222 -0.014607 0.003216 0.272606 -0.000451 0.399616 0.324745 -0.003467 0.379238 0.109049 0.279790 0.000803 0.002364 0.416824 0.068251 -0.013484 0.489167 0.158077 0.003567 0.181058 -0.001821 0.477056 0.007639 -0.079862 0.258857 0.266935 0.000383 0.268924 0.196612 0.182582 0.300543 -0.303890 -0.002161 -0.000401 0.002153 0.001592 -0.000072 0.063663 -0.066159 0.081422 0.232677 0.174429 0.031973 0.249684 -0.001143 0.021888 -0.274635 0.169866 -0.497246 -0.212846 0.055599 -0.001782 -0.002595 -0.040446 0.090138 0.000749 0.678034 -0.420649 0.001067 -0.066808 0.005766 0.001832 -0.012482 -0.006080 -0.153525 -0.163030 0.330251 -0.002321 0.111143 0.020390 -0.450103 -0.001486 0.002968 0.002859 0.017525 -0.001592 -0.017161 -0.019996 -0.000052 0.271683 -0.027319 -0.229340 -0.044382 -0.350340 -0.076432 0.246215 0.001744 -0.001639 -0.167703 0.162553 0.294494 0.004229 0.370826 -0.283151 0.147956 0.004382 0.020870 -0.471989 -0.000468 -0.005710 0.003320 -0.001548 0.099085 -0.003589 0.103684 -0.001990 0.194413 0.000434 -0.002829 0.376556 0.006503 0.005053 0.000432 -0.235181 0.050577 -0.301570 0.001083 0.175131 0.000580 -0.003154 -0.002322 0.236863 -0.067923 0.489983 -0.643806 0.000584 0.307622 0.001954 -0.001538 0.132006 -0.000463 0.736518 0.000128 -0.017892 0.000323 0.002632 -0.119968 -0.132525 0.022713 -0.002147 0.161076 -0.000008 -0.000503 -0.093219 0.108095 -0.006579 -0.005011 0.000581 -0.391142 0.460367 0.102318 0.363494 0.105891 -0.002171 -0.007090 -0.000140 -0.593914 -0.002139 0.543117 0.654823 0.238936 -0.000877 0.019917 0.183742 0.008507 0.187412 0.143309 0.158129 -0.058015 0.023396 0.270333 0.459798 0.293633 0.001249 0.003091
-0.050883 0.001622 0.417372 1.044453 -0.024993 0.062494 -0.040570 0.002291 -0.002624 0.003469 0.000275 -0.200096 0.058183 0.084819 0.001039 0.194780 -0.000174 -0.013020 0.001220 0.001640 0.001728 0.322956 0.414597 0.271638 0.326481 0.017063 -0.000123 -0.045027 -0.002726 -0.001069 -0.099159 -0.086205 -0.000769 0.100526 0.274253 0.144811 -0.232470 -0.284559 0.172496 0.269747 -0.001237 0.070131 0.000946 0.002701 -0.070978 -0.283935 0.003057 0.035088 0.050820 -0.154397 -0.003907 0.002268 -0.188618 0.001892 0.002032 -0.003310 0.213711 0.001893 0.231280 0.099966 0.001198 0.001043 0.103046 0.026372 -0.224473 -0.003178 0.122220 0.281961 -0.001113 0.009010 -0.001046 -0.360595 0.002973 0.248436 -0.086449 0.348147 0.202795 -0.276778 0.000537 0.006753 0.084056 -0.001101 -0.000087 -0.000645 0.076333 -0.001706 0.738542 0.225124 -0.000786 -0.138117 -0.391392 -0.440181 0.000881 0.001683 -0.179016 0.188055 0.264890 0.380945 -0.275965 -0.005820 0.332223 0.003833 0.007909 0.006526 -0.157770 0.229625 0.052481 0.002000 -0.279005 -0.157390 0.176569 0.319408 0.180390 0.003280 -0.002004 -0.002818 0.000774 0.000336 0.007056 -0.005356 0.077231 0.074931 0.117129 0.005267 0.298858 -0.000818 0.012604 -0.249309 0.093377 -0.372908 0.068013 0.054586 0.001095 -0.000036 -0.126506 0.123243 0.001081 0.726414 -0.076232 -0.001199 -0.033382 -0.048307 -0.004633 0.001299 -0.003018 -0.069594 -0.203406 0.570997 0.000249 0.262486 0.001370 -0.032075 0.001726 -0.002304 0.004539 0.149908 -0.003274 -0.001681 0.000932 0.000463 -0.193251 0.005269 -0.106886 0.194047 0.085250 -0.016133 0.299889 0.003287 -0.000775 0.015349 0.549770 0.567362 -0.000739 0.365242 -0.277197 0.214241 0.000294 0.095990 -0.685839 -0.001742 0.274701 0.000685 0.002918 0.040287 -0.008846 -0.011041 0.002494 -0.013183 0.001880 0.002293 -0.022601 -0.000875 -0.044310 0.001676 0.037111 0.527371 -0.226142 0.002531 -0.290494 0.002797 -0.002115 -0.000439 -0.135334 0.191028 0.032188 -0.214593 0.001307 -0.213717 -0.003028 -0.001340 -0.100152 -0.002376 -0.067956 0.000004 0.543237 0.035950 0.000931 -0.091079 0.125898 -0.001041 -0.001929 -0.222711 -0.001910 0.003630 0.243172 -0.052363 -0.001424 0.000838 0.000887 -0.037331 -0.150171 -0.011070 0.090431 0.129103 -0.000740 0.001235 -0.001757 0.035071 0.000623 -0.131500 0.113961 0.332149 0.000119 -0.039211 0.155460 0.008277 0.099689 0.094844 -0.142606 0.080195 0.009688 -0.079082 0.355512 0.047349 0.001968 -0.000086
-0.161003 -0.001344 -0.075653 0.309713 0.030065 0.313563 -0.046728 0.000887 0.001815 -0.003374 -0.001738 -0.115809 0.279642 0.119363 -0.000056 -0.173666 -0.002228 0.002402 -0.001747 0.001533 -0.004109 0.027870 0.354439 0.018627 0.083921 -0.033384 0.001165 -0.002167 -0.005892 -0.000137 -0.075861 0.006491 -0.003398 0.439566 -0.131811 0.082637 0.276970 0.008285 0.082226 0.280804 -0.003057 -0.001488 -0.000598 -0.000003 -0.109159 -0.085872 -0.001597 0.455551 -0.000957 -0.159701 -0.008584 -0.001935 -0.125125 -0.001704 -0.002979 -0.028288 -0.035547 0.001242 0.056315 0.016946 -0.002069 -0.000467 -0.021202 0.262560 0.571724 -0.000865 -0.072634 -0.126750 -0.001629 -0.023200 -0.008110 0.029218 -0.003385 0.034335 -0.053358 0.087796 0.178985 -0.124074 -0.000658 -0.002127 -0.159432 0.033326 0.001366 0.002294 -0.209784 -0.011717 0.005862 0.169345 0.000668 -0.005592 -0.223865 -0.110383 0.000880 -0.002762 -0.222500 -0.137105 0.000353 -0.111764 0.141178 0.014106 -0.216767 0.002254 -0.114621 -0.000312 0.048012 0.085901 -0.039342 0.000783 -0.030062 -0.130850 0.059195 -0.034761 0.083311 -0.002308 0.003114 0.019115 0.001295 0.002030 -0.075104 0.009222 -0.005106 0.030203 -0.188585 -0.017614 0.118849 -0.000671 0.003679 -0.078121 0.188374 -0.237461 -0.160336 -0.168003 -0.002880 -0.001651 0.269144 -0.176487 0.002032 0.140708 -0.006479 -0.000864 -0.082575 -0.057802 -0.000940 -0.026811 -0.006042 -0.060818 0.037587 0.082435 -0.001230 -0.086020 -0.032519 0.086737 -0.000281 0.001240 -0.002577 -0.025177 -0.001096 0.005739 -0.000410 -0.000604 0.161677 0.233729 -0.046765 -0.008585 -0.090673 0.022399 0.180072 0.001166 -0.002998 -0.082754 0.678236 0.093351 -0.009089 0.109826 -0.214827 0.159402 0.007449 -0.052460 -0.460979 0.114637 -0.089060 -0.002639 -0.001113 0.100876 -0.034831 -0.150034 -0.003232 -0.134999 -0.000085 -0.001328 -0.009492 0.023852 0.094762 -0.001609 -0.221593 0.052330 -0.012216 -0.001924 -0.060601 -0.000164 -0.006304 -0.001666 0.062282 -0.145544 0.036783 -0.137899 0.000812 0.095633 -0.002091 0.000186 -0.034141 -0.002229 -0.157785 -0.002256 0.168022 0.164018 -0.000072 0.182419 -0.105390 0.043697 -0.000518 -0.061595 0.000509 0.001313 -0.019205 0.243150 -0.003136 -0.008054 -0.004103 -0.164671 0.149287 -0.013292 -0.001048 -0.037722 0.008253 0.018944 0.004010 -0.039768 -0.001195 0.106326 0.061204 0.210622 -0.002676 0.009055 -0.007742 0.015004 0.147656 0.080637 -0.040067 0.159220 0.069623 -0.357163 0.004405 -0.150297 0.001993 -0.006334
0.012355 0.000816 0.012872 -0.010106 0.001772 -0.037181 -0.003852 0.002502 0.000120 -0.001878 0.001906 0.010205 0.006534 -0.028120 0.003208 -0.051239 0.000999 -0.000004 -0.001941 -0.003417 0.002609 0.026608 -0.028591 0.020647 -0.002612 -0.003900 0.001441 0.014995 -0.001424 -0.003130 -0.020100 -0.025998 -0.003327 -0.074204 -0.010844 -0.014283 -0.031973 -0.027762 -0.016042 0.005955 0.003216 0.013714 0.000392 0.006837 -0.021106 -0.028546 0.004745 -0.004528 0.008660 -0.008260 -0.008839 -0.000789 -0.004616 0.000463 0.000427 -0.002280 -0.036392 0.001085 -0.085532 -0.010628 -0.017345 0.001342 -0.019207 -0.073877 -0.036576 0.002110 -0.067412 -0.046926 -0.001116 -0.023227 -0.002136 -0.051523 0.000517 0.041833 -0.000404 0.024413 0.003843 -0.099349 0.001312 0.012690 -0.037127 -0.000042 0.000881 -0.013641 -0.049151 0.000676 -0.003974 -0.060657 -0.003936 -0.035979 -0.065434 -0.092658 0.004728 0.002586 -0.028367 0.000287 0.033283 0.051225 -0.089186 0.005080 -0.036352 -0.000855 -0.030290 0.007441 0.002175 0.002767 -0.019744 0.002425 -0.081230 -0.002215 -0.044590 -0.041306 -0.031271 0.000197 -0.003363 -0.010954 -0.001073 0.001358 0.001972 0.005027 0.002813 -0.014041 0.000664 -0.012424 -0.033222 -0.000666 -0.003102 -0.106961 -0.009792 -0.100349 -0.005080 -0.001453 -0.001455 0.001262 0.018436 0.001078 0.000527 -0.027345 0.001440 -0.001938 -0.030196 -0.035737 0.009164 0.015405 -0.006665 0.016756 -0.005758 0.027449 0.001159 -0.013679 -0.012964 -0.009834 0.002717 0.000921 -0.001750 -0.012551 0.001055 0.000618 -0.011956 -0.002070 -0.027410 0.001884 -0.027144 -0.029453 -0.091803 0.015479 -0.007655 0.003067 0.002008 -0.001969 -0.008476 0.005314 0.012996 0.004003 -0.025401 0.013943 -0.001326 0.041018 -0.053724 -0.009729 -0.050423 -0.003290 0.001487 -0.008276 -0.003279 -0.070026 -0.000215 0.012637 0.002749 0.001369 -0.039834 -0.003171 -0.041710 -0.000642 -0.055406 0.020793 0.007087 0.002405 -0.024975 -0.001609 -0.000122 0.001974 -0.003318 -0.017928 -0.016166 -0.074267 0.002748 -0.019758 0.000606 0.001853 -0.030295 -0.002387 -0.046477 -0.000022 -0.007852 -0.003716 0.000983 -0.007994 -0.012149 -0.014964 -0.000785 -0.001501 0.000571 0.001441 -0.007367 -0.048272 0.004183 -0.004487 -0.000790 -0.001130 -0.044680 -0.003615 0.023844 0.017251 0.001208 -0.001635 -0.001779 -0.018329 -0.000468 -0.038947 0.004696 0.015065 0.002280 0.012503 -0.086156 0.015328 -0.003570 -0.037202 0.016254 0.001621 0.003563 0.001617 0.019849 -0.011099 0.001630 0.004357
-0.004762 0.006448 -0.014362 -0.060542 -0.090342 -0.099180 -0.005134 0.000251 0.000740 0.000983 0.002480 -0.066972 0.020246 -0.011315 -0.000124 -0.013918 0.000318 0.000319 0.001753 0.000742 0.000613 -0.002316 0.005377 0.000603 -0.055724 -0.001732 -0.000197 0.000667 0.002101 0.000999 -0.024565 -0.121213 -0.000058 -0.026725 -0.002656 -0.045815 -0.022149 -0.022461 -0.092652 -0.088811 -0.005595 0.006160 0.000745 0.001157 -0.030247 -0.021128 -0.000737 -0.001559 0.016899 0.022042 0.004365 0.001398 0.022462 -0.001290 0.002355 -0.007395 -0.022515 -0.000462 -0.050815 -0.003809 -0.000261 0.001747 -0.027876 -0.038282 -0.023419 0.000186 -0.007841 -0.044581 -0.000098 -0.024850 0.003598 -0.059991 0.001819 0.000977 0.010300 -0.016995 -0.004476 -0.025472 0.000519 0.001162 -0.024159 0.025499 0.001374 -0.003082 -0.026371 0.001863 -0.032482 -0.050127 -0.000450 0.027347 -0.034718 -0.030773 -0.001064 0.000112 -0.056412 0.032206 -0.006304 0.009141 0.035296 -0.007138 0.013160 -0.003279 -0.016938 -0.005769 -0.055295 -0.002718 0.000306 0.002340 -0.011360 0.005720 -0.009205 -0.065609 -0.030546 0.002361 0.003337 -0.012253 -0.000538 0.000302 -0.081732 -0.007057 0.001570 0.048267 0.006536 0.000779 -0.003715 0.001934 -0.003532 -0.017679 -0.044999 -0.095894 0.008099 0.009832 0.001040 0.002145 0.016902 -0.047203 0.000952 -0.000184 -0.007664 0.002604 -0.061667 -0.002153 -0.003547 -0.006071 -0.002925 -0.089940 -0.059464 -0.018319 0.003353 0.067039 0.000111 -0.006610 -0.002704 0.000635 -0.002622 -0.003227 0.001508 -0.006297 -0.001486 0.002701 -0.023848 -0.004291 -0.018010 0.003242 -0.116568 -0.007164 -0.000278 0.002246 -0.000548 -0.066116 0.001878 -0.000962 -0.005601 0.003099 -0.044707 -0.006866 0.004658 0.047999 -0.063112 0.004573 -0.027085 0.003252 0.002546 -0.034566 -0.015001 -0.051324 0.001879 -0.004713 -0.000691 0.000578 -0.004207 -0.004691 -0.046047 0.000651 -0.043958 -0.000938 -0.045172 0.000924 -0.069184 0.001294 -0.008311 -0.005504 -0.004163 0.016231 0.010642 -0.112489 0.002384 -0.004950 0.000887 0.001984 -0.051864 0.000926 -0.056556 0.001931 0.003038 -0.006108 0.000059 -0.010875 0.026739 0.003395 -0.002571 -0.015227 0.001772 0.002044 -0.032270 -0.023770 -0.002845 -0.006135 0.002547 0.029203 -0.009965 -0.006391 -0.002187 -0.007440 0.000864 -0.002115 -0.004847 -0.021093 0.002323 -0.001276 -0.021060 0.003087 0.000961 0.008243 -0.043489 -0.001074 -0.032756 -0.002566 -0.029945 -0.023170 0.008565 0.007216 -0.021402 -0.017549 -0.000479 0.002625
-0.022585 -0.000083 0.238555 0.384187 -0.356664 0.487641 -0.025994 0.001911 -0.000281 0.002104 -0.000742 -0.112044 0.118583 0.117472 0.000745 -0.045989 -0.000800 -0.003075 -0.003343 -0.000503 -0.003037 0.351880 0.196586 0.099294 0.069664 0.033938 0.002349 0.055141 -0.005739 0.009944 0.039605 0.349356 -0.002030 -0.085822 -0.202282 -0.137509 -0.371808 0.076254 -0.347277 -0.202414 -0.045159 -0.237938 -0.003020 -0.002904 0.211482 0.109179 -0.001138 0.458362 0.240450 0.070889 -0.010470 -0.002234 0.544323 -0.003287 -0.001703 -0.005366 0.148299 -0.002464 0.043507 0.378665 -0.010890 0.000124 -0.139197 0.035288 0.079583 -0.003034 -0.053778 -0.064394 0.001554 -0.017696 0.003032 -0.430664 0.000871 0.073663 0.689341 0.339613 0.049415 -0.075302 -0.003384 -0.001835 0.077559 0.034072 -0.008463 0.016473 0.300538 -0.000464 -0.130591 -0.018175 0.001805 0.141597 -0.020170 0.040289 -0.000811 -0.000774 -0.211421 0.990905 0.007052 0.597436 0.299984 0.005436 0.006130 -0.005893 -0.074862 -0.008145 -0.500260 0.550483 0.106213 0.000178 -0.156994 0.290613 0.194824 0.292796 -0.395955 -0.002675 -0.006609 -0.024712 -0.003424 0.001794 -0.129590 -0.050250 -0.006766 -0.129384 0.221030 -0.001971 0.114877 -0.002258 0.058117 0.195177 0.205155 -0.194376 -0.207142 0.170445 -0.000321 -0.002240 0.493957 -0.085693 -0.000227 -0.104031 -0.023278 -0.001130 0.131325 -0.006901 -0.003020 -0.011139 0.000406 -0.154637 -0.059182 0.007936 -0.002608 0.764710 0.030399 0.158937 -0.001102 0.000033 0.016002 -0.057266 0.000012 -0.016251 0.003644 0.002833 0.204529 -0.157368 0.171579 0.277142 0.219392 -0.098561 0.175369 -0.000879 -0.000342 -0.264987 0.105126 0.362364 -0.002941 0.098843 -0.096462 0.090811 0.008104 0.108487 -0.779703 0.041928 0.139328 0.002065 -0.002531 -0.156131 -0.020982 -0.295464 -0.002076 -0.433653 -0.000582 -0.002634 0.081905 0.012189 -0.012501 -0.000684 -0.210340 0.076303 -0.009172 0.001616 0.349030 -0.002690 0.001479 -0.006898 0.165200 0.137475 0.278574 -0.299046 -0.003368 -0.046880 0.000185 0.000335 0.114210 -0.000193 0.197167 -0.003356 -0.050094 0.000835 0.001816 -0.306823 0.278833 -0.002093 -0.000405 -0.399742 0.000155 -0.002106 0.429472 0.036673 -0.001565 -0.019550 -0.002869 0.654832 -0.141915 0.005583 0.517641 0.239147 -0.001334 -0.001306 -0.003067 0.285923 -0.001471 -0.084946 -0.043456 0.594359 -0.000922 -0.021681 -0.202586 0.019398 0.095682 0.272247 0.544916 0.598389 0.010734 0.030239 0.440434 0.237266 -0.001295 -0.008410
-0.023787 -0.003027 0.399008 0.546457 -0.305687 -0.045858 -0.007272 -0.000042 -0.003939 -0.001868 -0.002006 -0.381388 0.133085 -0.091018 -0.002229 0.478834 -0.000957 0.001190 0.004772 0.001239 0.000695 0.042353 0.154054 -0.063178 0.024509 0.009767 0.001838 0.002262 -0.006948 -0.013747 0.688001 0.351305 -0.002802 0.241949 0.178043 -0.178675 -0.202010 -0.151184 0.445036 0.424718 -0.346788 -0.076297 0.001846 0.001405 -0.017186 0.012990 -0.006447 0.115196 -0.059193 0.344721 -0.008038 -0.002875 0.388805 0.003037 -0.003117 0.003562 -0.189814 -0.000530 -0.166645 -0.052730 0.000311 -0.000797 -0.036218 -0.078546 0.394797 -0.002759 -0.032708 -0.392145 -0.000962 0.001407 0.019489 -0.456472 -0.001490 0.054936 -0.001130 0.396768 -0.120757 -0.042507 0.002757 -0.014606 -0.157113 -0.011550 0.000916 0.000488 -0.060722 -0.011986 0.271852 0.272833 -0.002723 -0.302045 -0.365998 -0.219346 -0.000757 -0.001965 -0.052909 0.415583 0.020084 0.518033 0.217685 0.010507 0.464638 -0.002661 0.385317 -0.011464 -0.002897 0.349367 0.016370 -0.002689 -0.305037 -0.104631 0.136059 -0.487077 -0.026197 -0.001823 0.004154 -0.015076 -0.000657 0.001625 0.062092 -0.032546 -0.007862 0.093611 0.632754 -0.011977 0.067360 -0.001586 0.030569 -0.270675 0.151996 -0.354189 0.132826 0.038486 -0.001164 0.001112 0.205619 0.240756 -0.001899 0.096164 -0.101855 0.000349 0.252884 -0.021046 0.000740 -0.021860 0.013849 0.406639 0.249845 0.269678 0.000688 0.336971 0.047458 0.080989 -0.009960 0.002806 -0.001090 0.166537 -0.002612 0.000247 0.006831 -0.001932 0.238069 0.053195 -0.052744 -0.154176 -0.254254 0.306453 -0.270583 -0.002286 0.001761 -0.198657 0.165735 0.078759 0.007870 -0.197735 -0.218432 0.016755 0.008550 -0.360107 -0.678186 -0.009781 0.101752 -0.001684 0.001652 -0.035994 -0.003977 0.142886 -0.001854 0.007620 0.000013 0.002856 0.165903 0.004420 -0.043372 0.003095 0.054838 0.110248 -0.104574 -0.001842 -0.098948 -0.001833 0.004113 -0.007209 0.037185 -0.042663 0.076614 0.090224 0.003319 -0.061532 0.001366 -0.001507 -0.053454 0.000594 0.112240 0.002199 0.407216 0.128325 0.015889 -0.433694 -0.038070 0.036971 -0.000790 0.128687 0.000838 -0.001029 0.055971 -0.151391 -0.009402 -0.013557 -0.000626 0.245447 -0.185539 -0.015261 0.465209 -0.064250 0.001141 -0.001122 -0.008660 -0.152365 -0.002452 -0.157952 -0.258384 0.343773 -0.001453 -0.000585 -0.248981 -0.007050 0.117954 0.075788 0.352388 -0.016628 0.024760 -0.024857 0.171376 -0.140025 -0.002433 0.007911
-0.753556 0.002844 0.226643 0.571854 -0.353752 -0.268387 -0.058649 -0.000535 0.001280 -0.004965 -0.000555 0.020942 0.690434 -0.140679 -0.002743 -0.191125 0.001713 0.015406 -0.008711 0.000033 -0.000794 -0.354937 -0.310848 0.082398 0.070127 -0.004969 -0.002359 0.044877 0.000894 -0.021215 -0.289059 0.066899 0.000030 0.621649 0.196002 -0.063333 0.334650 0.116409 0.719646 0.523784 -0.213220 -0.099717 0.002632 0.000296 -0.142948 -0.609973 -0.001626 0.173724 -0.015990 -0.738249 -0.003959 -0.003199 -0.310503 0.000067 -0.000123 -0.004170 0.259020 0.001789 -0.576284 0.182155 -0.003901 -0.002352 0.548718 0.686313 -0.202942 -0.000571 0.603653 0.428497 0.000094 0.047990 0.004325 -0.086494 0.001495 0.109902 0.148924 -0.152129 0.091030 0.157439 0.005161 -0.010810 0.088850 0.012202 0.001922 0.018701 0.530722 0.002671 -0.134446 0.208949 -0.006135 0.076533 -0.123196 0.535383 0.000653 -0.000764 -0.220762 -0.410568 0.080814 -0.158828 -0.609989 0.005429 0.028929 0.001131 0.406628 -0.012218 0.069828 -0.136259 -0.300346 -0.001171 -0.128278 -0.018983 0.372610 0.080474 0.720753 -0.003353 0.003925 0.010870 0.002007 -0.000675 -0.026830 -0.137289 -0.059525 -0.317604 0.114173 -0.062195 0.111804 -0.000206 0.173348 -0.047551 0.260811 0.071454 -0.351309 -0.073629 -0.000711 0.001297 -0.393486 0.171508 0.001155 0.375939 -0.303512 0.000201 -0.067177 -0.012484 -0.006755 -0.047272 -0.009156 0.535494 0.868048 0.651164 -0.001763 0.033969 0.063332 -0.397539 0.000124 -0.000067 -0.004098 0.085106 0.002970 -0.021071 0.031467 -0.002150 -0.033605 -0.519189 -0.031736 -0.485820 0.074595 -0.245400 -0.304785 -0.001709 -0.003514 0.316622 0.022595 0.497464 -0.019312 -0.114066 -0.446804 0.073056 0.003206 0.306053 -0.158314 -0.138139 0.205010 -0.000150 -0.002005 -0.113791 -0.004131 0.066156 -0.002100 0.099264 -0.000004 -0.003561 -0.076991 0.009749 -0.085745 0.000626 0.204887 -0.531621 -0.405455 0.000138 -0.680453 -0.001367 -0.007401 -0.000670 -0.267803 -0.122543 -0.513676 0.046693 0.001433 -0.049432 0.001327 -0.001691 -0.457463 -0.000551 -0.262166 0.001261 0.549378 -0.309640 0.001996 -0.136545 -0.902580 0.008981 0.000973 1.025215 0.001076 0.003089 0.017049 -0.226763 0.004259 -0.013415 -0.001635 0.013689 -0.442734 -0.036208 0.447677 -0.199957 -0.003873 -0.010480 0.000682 -0.470422 0.002083 0.187056 0.116980 -0.290578 -0.000111 0.041421 -0.587954 0.100327 0.426576 0.339033 -0.221609 -0.480694 0.054339 -0.520745 -0.009287 0.381372 -0.002656 0.002551
-0.047312 0.007761 -0.022029 0.001884 -0.034509 -0.009562 -0.014528 -0.000306 -0.004655 0.003368 0.001752 0.024019 0.006699 0.003270 0.000800 -0.089790 0.002568 -0.001021 -0.003477 0.003339 -0.002337 0.019607 0.028690 -0.025704 -0.018047 0.024966 0.002682 -0.009398 -0.004124 0.010378 -0.004420 0.031168 0.004851 -0.041017 -0.021003 -0.047611 -0.057233 -0.032802 -0.034332 -0.092829 -0.017970 0.002578 0.003368 0.000944 0.023147 0.001098 0.002647 0.002854 -0.020435 0.001630 0.000249 0.003078 -0.004701 -0.000570 0.001450 -0.002387 -0.033956 0.001387 -0.023604 0.003020 0.000385 -0.003200 -0.035438 0.033289 0.001608 -0.000133 -0.029849 -0.027709 0.002714 0.016744 -0.002413 -0.052717 -0.001487 0.033560 0.003158 -0.014059 0.001428 0.016045 -0.002467 0.001127 -0.027152 -0.000436 -0.000398 -0.003470 -0.035758 -0.004865 -0.018577 -0.004803 0.000948 -0.021626 -0.026421 -0.045278 -0.000526 -0.001439 -0.036425 0.018947 -0.017281 0.002059 -0.016638 -0.012042 0.022321 -0.001624 -0.006326 -0.002560 -0.016862 0.011569 0.071784 -0.001266 -0.035351 -0.020624 0.012118 -0.019713 -0.055026 -0.002978 -0.001246 0.001014 -0.000385 0.000852 -0.048495 -0.028170 -0.003287 -0.008696 0.004709 -0.021223 -0.001248 -0.001909 -0.027448 0.005646 -0.067935 -0.032901 -0.005427 -0.027788 -0.001896 0.000158 -0.004897 0.008774 -0.001209 -0.018170 0.033611 0.000364 -0.062450 0.039257 -0.004341 -0.010517 -0.001844 -0.041580 -0.049508 0.033978 0.001837 0.002324 -0.015460 -0.013619 -0.000024 -0.001829 0.005389 -0.006041 0.001203 -0.013443 -0.019746 0.003286 0.008245 0.018341 -0.007909 -0.002060 -0.041775 -0.024211 0.003959 -0.000582 0.000720 -0.000792 0.051981 0.000428 -0.003487 -0.001073 -0.057809 0.010581 -0.003255 -0.068399 -0.082300 -0.005524 -0.019177 0.002943 0.002581 -0.032939 -0.002353 0.002686 -0.001612 -0.030538 0.001489 -0.000221 0.006797 -0.005392 0.042149 0.002583 -0.032871 0.013146 -0.028066 -0.001628 -0.000619 0.001918 -0.008897 -0.004072 0.000204 -0.085191 -0.004357 -0.019502 0.000793 -0.007808 0.000405 -0.000877 0.017472 0.001286 0.004498 0.000436 0.005125 0.003019 0.000667 0.043942 0.003019 -0.003173 -0.000539 -0.015238 -0.000372 -0.004359 -0.014404 -0.097636 -0.000629 -0.009151 0.000842 0.008154 -0.014651 0.006753 -0.001933 -0.008006 -0.002428 0.006743 -0.001091 -0.035537 0.001904 -0.015171 -0.013869 0.018539 0.001012 -0.001500 -0.068968 -0.016058 -0.002774 -0.017544 -0.049016 -0.000670 -0.002920 0.016733 -0.006875 -0.012537 0.000406 -0.001136
0.850620 0.001650 0.677317 -0.277870 0.209435 0.712075 0.007272 -0.001366 0.000413 0.002956 0.003211 0.283292 -0.241933 0.088747 -0.002106 0.203425 0.000971 -0.005828 0.005989 -0.000598 0.003475 -0.130082 -0.027797 0.476420 0.107035 -0.040290 0.000023 0.010179 0.000225 -0.086170 -0.178606 0.003628 0.000549 0.117854 0.185096 0.423478 0.725537 0.387962 -0.229294 0.153429 0.423337 0.077412 -0.000015 0.000215 0.295394 0.348702 0.005630 0.124467 -0.067873 0.069618 0.002923 -0.000428 0.359329 0.002210 0.002310 0.005543 0.043618 0.001214 -0.069952 0.210176 0.009472 0.001217 -0.008529 -0.259878 0.791744 0.000604 -0.441287 0.107170 -0.000257 0.042884 0.002772 0.306925 -0.001688 0.233829 -0.804199 -0.337503 -0.167523 0.059873 0.001120 0.005669 -0.206707 0.010579 0.000731 -0.025862 -0.266844 -0.000979 0.017330 -0.195342 -0.001957 0.420057 -0.625750 -0.448772 -0.000494 0.002137 -0.117037 -0.377544 -0.089564 -0.073593 0.570731 -0.014026 0.260587 0.002283 -0.398374 0.025833 -0.803545 -0.165060 0.075274 -0.001416 -0.283954 -0.009367 -0.063034 -0.087057 -0.392711 0.005776 0.001379 -0.005572 -0.002879 -0.002447 0.317937 0.006785 -0.043827 -0.049546 -0.027665 -0.051364 0.135689 0.001810 0.002657 0.371970 0.205232 -0.295567 -0.109512 -0.641290 -0.002861 0.000235 0.053001 -0.307923 -0.002103 0.004645 0.895793 0.000728 -0.213593 0.086399 0.001339 -0.026010 0.007681 0.650484 -0.790151 -0.399471 0.000967 0.212970 -0.066146 0.441754 -0.000784 -0.000776 0.007833 -0.096148 -0.001286 0.018948 0.027301 0.001308 -0.274451 0.558624 -0.756652 0.823627 -0.217560 -0.661357 -0.538884 0.000718 0.000202 -1.027836 -0.240324 -0.207095 -0.013100 -0.282621 0.245124 -0.627870 -0.024537 0.687659 -0.285331 0.202604 0.240270 0.001913 0.000772 -0.399194 -0.002625 0.520351 0.002008 0.184621 0.004906 -0.001762 0.011603 -0.006571 -0.031005 -0.002576 -0.057242 -0.267019 -0.524094 0.001998 0.046241 0.001658 -0.005630 -0.002498 0.236941 -0.244062 -0.002408 0.327179 -0.000338 -0.289699 -0.002062 0.000565 -0.467102 0.001752 0.058556 0.001687 0.014280 0.866280 -0.000520 0.928829 -0.265875 -0.001380 -0.003005 -0.743823 -0.001839 0.000352 -0.067651 0.251535 -0.007955 -0.007123 0.004490 0.287528 0.422214 0.222117 0.236659 -1.180966 0.019298 0.009560 0.003430 0.839950 0.001367 0.021926 -0.312161 0.184431 0.002847 -0.130285 0.408852 -0.081720 -0.703363 0.257339 -1.021653 -0.292497 -0.063304 0.137916 -0.334838 0.804131 0.001977 0.028351
0.019315 -0.001340 0.023029 -0.027688 0.029504 -0.010147 -0.002216 0.002710 0.000166 0.002308 0.001356 -0.031279 -0.015197 -0.012094 0.002357 -0.028489 0.000794 -0.000656 -0.003550 -0.000200 -0.003102 0.009672 -0.010517 -0.055003 0.000916 -0.009285 0.001076 0.001132 -0.002429 0.005377 0.001786 -0.044459 0.001123 -0.017480 -0.010569 0.001392 -0.019735 0.007551 -0.024962 -0.018436 -0.010129 0.014338 0.001459 0.002159 -0.004405 -0.036790 -0.002458 -0.003187 -0.014596 0.006449 -0.004651 -0.001309 -0.007587 0.000081 0.002275 0.000059 -0.020454 0.001831 -0.006027 -0.019882 -0.002931 0.001966 -0.007425 -0.010409 -0.014280 0.001161 -0.032840 -0.008092 0.000650 -0.020334 0.000266 -0.018421 0.000809 -0.068564 -0.007264 -0.002484 -0.010143 0.025063 -0.003563 -0.014289 -0.012545 -0.002645 0.002261 -0.001057 -0.060091 0.005720 0.023722 -0.011820 -0.000940 -0.057819 -0.046904 -0.054834 0.001129 0.001097 -0.010135 -0.013365 -0.001977 0.029139 -0.008512 -0.016330 -0.041565 0.003120 -0.027319 0.017403 -0.001098 -0.016861 0.001633 -0.000666 -0.019641 -0.012651 -0.005791 -0.022180 -0.026114 0.000701 -0.005386 -0.009568 0.001831 0.002254 -0.044461 -0.001768 -0.002563 -0.012984 -0.025161 0.003606 -0.018046 -0.002241 0.015835 -0.038495 -0.031509 -0.054904 -0.025571 0.004227 0.001546 0.001224 -0.016789 -0.006729 0.000497 -0.007430 0.003055 0.002372 -0.021679 -0.005161 -0.001697 -0.004473 -0.006111 0.014889 -0.052787 -0.010151 -0.001672 0.003244 0.000591 -0.006078 0.002610 -0.000920 -0.000311 0.002784 -0.001494 0.000615 -0.006261 -0.001250 -0.004305 0.027262 -0.008807 -0.005550 -0.032134 -0.002317 -0.036084 0.000080 0.000526 0.006331 -0.039180 0.023553 0.012330 -0.010684 -0.016133 0.003371 0.001661 -0.003059 -0.052493 -0.008505 -0.040599 -0.000165 0.000417 -0.005796 -0.010282 -0.022580 0.000757 -0.008812 0.004143 -0.000905 -0.012896 -0.000727 -0.009444 0.001711 -0.027018 -0.002156 -0.017003 -0.000673 -0.010678 -0.002629 0.001415 -0.001314 -0.002789 -0.021432 -0.011490 -0.045573 0.014697 -0.025124 -0.000436 -0.002710 -0.011568 -0.002583 -0.028038 0.001704 -0.005595 0.000164 -0.001878 -0.002428 0.006807 -0.025243 0.000485 -0.046798 -0.000842 0.001184 -0.000794 -0.028758 0.001586 -0.004572 -0.000316 -0.024063 0.049645 -0.004240 0.017931 0.001410 0.000015 -0.000541 -0.002964 -0.034627 0.003631 -0.015816 0.016982 0.007191 0.000893 -0.006448 -0.037727 0.013046 -0.017489 0.000095 0.004856 -0.001285 0.015917 -0.029449 0.010421 -0.018571 0.001746 -0.002676
-0.001724 -0.002429 -0.000733 -0.007065 0.000363 0.009197 0.001839 0.001020 -0.001960 -0.002166 -0.000104 -0.002752 0.007999 -0.005141 -0.000564 -0.013225 -0.001222 -0.021986 -0.001660 -0.000032 0.004552 -0.001633 -0.007445 -0.002118 -0.000350 -0.004229 0.001760 -0.000690 -0.002661 -0.002615 -0.001681 -0.003865 0.000482 -0.013173 -0.002035 -0.019668 -0.016226 -0.024196 -0.001787 -0.012465 -0.010110 0.002405 -0.003080 0.003183 0.000155 0.005024 0.000566 -0.001462 0.003664 -0.004882 -0.002200 -0.002292 -0.000882 -0.000900 -0.003363 0.007252 0.007517 -0.000961 -0.001355 -0.004550 -0.002303 -0.002544 -0.002714 -0.000909 -0.006492 0.002805 -0.014323 -0.014992 -0.003038 0.003429 -0.000583 -0.013977 -0.000113 -0.000062 -0.001494 -0.014070 -0.000328 0.002197 -0.000502 -0.003246 -0.003785 0.002259 -0.002130 -0.003180 -0.012394 -0.004977 -0.001673 -0.012509 -0.002246 -0.018253 -0.008219 -0.012757 -0.003148 0.002432 -0.007092 -0.000637 -0.006064 -0.021871 0.002689 -0.008978 -0.000388 0.000902 -0.010034 0.002976 0.005937 0.002925 -0.003171 -0.000774 -0.009232 -0.014463 -0.007913 -0.017541 0.014110 -0.001444 0.000266 -0.005872 -0.002968 -0.001247 -0.007439 -0.015126 -0.003402 0.001211 0.004792 -0.004159 -0.012538 0.001539 -0.007663 -0.028708 -0.019083 -0.030611 -0.009178 -0.007398 -0.001253 0.000036 -0.002376 -0.002461 -0.002742 -0.000085 -0.000837 -0.001241 0.003090 -0.008674 -0.003230 -0.004045 -0.003035 -0.003127 -0.001585 0.000373 -0.001653 -0.001798 -0.000189 0.006034 -0.001432 -0.003251 -0.001410 -0.002068 -0.001138 -0.002955 0.001483 -0.001535 -0.000614 0.000964 -0.009402 -0.003894 -0.018522 0.000961 -0.013981 0.002821 -0.001155 0.001110 -0.000850 -0.008156 0.000090 -0.003750 -0.019900 0.002332 -0.002148 -0.000405 -0.038921 -0.002960 -0.011685 0.001484 -0.003020 -0.003529 -0.002494 -0.006454 -0.001200 -0.005064 0.002180 -0.003019 -0.018721 -0.000423 0.000735 -0.003264 -0.019038 -0.006245 -0.014806 -0.002965 0.004366 -0.001564 -0.005411 0.001675 -0.002589 -0.008934 -0.006077 -0.029112 -0.002469 -0.003291 -0.001479 -0.000100 -0.003737 -0.001785 -0.001338 -0.001340 -0.000620 -0.001038 -0.002426 -0.000049 -0.011672 -0.004244 -0.002916 0.002252 -0.001534 -0.000159 -0.004304 -0.029982 0.002868 -0.004435 -0.000446 -0.010397 -0.016152 -0.003567 -0.015667 -0.001636 0.003741 -0.001956 0.002924 -0.004111 -0.001406 -0.002282 0.005992 -0.005694 -0.001704 -0.010588 -0.006928 0.000279 0.001962 -0.013724 -0.001320 0.000172 0.000578 -0.001699 -0.001489 -0.027949 0.002996 -0.000586
-0.001407 0.000098 -0.000869 -0.000600 -0.002650 -0.003512 -0.000183 -0.001434 -0.000354 0.001998 0.002347 -0.002837 -0.001789 -0.000736 -0.000198 -0.000717 0.003067 -0.001036 -0.001526 0.001813 -0.002584 -0.001192 -0.002446 0.001276 0.001553 0.000234 -0.002734 -0.002130 -0.002562 0.000638 0.000880 -0.002220 -0.001748 -0.001206 -0.002349 -0.002563 -0.000932 -0.000727 -0.009250 0.000520 -0.001776 -0.000834 -0.002479 -0.000103 -0.002353 -0.001071 -0.001708 0.001321 -0.002692 -0.002696 -0.000660 0.000022 0.000261 -0.000866 0.000258 -0.002969 -0.000763 -0.002035 -0.001182 -0.002693 -0.001612 -0.002487 -0.000622 0.000679 -0.001208 -0.001175 -0.002464 -0.001005 0.000377 -0.004039 0.000643 -0.001230 0.000870 0.000402 -0.001495 -0.002918 -0.000777 -0.000881 -0.002907 0.002525 0.000901 -0.001655 -0.000582 -0.002108 -0.001231 0.001004 0.000336 -0.001829 0.003299 -0.000634 -0.001983 -0.012090 -0.001486 -0.002636 0.000023 -0.000472 0.000504 -0.001983 -0.002319 -0.000591 -0.002442 -0.001476 -0.001853 0.000332 -0.002483 -0.000410 -0.002542 0.000184 -0.002962 -0.002258 -0.001769 -0.000960 -0.002680 0.002492 -0.000312 -0.000745 -0.001735 -0.001680 0.000586 -0.002575 0.000082 -0.001572 0.000306 -0.001706 -0.000478 -0.002568 -0.000361 -0.001540 -0.001263 -0.002831 -0.001468 -0.000607 0.000363 0.002329 0.001174 -0.001596 -0.000236 -0.000070 0.002067 -0.003379 -0.001135 -0.003584 0.000324 -0.000496 -0.001037 -0.001603 -0.000515 0.001470 0.001290 0.001009 0.000956 -0.000220 -0.002757 -0.001188 -0.002268 -0.002984 0.002446 -0.000645 -0.003499 0.000362 -0.000435 -0.002235 -0.000205 -0.000111 -0.000943 0.000120 -0.002598 0.000471 -0.002671 0.000486 -0.002075 -0.001233 -0.000138 -0.001419 -0.009985 0.000420 0.000067 -0.000726 -0.003281 0.000274 -0.001585 0.000562 -0.003110 -0.002003 -0.002653 -0.003375 -0.001563 -0.001827 -0.002905 0.002049 -0.001687 -0.001402 -0.003131 0.000161 -0.001118 0.001251 -0.000324 -0.000931 -0.001119 0.000617 -0.001367 -0.002395 0.000014 -0.001447 -0.001333 -0.001393 0.001174 -0.002420 0.001636 -0.001940 -0.002716 -0.000572 -0.001180 -0.001404 -0.002855 0.000274 -0.002198 0.002583 -0.002053 -0.001655 -0.001606 -0.001989 -0.000310 0.000991 0.000618 -0.012317 -0.000953 -0.003389 -0.002737 -0.002173 -0.005042 -0.002300 -0.002257 -0.000942 -0.002015 0.001166 -0.002060 -0.001657 0.000738 0.002211 -0.000826 -0.003169 -0.001696 0.000498 -0.001644 -0.001730 0.002095 0.000240 -0.002461 -0.000981 -0.001734 -0.003689 -0.002224 -0.000830 0.002516 -0.001155
-0.014381 -0.003071 0.003341 0.000888 -0.049869 -0.035362 -0.003754 0.003118 0.003996 -0.002380 0.001518 -0.018603 0.006022 0.065206 0.001816 -0.014898 0.000064 0.003551 -0.003383 0.003462 0.000508 -0.035816 0.017545 -0.041283 -0.013924 -0.014738 0.001639 -0.003078 -0.001220 -0.003214 -0.000869 -0.035264 0.002384 -0.112903 0.024911 -0.041284 -0.038196 -0.005927 -0.006707 -0.006146 -0.049049 0.003827 0.002510 -0.000356 0.010608 -0.074771 -0.002568 -0.002172 0.019693 -0.011936 -0.000402 0.000616 -0.000963 0.001752 0.000798 -0.001956 -0.042722 -0.002093 -0.005853 -0.008611 -0.000601 0.000905 -0.059259 -0.054101 -0.035310 0.000069 -0.017773 -0.012399 0.000927 -0.005542 0.004633 -0.071201 0.002054 -0.002160 -0.005881 -0.010345 -0.010020 -0.014740 0.000021 -0.002724 0.004661 -0.001412 -0.004749 0.029274 -0.012532 -0.000119 0.023812 -0.018278 0.001443 -0.003414 -0.051823 -0.068009 0.000412 0.003059 -0.079898 -0.002869 0.012335 -0.019771 -0.000814 -0.004733 -0.063708 0.003000 -0.036107 0.004237 0.061132 0.001003 0.010185 0.000017 -0.021502 0.008620 -0.071983 -0.020509 -0.009132 0.001858 -0.002093 0.013925 0.001445 0.000951 -0.070856 -0.023080 0.000185 -0.085574 -0.004014 -0.013915 0.001550 -0.000930 0.036679 -0.022837 -0.040612 0.011139 -0.058817 -0.001941 0.001485 0.000656 0.001453 -0.024112 -0.000058 -0.028750 -0.031970 0.002265 -0.027280 0.001993 0.007749 -0.007945 0.004783 -0.026323 0.041052 0.016309 0.002945 -0.035628 -0.002245 -0.025063 0.002073 0.002983 -0.003525 -0.002441 0.002750 -0.002782 -0.009673 0.000447 -0.070959 -0.021946 -0.020835 0.041557 -0.049496 -0.002108 -0.022316 -0.000061 0.001654 -0.007299 -0.021388 -0.026046 -0.003432 -0.006596 -0.074957 -0.033082 0.006698 -0.006367 -0.086714 -0.002498 -0.008046 0.001555 0.000570 0.014805 -0.009766 0.031840 -0.004620 -0.012021 0.004390 0.001922 -0.004410 -0.008513 -0.020241 0.001631 -0.020832 0.009049 -0.003732 0.001607 0.008439 0.000064 -0.005256 -0.001589 0.003962 -0.024702 -0.001486 -0.053225 0.000061 -0.028869 0.000778 0.000043 0.020116 -0.000503 -0.019604 0.001046 -0.006105 0.016297 0.004406 -0.005178 -0.011720 -0.000272 0.001328 -0.084969 0.004814 -0.000427 -0.017931 -0.037653 0.000704 -0.013405 -0.002297 -0.065060 -0.062706 0.001753 0.015795 -0.011418 -0.003380 0.000338 -0.000896 -0.017326 0.002920 0.012050 -0.009541 -0.003353 0.000230 -0.028170 -0.047239 -0.007342 -0.020344 0.002717 0.009791 -0.001954 -0.001838 -0.018209 0.000367 0.021278 0.000780 0.002731
0.092788 0.006115 0.544863 0.099250 -0.535235 -0.052198 0.076330 0.000567 0.005483 -0.003133 0.000140 0.258170 -0.287426 -0.071963 -0.002902 -0.701859 -0.002311 0.004079 0.002872 -0.000707 0.000490 -0.119841 0.152019 -0.314288 0.160679 0.032380 -0.000701 0.050379 0.009487 -0.100323 -0.003514 -0.268618 0.002526 0.253887 0.187189 0.010086 0.109450 -0.530763 -0.126874 0.205260 0.442460 -0.251407 0.001639 0.003240 0.108263 0.031196 -0.006146 0.197466 0.327762 0.414864 0.009555 0.000302 0.108237 0.003914 0.001355 -0.019786 -0.225717 0.002126 0.070555 0.013453 0.002530 0.001157 -0.153211 -0.319451 0.684503 0.000757 0.025492 -0.023473 -0.002145 -0.043477 0.006335 0.022496 0.003428 -0.044193 0.537876 0.792583 0.011194 0.096580 -0.003102 0.007906 0.451854 -0.016223 0.015984 -0.005389 -0.306337 -0.000965 0.058929 -0.422404 -0.000928 0.141579 -0.589783 0.252843 -0.001799 0.003255 -0.109666 0.524765 -0.070113 0.406080 0.260000 0.013053 -0.232282 -0.001598 -0.287405 0.021737 -0.092941 -0.204107 -0.058198 0.001319 0.486669 -0.190522 0.084183 -0.125983 -0.147846 -0.001415 -0.000891 -0.011814 -0.000808 0.001562 0.238915 -0.064766 0.096848 -0.144306 -0.404008 -0.055028 -0.186878 0.000206 -0.051976 0.093519 -0.114318 -0.706511 -0.189445 0.466953 -0.000866 -0.002667 -0.365633 0.077826 0.002082 -0.242754 0.274564 -0.000709 -0.445116 -0.034380 -0.001518 -0.031735 -0.004777 -0.330385 0.030768 -0.639799 0.000508 -0.003807 -0.019662 -0.226173 0.001374 -0.003171 -0.001529 -0.012552 -0.000970 -0.021133 -0.058871 -0.001484 -0.584420 0.493822 -0.571661 0.795698 -0.188214 -0.389940 0.325908 0.000380 -0.001627 -0.856751 0.233552 0.263485 0.007971 0.198646 -0.017458 -0.830203 0.023961 0.176106 -0.008059 0.221005 -0.530238 0.003029 0.000308 0.144060 0.013619 0.577256 0.001682 -0.199086 0.003287 -0.001210 -0.272529 -0.006788 0.095938 0.001520 -0.331861 -0.272725 -0.002584 0.001511 -0.040557 -0.001560 -0.000633 0.001262 0.335319 -0.286067 0.350980 0.338985 0.002899 0.632023 0.001288 0.000921 -0.165431 -0.001067 -0.264842 0.001422 0.297572 0.455619 0.003375 0.468476 0.249722 0.014799 -0.001485 -0.339543 -0.001569 0.002860 -0.426224 0.048327 0.027117 -0.015125 -0.000245 -0.453070 0.451697 -0.051824 0.387764 -0.671597 0.026140 0.004133 0.005278 0.504838 0.002626 0.203979 -0.223386 1.020132 0.000327 0.055410 0.431118 0.125887 -0.028744 -0.272581 0.151076 -0.059941 -0.035610 -0.106141 0.545170 0.198872 -0.000400 -0.039033
0.546626 -0.006765 -0.140517 -0.247478 -0.279387 0.255180 0.008911 -0.003262 -0.001658 0.000753 0.001638 -0.112940 -0.106633 0.581819 0.001884 -0.026776 0.000558 -0.004135 0.000407 0.000847 -0.001388 0.043606 0.236969 0.806885 0.143077 0.051836 -0.000407 0.061708 -0.000554 0.023676 0.082155 0.072030 0.000995 -0.158934 0.263418 0.272881 0.338287 0.335972 -0.171534 -0.135509 -0.275436 0.629688 0.002152 0.000271 0.441508 -0.089827 0.000646 0.095568 0.115582 0.213040 -0.016266 0.001647 -0.075179 -0.000653 0.000010 -0.010438 0.107387 -0.003902 0.201871 0.254205 -0.000654 0.004320 -0.152016 0.188963 0.086964 0.005001 -0.016924 0.018390 0.001231 0.025272 -0.004586 -0.489499 0.001757 0.199381 0.411969 -0.138441 -0.323752 0.007203 -0.001639 -0.001234 -0.056984 0.218126 -0.000544 -0.000850 -0.012249 -0.004159 0.126604 0.435649 0.001744 -0.304720 -0.469868 -0.350202 0.001045 -0.001090 0.438248 0.375668 0.053178 -0.138417 -0.242325 -0.001620 -0.100718 -0.002839 0.087931 0.004185 -0.300784 0.153617 0.125856 0.002155 -0.351273 -0.109774 -0.149587 0.023891 -0.343593 0.002174 -0.003590 0.000815 -0.002581 -0.000540 -0.164185 0.079335 0.162760 0.250690 0.028843 -0.000888 0.054994 0.000076 0.027391 -0.688059 -0.042982 -0.194899 0.024094 -0.036008 0.000278 0.002061 -0.058076 -0.402699 -0.002841 0.149085 0.242895 -0.005330 -0.163923 0.034621 -0.008627 -0.003903 0.002698 -0.021916 -0.354605 0.684483 -0.002013 0.390087 -0.014614 0.134504 -0.000890 -0.003155 -0.004181 0.004492 0.003028 0.002431 0.001418 0.001892 -0.107995 -0.356844 0.109382 0.148626 0.137506 0.240110 0.067759 0.000234 -0.000870 -0.266114 0.338503 0.219491 0.010674 -0.118895 -0.109231 0.063206 0.002393 -0.182292 -0.329726 -0.005840 -0.430010 0.001663 -0.000899 -0.114020 -0.003888 -0.156641 -0.001792 0.068413 0.000043 -0.000514 -0.042550 -0.004518 0.069439 0.000607 -0.002310 0.142036 0.074878 0.001831 -0.104849 0.000509 -0.000025 -0.000708 0.235626 0.054713 0.272958 -0.022594 0.002333 -0.085075 -0.000208 -0.000084 0.463854 -0.000879 0.116221 -0.002738 -0.386433 -0.056771 0.000437 -0.224834 -0.273712 0.000375 -0.001218 -0.086375 0.001218 -0.004284 0.029096 0.356230 0.001771 0.014150 -0.001870 0.532774 0.032819 -0.032122 0.511362 0.057369 -0.000702 -0.000675 0.008299 -0.276063 0.002254 -0.048352 0.501678 -0.127359 0.001432 0.018132 -0.383186 -0.018576 0.190692 0.636006 -0.081356 0.322079 0.022455 0.266650 -0.023690 -0.170763 0.000261 -0.000282
0.152186 -0.003139 0.382533 0.324047 0.079307 0.369257 0.036923 0.000273 0.001564 -0.001653 -0.002399 -0.099997 -0.056218 0.417867 -0.000387 -0.196708 -0.003339 -0.000534 -0.000234 -0.002626 -0.001198 -0.199326 0.372675 0.107155 0.093884 0.118551 -0.003190 0.042826 -0.001521 0.107831 0.218876 0.282955 -0.000663 0.605858 0.011793 -0.175788 -0.004850 -0.028229 -0.094731 -0.070003 0.039911 0.253611 -0.003303 -0.000850 0.206139 0.008425 -0.000321 0.111725 0.011634 0.016118 -0.035903 -0.001137 0.539698 -0.001457 -0.000766 -0.019313 -0.138385 -0.002415 -0.290270 -0.081128 -0.000511 -0.002232 0.309060 0.098115 0.591018 -0.000540 0.086226 -0.406552 -0.000947 -0.026219 -0.001636 -0.090005 -0.002130 0.189472 -0.049101 0.249340 -0.045184 -0.037886 -0.002545 -0.000361 0.164291 0.174541 -0.001503 0.014626 0.082443 -0.002711 -0.065329 -0.317870 -0.001245 -0.006935 0.191929 0.223785 -0.002477 -0.000794 -0.225701 0.019335 0.003656 -0.033597 0.076914 -0.030756 0.018687 -0.002659 -0.119052 0.020878 0.203007 0.169536 0.048665 0.000765 0.022229 0.236989 0.132243 0.467431 -0.208061 -0.001807 -0.001644 -0.009629 -0.000777 -0.001508 -0.111596 -0.004179 -0.000765 -0.616838 -0.352686 0.032069 0.828938 -0.003009 0.070661 0.190585 -0.309933 -0.164129 -0.002023 0.075733 -0.002756 -0.003320 -0.040116 -0.020211 0.001235 0.281229 0.051371 -0.000202 -0.278563 -0.074965 -0.000984 0.036493 -0.002875 0.224706 -0.042896 0.101115 -0.000696 -0.093073 0.047256 0.095156 -0.000199 -0.001180 -0.002469 -0.025379 -0.002647 -0.016236 0.016649 -0.000373 0.132061 0.011215 -0.019222 0.047474 -0.348909 0.277746 -0.134964 -0.002544 -0.000725 0.126615 0.444916 0.556274 0.000707 0.002173 -0.318628 0.074172 -0.011540 -0.108521 -0.481197 0.012108 -0.339757 -0.001215 -0.000010 0.141089 0.010568 0.042915 -0.003121 0.244925 -0.002565 -0.002098 0.109189 -0.027596 0.053176 -0.003339 -0.208689 0.558814 -0.271077 -0.003083 0.492771 -0.002519 -0.000688 0.009252 0.187375 -0.055917 -0.154097 -0.210680 -0.000151 0.186709 -0.001071 -0.003381 -0.055020 -0.002962 0.204693 -0.000284 0.145487 0.654822 -0.000901 0.067345 0.209987 -0.002625 -0.002584 0.090035 -0.001468 -0.000771 0.083076 0.394124 -0.001403 -0.008524 -0.000318 -0.232223 0.026460 -0.074709 0.239793 0.462832 -0.003361 0.001997 -0.000007 -0.135854 -0.001416 0.301060 0.382822 0.380440 -0.001282 0.033738 -0.240482 -0.002707 0.247339 0.100513 0.385212 0.618826 0.033999 -0.186047 0.284525 -0.096963 -0.002616 0.017775
-0.288471 -0.004638 -0.140529 -0.141033 0.249473 -0.381469 -0.023017 0.002280 -0.002382 0.001962 0.000493 -0.411907 0.154036 0.110254 0.002028 -0.158059 0.000761 -0.000351 0.000969 -0.000083 -0.000762 0.352417 0.595426 -0.220058 -0.191233 0.059474 -0.001103 0.055771 0.018364 0.004381 0.120458 0.406716 0.001889 -0.002852 -0.018761 -0.529865 -0.067815 0.121070 0.031104 0.059844 -0.252776 0.110447 0.000291 -0.007856 -0.624553 -0.397249 0.001300 0.008005 -0.029625 -0.282933 -0.000391 0.000119 0.231890 0.000204 0.001091 -0.002194 0.151118 -0.005261 -0.205840 -0.292898 -0.002434 0.000427 0.205655 0.163539 -0.445335 0.003071 -0.662195 -0.439002 0.000296 -0.056455 0.006666 -0.437237 0.001289 0.431911 0.173198 0.281670 -0.392506 -0.788652 0.004694 -0.002406 -0.362397 -0.001172 -0.004489 -0.011940 0.054783 -0.000566 0.451681 0.311098 -0.001920 0.080807 -0.266830 -0.839696 0.000880 0.000070 0.057961 0.081640 0.009355 0.171609 0.223998 0.012253 -0.562565 -0.005194 -0.507686 0.004353 -0.120283 0.026083 0.198818 -0.000535 -0.650753 -0.083020 -0.314276 0.477163 0.079242 0.002820 0.000130 0.001049 -0.001981 -0.002425 -0.718201 0.051644 -0.020998 0.789346 0.646773 -0.013008 -0.084780 0.001321 0.077972 -0.755269 -0.299729 -0.509649 -0.182116 -0.404449 0.000933 0.000302 0.267991 -0.129329 0.000594 0.002023 -0.240379 -0.000239 -0.247419 -0.059180 -0.000106 -0.019835 -0.014723 0.246299 0.033040 -0.040037 0.002538 0.296346 0.020823 0.122909 0.001264 0.002256 -0.006474 0.081393 0.000725 -0.010914 -0.008339 0.001647 0.088883 -0.101893 -0.995602 -0.397273 -0.605678 -0.064971 0.089561 -0.000518 0.000160 0.218434 -0.274557 0.318236 -0.006807 -0.336500 0.471309 -0.052027 0.008383 -0.541069 0.195859 0.051008 0.205019 0.001203 -0.001253 -0.745661 -0.008643 -0.435154 -0.001210 0.115296 -0.005760 -0.002376 -0.505164 -0.002459 -0.000183 -0.000164 -0.361758 -0.042169 0.141454 -0.000133 -0.665031 0.001979 0.002166 0.004143 -0.259866 0.784398 -0.275227 -0.485315 0.000979 0.125513 -0.001440 0.002042 -0.298357 0.000500 -0.078052 0.000861 -0.459221 -0.347247 0.006234 0.138818 0.258103 -0.001908 0.001572 0.647508 -0.000027 -0.002534 -0.032354 -0.066409 -0.002082 -0.000803 0.002048 0.163422 -0.585866 -0.092951 -0.133401 -0.566341 -0.001285 -0.005784 0.000133 -0.326472 -0.001801 0.228609 0.853797 0.079041 0.000577 0.036460 -0.127034 -0.008609 0.142799 -0.307050 -0.426941 -0.017317 -0.001340 -0.301253 -0.196997 0.280844 0.001093 0.034500
-0.094542 0.006136 -0.004586 -0.148542 0.101634 0.417763 0.022942 0.002823 -0.004639 0.002160 -0.001036 -0.230113 -0.169623 0.173241 0.000070 0.049849 -0.002966 -0.004145 -0.001198 0.003163 -0.001183 -0.153884 -0.136487 -0.196652 0.034251 -0.013169 -0.000588 0.013230 -0.006983 0.022475 0.429886 -0.254455 0.003362 0.316036 -0.097173 -0.178671 0.003159 -0.084094 -0.112727 -0.158609 -0.144760 0.128437 0.001053 0.001755 -0.115913 -0.043904 -0.002984 -0.103117 -0.102909 -0.088016 -0.002076 -0.000577 -0.049063 -0.000812 0.002923 -0.003443 0.107361 0.000538 -0.153906 -0.015320 0.001123 0.000809 0.011577 0.112151 0.013673 -0.003953 -0.365086 -0.390631 0.000301 0.019912 -0.001828 0.067301 0.002531 0.190303 0.036390 -0.098998 0.081775 0.009690 -0.001273 0.000227 -0.072947 -0.051014 0.004196 0.012245 0.107355 -0.006727 0.213421 -0.179358 0.002771 -0.273492 0.074753 -0.085974 0.000425 0.000722 0.196392 -0.029538 -0.034995 0.029493 -0.274113 0.011072 -0.352311 -0.003658 0.169528 -0.013720 -0.019610 -0.056102 0.021138 -0.001407 -0.220312 -0.058915 -0.045453 -0.094173 0.019061 0.001518 0.001604 -0.013642 0.003748 -0.000101 -0.248282 -0.037312 0.164901 0.066412 0.100010 0.025259 -0.131222 -0.000296 -0.072162 -0.367782 -0.011862 -0.047809 0.037573 0.024643 -0.001341 -0.001003 -0.070664 -0.064844 0.000202 0.009500 -0.160519 0.002050 -0.361970 -0.000843 -0.006809 -0.007690 -0.004330 0.089843 -0.236233 0.178066 -0.000290 -0.132951 -0.017747 0.191684 0.000470 -0.001391 -0.003869 0.098092 -0.000452 -0.003832 0.016738 0.000899 0.274470 -0.119374 -0.075784 0.118827 0.050938 -0.172052 -0.152566 0.000477 -0.001583 0.250795 0.338106 -0.147485 -0.012410 0.204091 -0.205967 0.235196 0.014915 -0.109089 -0.084002 -0.021393 0.326797 0.000945 0.001058 -0.207376 -0.003815 -0.166671 0.000477 -0.190593 -0.006758 0.001161 0.152941 -0.007835 -0.025146 0.002108 -0.126737 -0.070690 -0.090576 0.001485 -0.066035 0.001662 0.001665 0.001228 0.563267 0.144449 -0.269918 -0.158779 0.000088 -0.199724 0.001229 0.000335 -0.121262 -0.002007 0.604047 0.001473 -0.183417 -0.144396 0.002196 -0.048511 -0.153097 -0.014156 -0.001143 0.043660 -0.001024 0.001049 0.110834 -0.108789 -0.001717 -0.004904 -0.003711 -0.001589 0.196527 -0.036630 -0.100703 -0.096443 -0.001996 0.012583 -0.002568 -0.321112 0.001084 -0.012267 -0.112415 -0.327394 0.000178 -0.055646 -0.018584 0.042338 0.193051 -0.178135 0.089037 0.067171 0.010380 0.199414 0.270202 -0.127322 -0.001532 0.000778
0.058742 -0.006716 0.198370 -0.486421 0.062949 0.063480 0.000150 -0.001058 -0.000033 -0.001645 -0.003075 0.578865 0.199686 0.375461 -0.000470 0.213178 0.001216 -0.007569 0.001159 0.002381 -0.003005 -0.401361 0.209977 0.392358 -0.334176 0.062368 0.001553 0.006146 -0.000188 -0.001080 0.079131 -0.313211 0.001851 0.110506 0.000939 0.880954 -0.073496 0.539056 -0.352058 -0.044769 -0.262844 0.143490 -0.001797 0.003172 0.021459 0.187123 0.001432 0.192026 0.051621 0.566650 -0.002946 0.002622 0.434609 0.002883 0.000506 -0.020298 0.019585 -0.002978 -0.014731 0.298439 -0.000296 0.000150 -0.715781 -0.423029 -0.397294 0.000378 -0.355823 -0.219814 -0.000852 0.024768 -0.000215 0.325582 0.001170 -0.047320 -0.150240 0.470179 0.523724 0.699641 -0.004023 -0.003169 -0.411485 0.108478 -0.000971 0.007633 0.162265 -0.006661 0.067199 -0.001079 0.006419 -0.085426 -0.188597 -0.295878 0.002453 0.003317 -0.197862 0.439017 0.008453 -0.108133 -0.087924 -0.003972 -0.132668 -0.001916 -0.248347 0.001019 0.039641 -0.025247 0.010275 0.001917 0.044305 -0.317839 -0.027567 -0.098179 -0.059016 -0.000391 -0.007493 0.027976 -0.000406 -0.000718 -0.141376 -0.004180 -0.037318 0.155599 0.048493 0.006521 0.212395 0.000214 0.034800 -0.098047 -0.180577 0.287571 0.166733 0.272786 -0.001854 -0.002426 0.202369 -0.063861 -0.001977 0.118395 -0.169996 -0.002213 0.545746 -0.009596 0.003512 0.007052 -0.006745 -0.227890 -0.154840 -0.134723 0.000548 0.442559 0.009018 0.400053 0.000692 -0.001051 0.001136 0.014161 -0.000898 -0.002524 -0.004667 -0.003365 -0.156871 -0.110167 0.261168 -0.240083 -0.228308 0.210452 0.389936 0.002951 -0.002670 0.164423 0.265169 0.030428 0.000134 0.234851 -0.183994 0.366690 0.008130 -0.479808 -0.580769 -0.020032 0.024844 -0.001605 0.001957 0.099632 -0.005520 -0.113446 -0.001988 0.085841 0.001946 0.000570 -0.104158 0.010969 -0.010108 0.007052 0.571378 0.329980 -0.008062 -0.000337 0.085358 -0.000080 0.007556 -0.001405 -0.047418 -0.146960 0.445684 0.086835 0.000744 -0.081490 -0.000317 -0.000713 0.228650 0.001011 0.333897 0.002615 -0.509282 -0.236198 0.002471 0.127346 0.380544 -0.012283 -0.001986 -0.083115 -0.000543 -0.004419 -0.532480 -0.184241 0.000376 0.010802 0.002544 -0.076552 -0.020335 0.055550 0.090190 0.232006 0.001323 -0.000429 0.002769 -0.851920 -0.000322 -0.452597 -0.086540 0.347066 0.002830 -0.016113 -0.147081 -0.009304 0.152980 -0.235475 0.254831 0.104481 -0.033806 0.419914 0.160177 -0.181170 0.002396 -0.000522
-0.226661 -0.004514 0.273255 -0.241356 -0.311612 -0.083526 0.005747 0.001063 -0.000741 0.000856 0.001880 0.007626 0.330693 0.115512 -0.003090 0.059831 -0.000849 -0.009598 0.005361 0.002315 0.001016 -0.258856 0.176199 -0.129945 0.095690 0.049929 -0.001265 0.052067 0.002907 0.143349 0.026249 -0.416127 0.001655 -0.452908 0.067644 0.191099 0.051801 0.155475 -0.007637 0.143987 0.048998 0.058144 0.002691 0.002952 0.193962 0.113848 -0.000799 0.005245 0.013386 -0.265332 0.008348 0.001877 0.183770 0.001197 0.002192 0.006561 0.413355 0.002026 -0.197819 0.073578 0.008882 -0.001514 -0.242364 0.011899 0.121739 -0.000375 -0.087400 0.096177 0.000326 0.009804 -0.000475 -0.200733 0.000537 0.208726 -0.119818 0.368107 0.204564 0.096304 -0.006336 0.001042 0.084433 0.010361 -0.000375 -0.045834 -0.181825 -0.004274 0.110155 0.019377 0.002702 0.168760 -0.258168 0.293221 -0.003124 0.002896 -0.292421 0.012043 0.013746 -0.441259 0.143626 -0.021773 -0.156533 0.000579 -0.097573 0.003602 -0.316730 -0.070022 0.001446 0.001208 -0.206506 0.428547 0.262910 -0.141998 0.116467 0.005011 0.002583 0.003820 -0.001038 0.000526 0.009206 -0.035659 -0.001877 -0.243421 -0.251701 -0.043137 -0.133044 -0.000493 -0.001470 -0.178712 0.513240 -0.209418 0.155025 -0.340162 0.003284 0.002395 0.295785 0.080822 0.000302 0.439019 0.067024 0.002464 -0.320466 -0.023130 0.002362 -0.036608 0.004012 -0.023122 0.071017 0.251606 0.001815 -0.136537 0.029388 0.094934 -0.001110 -0.001959 0.001868 0.117861 0.000573 0.010072 -0.004496 0.001694 -0.504073 0.002313 -0.130621 0.297875 -0.092391 -0.456217 0.424085 0.001441 -0.002154 -0.259775 0.426472 -0.330385 -0.006599 0.176345 0.057125 -0.155242 -0.010472 0.637367 -0.361969 0.005211 -0.123031 0.000807 0.001774 -0.057859 -0.007507 -0.327490 0.004485 -0.145884 0.003136 -0.001482 0.112703 0.010839 0.005042 -0.000412 -0.242352 0.035746 -0.308659 0.002253 -0.065021 0.001396 0.004517 -0.004724 0.029687 0.080881 0.245703 -0.094382 0.002205 0.220668 -0.001424 0.000015 0.055489 -0.000482 -0.043209 0.002660 0.156478 0.086207 0.002928 0.307384 -0.412277 0.017530 -0.001159 -0.387723 0.001530 0.002901 0.648772 -0.206541 0.002248 -0.003841 0.000937 0.063150 0.034587 0.120636 0.148209 -0.178439 -0.001272 -0.000212 0.004225 0.180399 0.000881 0.220699 0.121609 -0.070477 0.001108 -0.019705 0.125574 0.049837 -0.260295 0.143733 -0.232878 0.137460 0.026030 0.107021 -0.314242 -0.027088 -0.000895 -0.003020
-0.026063 -0.002786 -0.008748 0.018790 -0.022216 -0.031908 -0.001093 -0.003214 -0.001265 0.001139 0.002769 0.001623 -0.000165 0.015207 0.000068 0.010435 0.002616 -0.000196 0.002944 0.000048 -0.001574 0.027253 -0.001851 -0.059670 0.015102 -0.017854 -0.002105 -0.000007 0.003430 -0.006662 0.000320 -0.034626 0.003091 -0.022614 0.033635 0.006182 -0.021670 -0.033993 -0.009021 -0.006126 -0.023474 -0.001119 0.000388 0.001015 -0.014633 -0.019707 0.000371 -0.004953 0.009822 -0.035531 -0.002274 0.001982 -0.004028 -0.000586 0.001495 -0.003583 -0.000952 -0.000978 -0.009743 -0.002546 -0.000044 -0.002222 -0.026147 -0.017275 -0.025722 0.002938 -0.017112 -0.010782 -0.003468 -0.020071 0.003981 -0.045050 0.004537 -0.017462 0.058623 0.000576 0.040962 -0.032494 0.002356 0.004066 -0.072848 -0.032254 -0.001346 -0.001331 -0.018617 -0.003049 0.016443 -0.056927 0.003873 0.042282 -0.105887 -0.030670 0.000064 0.000568 -0.009375 -0.003587 -0.008680 -0.009999 -0.024299 0.002950 -0.044353 0.005043 0.011944 0.003816 0.028011 -0.032398 -0.017155 -0.003302 -0.028214 -0.008182 -0.016804 0.024560 -0.035867 0.001708 0.004960 0.019086 -0.000051 -0.001549 -0.069915 0.009403 0.002030 -0.018641 0.084550 0.001166 -0.010221 0.000993 0.013568 -0.009793 -0.074358 -0.027616 -0.038779 -0.009663 0.002198 0.000150 -0.005817 0.009305 -0.002852 -0.012447 0.019022 -0.002299 -0.049180 -0.005816 -0.003535 -0.001014 0.001885 -0.041170 -0.029758 -0.140329 0.001171 -0.008914 -0.015071 -0.024496 -0.003749 -0.002691 -0.006459 -0.004981 0.003372 -0.011275 -0.001478 0.000737 -0.040012 -0.004653 -0.002167 -0.041391 -0.019450 -0.009271 -0.006540 -0.001448 -0.000113 -0.006956 0.002132 0.047936 0.002942 -0.017816 -0.049572 0.011981 0.000817 0.002599 -0.093399 0.000978 -0.042596 0.003191 -0.000155 -0.032809 0.004656 -0.057218 0.000841 -0.007458 0.000060 -0.001268 -0.042440 -0.004084 -0.030071 0.003309 0.005014 0.001713 -0.033472 0.000228 0.039091 0.002602 0.005117 -0.003178 -0.000075 -0.003769 0.001185 -0.059059 0.001546 -0.007974 0.000746 -0.001547 0.013008 0.000765 -0.002373 0.002421 -0.011739 -0.017564 0.001417 -0.031440 -0.004479 -0.001312 -0.001914 -0.019824 0.000519 -0.001123 -0.014315 -0.009071 0.001437 -0.012316 0.001751 0.020348 -0.014201 -0.008915 -0.008732 0.047196 -0.000283 -0.000343 0.002068 -0.023661 0.001951 0.008785 0.001411 -0.002518 0.002077 -0.022451 -0.013692 0.004517 0.007639 -0.002972 -0.002768 -0.022843 -0.015897 -0.019307 0.004204 -0.001924 0.002286 -0.001808
-0.025234 0.000001 -0.008334 0.010627 -0.068993 -0.027010 -0.000008 -0.000960 -0.001602 -0.002652 -0.001757 -0.026382 0.031641 0.024999 0.001890 -0.020891 -0.000446 -0.001669 -0.001433 -0.000824 -0.003352 -0.012525 -0.039825 0.008277 -0.008850 0.007858 -0.002816 -0.000526 -0.001637 -0.015449 -0.000880 -0.050812 0.001917 -0.021703 0.018790 -0.015977 -0.029802 -0.047547 -0.012584 0.000054 -0.020212 -0.001227 -0.002852 -0.002992 -0.024384 -0.049118 -0.001027 -0.003137 0.029885 -0.013981 -0.002033 -0.000941 -0.035437 0.001469 -0.002885 -0.007450 -0.003966 -0.000003 0.000713 0.031212 -0.002448 -0.000275 -0.012303 0.016343 -0.014101 -0.001252 -0.021912 -0.008943 -0.003101 -0.013590 -0.001542 -0.006435 -0.002101 0.015727 -0.016252 -0.000017 -0.002423 -0.047931 -0.000213 0.003279 -0.035888 -0.005036 -0.002734 -0.000666 -0.004142 -0.001770 0.010742 -0.064371 -0.002204 -0.049802 -0.036536 -0.034154 -0.000563 -0.002102 -0.039281 -0.003179 0.000108 -0.016451 0.000030 -0.001171 0.027924 -0.000451 -0.027757 -0.002733 -0.010436 -0.053626 -0.001031 -0.000594 -0.027870 -0.004443 -0.047587 -0.050968 -0.005656 -0.001187 -0.002309 -0.018968 -0.003347 -0.001902 -0.019097 0.002684 -0.000953 -0.030948 -0.022347 0.002230 -0.021556 -0.003275 0.016136 -0.034269 -0.051273 -0.066768 -0.027417 0.025165 -0.000112 -0.002578 -0.015769 -0.048114 -0.002976 -0.009779 0.030994 -0.002225 -0.027519 0.021457 -0.001093 -0.001532 -0.000495 -0.014286 0.013241 -0.018792 -0.000721 -0.000870 0.015594 0.020610 -0.003149 -0.002615 -0.002092 -0.009236 -0.001535 -0.000051 -0.003335 -0.001429 -0.042426 -0.017005 0.053987 -0.028658 -0.061028 -0.004007 0.012496 -0.002758 -0.001941 -0.031806 -0.033062 0.038548 -0.002628 0.052101 -0.045746 -0.022141 -0.002013 -0.013772 -0.059925 0.000027 -0.051451 -0.000729 -0.001452 -0.023767 -0.011736 0.018575 -0.000390 0.019849 -0.002299 -0.002875 -0.029767 -0.003302 0.010651 -0.000097 0.002718 -0.006469 -0.045650 -0.000723 0.031181 -0.000023 -0.000312 0.000694 -0.003333 -0.013759 -0.018065 -0.050168 -0.001075 0.000325 -0.002058 -0.002892 -0.019338 -0.002187 -0.026873 -0.003287 0.028838 -0.003004 -0.000128 -0.048933 -0.013134 -0.001953 -0.003062 0.007338 -0.001971 0.001968 0.004716 -0.036275 -0.000938 -0.002029 -0.001591 -0.006702 0.011304 -0.005061 -0.002437 -0.000862 -0.000438 -0.003305 -0.000504 -0.001297 -0.002131 0.000037 0.002782 -0.014559 -0.001578 -0.030074 -0.052471 -0.001848 -0.015813 0.074545 -0.013594 0.007488 0.014931 -0.021073 0.009910 -0.013723 -0.003105 -0.001162
-0.125711 -0.001048 0.021267 0.272848 -0.124653 -0.120229 0.002302 0.001855 0.000496 0.005898 0.002802 0.133209 0.002544 -0.013722 0.002146 -0.172160 0.001564 -0.001545 -0.000710 0.002845 0.003006 0.105066 0.247174 0.248707 0.079937 -0.116530 0.001322 0.015284 -0.003558 0.044041 -0.105858 0.069556 0.000197 -0.059340 -0.030469 -0.076488 -0.045104 0.117908 -0.189676 -0.041818 -0.064084 0.067952 0.002866 0.003396 -0.074302 -0.000244 -0.002276 0.002784 -0.029618 -0.071024 0.009570 0.003090 0.080992 0.001322 0.002988 -0.000104 0.216336 -0.000332 -0.016672 0.001197 0.001521 0.000054 -0.005411 -0.078438 -0.094321 -0.001268 -0.028244 -0.138104 0.000258 0.037019 -0.004799 -0.114846 0.001149 0.227375 -0.071618 -0.014919 0.096254 -0.059839 0.000157 0.015216 0.037001 -0.103428 -0.001157 -0.002488 0.129841 0.000258 0.135719 -0.354608 0.000661 -0.076988 -0.120536 -0.208603 0.001112 0.002151 -0.123639 -0.028461 0.013257 0.099263 0.002933 0.018349 0.008554 -0.000343 -0.063930 -0.004183 -0.073030 -0.050930 0.089052 0.000246 -0.003564 -0.023730 -0.017108 -0.084881 -0.170007 0.002162 -0.003016 0.001167 -0.001245 0.000723 -0.077588 0.010561 0.138346 0.031735 0.138051 -0.000688 0.094790 0.002091 0.043732 -0.191151 -0.082603 -0.269932 -0.191348 -0.186545 0.001911 0.002892 0.069399 -0.083017 0.000635 0.046876 -0.048381 0.000419 -0.085004 -0.080793 0.000686 -0.016440 0.003840 -0.084348 -0.286748 -0.104133 0.002044 -0.005791 0.027968 0.122668 0.001937 0.000956 -0.001995 -0.011626 0.003249 0.003155 0.000111 0.002145 0.005831 -0.057561 0.379445 -0.102598 -0.174552 0.022961 0.023702 0.000076 0.000396 -0.228498 0.081181 0.108899 -0.002930 -0.029255 -0.235400 -0.009542 -0.007115 -0.153495 -0.401415 -0.067243 -0.007482 0.000502 -0.002078 -0.044033 -0.007363 -0.093782 -0.001945 0.002512 0.004938 -0.001919 0.128261 -0.008535 -0.033144 0.000297 -0.013335 0.226350 -0.113850 0.000043 -0.012364 0.001457 0.002216 -0.000039 0.245237 0.061236 -0.197507 -0.217526 0.001253 -0.111952 0.000432 0.001679 0.253258 -0.001666 0.091501 0.001692 -0.036359 -0.001621 -0.001009 -0.158993 0.129495 0.014690 -0.000474 -0.144098 0.001360 -0.002894 -0.024205 0.107095 0.006024 -0.009569 -0.001071 -0.084354 -0.217132 -0.053406 0.015669 -0.016703 0.003306 0.001189 0.000421 0.051230 0.000538 -0.107507 0.041327 -0.112200 0.001497 0.100104 -0.086198 -0.006345 0.003955 0.375223 0.046462 -0.121573 0.008429 -0.042163 0.035524 -0.022822 0.002263 -0.001018
-0.207751 -0.000119 -0.062115 -0.212632 -0.218414 0.585930 0.013112 -0.001913 0.002138 -0.002887 -0.002164 -0.019028 0.365591 0.184890 -0.000022 -0.440548 0.003109 -0.002913 -0.004325 0.002437 -0.001184 -0.242252 0.841868 -0.046802 0.099037 -0.001602 -0.001258 0.012388 -0.000544 -0.043433 0.346201 0.162295 -0.003212 0.366383 -0.204146 0.364897 0.230610 0.059343 0.096740 0.053929 -0.493919 0.439586 -0.002124 -0.002349 0.258433 -0.222864 -0.001862 0.077102 -0.001459 -0.068334 -0.006570 -0.003173 0.091944 -0.002668 -0.002347 -0.013775 -0.254673 -0.002682 0.474319 -0.053966 -0.005949 -0.002763 -0.141079 -0.204777 0.460796 -0.003061 0.003090 0.245103 -0.002912 -0.001554 0.006947 0.044371 0.001475 0.017054 0.296951 0.018506 -0.103114 0.551936 -0.001462 0.035390 0.036948 -0.000924 0.002397 0.022203 -0.388691 -0.001909 0.478832 0.337700 0.000146 -0.071027 -0.082607 -0.499796 -0.002089 -0.002774 -0.094813 -0.062478 -0.147880 -0.214911 0.060060 -0.011615 -0.247413 0.025022 0.004107 0.035737 -0.069799 0.137070 0.050265 -0.001690 -0.008886 0.744178 0.687572 0.206836 0.005762 0.000275 -0.006568 -0.011733 0.001154 0.003154 0.142463 -0.031089 -0.046672 0.430445 0.073539 -0.008675 0.366631 0.000845 -0.074200 -0.284271 -0.189016 -0.213832 -0.301181 0.010429 -0.001025 0.000073 -0.549492 0.120587 0.002128 -0.093361 0.207977 -0.000064 0.428379 0.005915 -0.001723 0.029043 -0.004264 -0.205083 -0.061647 0.052268 -0.002835 0.444008 0.050226 0.072636 0.006488 -0.000618 -0.017904 -0.070707 0.002754 0.002959 0.019378 -0.000366 -0.302778 0.512266 0.295654 0.370330 -0.246936 0.259417 -0.006387 -0.003416 -0.002041 0.400188 -0.481527 -0.286216 0.027747 0.085724 0.105028 -0.039303 -0.014888 0.133024 -0.677641 -0.015346 -0.048235 0.002168 -0.001853 -0.091947 -0.001543 0.508856 0.002414 0.189708 -0.001092 0.002021 0.248989 0.031984 0.092810 0.001243 -0.078854 -0.286549 -0.202320 0.002210 0.127480 -0.001370 -0.001901 0.003978 0.321755 -0.120802 0.420380 -0.059460 0.003644 0.005089 -0.002259 -0.001991 0.610442 -0.000828 0.329700 -0.000654 0.095275 0.626938 -0.003735 1.133076 0.514412 0.026649 -0.002611 0.131060 0.001097 -0.001607 -0.246893 -0.474567 0.001021 0.007429 -0.002377 -0.326459 0.192024 0.066467 0.143974 0.263633 -0.003390 0.003425 -0.003049 0.493845 0.001996 0.073196 0.330935 0.183840 -0.001395 0.027749 0.010209 -0.018249 -0.066863 0.039235 0.623611 0.405029 -0.016301 0.323619 -0.221522 -0.207191 -0.001663 0.006078
-0.012581 0.002974 -0.008040 -0.010532 -0.004435 -0.018091 -0.005431 -0.000822 -0.002905 -0.003405 -0.000035 0.006213 0.012326 -0.007439 0.000815 0.002420 -0.002302 0.010455 -0.000005 0.002639 -0.001583 -0.000312 -0.007744 0.018445 -0.005628 -0.021971 -0.000656 -0.005388 -0.001847 -0.000691 -0.007711 -0.013969 -0.002978 -0.013042 -0.010421 -0.015190 -0.017681 -0.012808 -0.014582 -0.002733 -0.023237 -0.001434 -0.001532 -0.003275 0.006050 -0.040134 -0.000886 -0.001360 -0.002793 -0.008855 -0.007646 -0.000922 -0.013919 -0.002024 -0.002766 -0.015547 -0.015005 -0.003310 -0.017178 -0.001737 -0.000981 -0.002994 -0.007752 -0.004743 -0.010794 -0.001475 -0.003854 0.007213 -0.002320 -0.008439 -0.001812 -0.017272 -0.000823 -0.000905 -0.013131 -0.005291 -0.001126 -0.019811 -0.002055 0.000629 0.014962 -0.002686 -0.001232 0.014517 -0.015307 -0.001194 -0.014346 -0.009670 -0.000582 0.000146 -0.009804 -0.016238 -0.003383 -0.001559 -0.008750 -0.013698 -0.020198 0.002147 -0.023459 -0.004669 -0.024040 -0.003197 -0.006664 -0.004958 -0.004932 -0.012280 -0.001176 -0.001367 -0.036061 -0.025051 -0.015150 -0.006478 -0.012042 -0.000016 -0.000961 -0.010616 -0.001651 -0.000859 -0.011332 0.015814 0.003586 -0.023066 -0.003443 -0.015717 0.025959 -0.001586 -0.001293 -0.006163 -0.013197 -0.027726 -0.013185 0.011168 -0.000571 -0.001218 -0.003639 -0.022007 -0.000340 -0.002911 -0.000345 -0.000404 -0.011577 -0.009299 -0.002608 0.003302 -0.007098 0.013279 -0.020678 0.014906 -0.000863 -0.010880 0.001115 -0.003322 0.004038 -0.001046 -0.000166 -0.012828 -0.001510 -0.006170 -0.008214 -0.000437 -0.013586 -0.003156 0.007882 -0.011817 -0.017865 0.003129 -0.012381 -0.000550 -0.002633 -0.028643 -0.002816 0.001105 -0.008523 0.004056 -0.011973 0.018894 -0.002093 -0.020475 -0.040330 -0.003389 -0.014680 -0.002367 -0.001448 -0.007518 0.006816 -0.007193 0.001762 -0.000304 -0.002655 0.000172 -0.010573 0.021323 -0.002777 -0.001370 -0.008611 -0.001993 -0.001716 -0.000694 -0.003452 -0.003076 -0.009170 0.002343 -0.003070 -0.017624 -0.003333 -0.022779 -0.000549 -0.000325 -0.000634 -0.003105 -0.002890 -0.000598 -0.006451 -0.003042 0.004671 -0.004141 -0.002946 -0.014851 0.007182 0.006756 -0.003347 -0.007283 -0.003001 -0.000995 0.003011 -0.013014 -0.001207 -0.010740 -0.000560 0.010991 0.017186 -0.001045 0.005191 -0.016586 -0.000814 -0.002380 -0.002374 -0.017175 -0.000048 -0.000265 -0.033018 -0.023357 -0.001837 0.033026 -0.009569 -0.000541 -0.003074 -0.001940 0.001688 0.000574 -0.000135 0.010101 -0.001913 -0.011613 -0.002054 -0.003081
-0.042695 0.007674 -0.056992 0.476342 0.117541 0.408616 0.033923 -0.001961 0.001656 -0.000363 -0.000569 -0.110418 -0.047293 0.605890 -0.000415 0.534770 0.000029 -0.002227 0.001961 0.000489 0.004374 -0.105702 0.239353 -0.101840 0.053375 -0.009665 0.000739 0.012518 0.005151 -0.020579 0.202706 0.212935 -0.003236 -0.489447 -0.108096 -0.106954 -0.425478 0.266141 0.095165 -0.331829 0.233751 0.164713 -0.000246 -0.000313 -0.114982 -0.516272 0.004905 0.390333 0.006639 -0.292997 -0.000884 -0.001050 0.373915 0.000164 -0.000038 -0.023522 0.215544 -0.000687 0.026716 -0.109079 0.007618 -0.009044 0.127562 0.149973 0.146805 -0.001167 -0.390906 -0.073253 -0.000900 -0.017555 -0.001253 -0.107797 0.003666 0.235854 -0.091759 -0.098593 0.542064 0.076234 -0.006009 -0.001533 0.373100 0.069143 0.004806 -0.015718 -0.313761 0.002356 0.052692 0.093263 -0.005769 -0.118191 -0.019006 -0.556324 -0.001059 -0.000596 0.217023 -0.112643 -0.055786 -0.005387 -0.176898 -0.029260 0.460515 0.002544 -0.075708 -0.020027 0.318410 -0.175605 0.057282 -0.001371 -0.026471 0.285013 0.039570 -0.198738 -0.149031 0.000131 -0.003771 0.003007 0.001646 -0.002564 -0.289290 0.013310 -0.006415 0.011042 0.124848 0.049835 -0.047334 -0.003671 -0.005232 0.067526 0.358016 -0.106148 0.507795 0.244371 -0.000876 -0.002989 0.570924 -0.071125 -0.000019 0.176369 0.238197 -0.000370 -0.466013 -0.037886 -0.005991 -0.008851 0.002148 0.195855 -0.163586 -0.232596 -0.003346 0.270445 0.055743 0.461412 -0.003647 0.001727 0.000795 -0.025337 -0.000218 -0.015688 0.008815 -0.002659 0.360228 0.143885 0.039679 -0.164720 -0.373784 0.027318 0.280353 -0.001099 -0.002084 0.162054 0.472619 0.084015 0.002143 0.027033 -0.208142 0.135821 -0.004405 -0.189011 -0.340008 0.081552 0.025895 0.002269 -0.000664 -0.292986 0.003700 -0.368715 -0.002020 0.150617 0.005533 0.002024 -0.084265 0.003390 0.131287 -0.003099 -0.116764 0.214932 -0.188707 -0.002471 -0.038484 0.002542 -0.004394 -0.003290 -0.064874 -0.186916 0.078366 -0.060617 -0.002973 0.099952 -0.001682 -0.002540 0.019461 0.000009 0.039159 -0.000920 -0.138821 0.095370 -0.000757 -0.001928 0.039023 -0.002107 -0.001455 -0.255169 0.003062 0.003274 0.355386 -0.188330 0.003001 0.010724 0.008026 0.737159 0.178797 0.002783 0.261744 0.120508 0.010759 0.019467 -0.004414 0.118919 -0.001299 -0.178293 0.142044 0.069415 -0.002174 -0.038455 0.082340 -0.017532 0.257571 -0.131195 0.087434 0.597723 -0.052814 0.007907 0.440308 -0.105220 -0.002511 0.005576
0.032069 -0.004825 0.450150 -0.073018 0.222966 -0.313956 0.006651 -0.001487 -0.000499 0.001580 -0.000829 -0.083683 0.428186 0.143195 -0.002110 -0.285262 -0.001005 0.007427 -0.000704 0.001402 -0.001222 0.023266 0.298766 -0.259765 -0.018164 -0.005093 -0.001127 0.008052 0.004603 0.027928 -0.078681 -0.423386 0.002925 -0.086661 0.046596 0.112129 -0.072244 0.025518 0.075004 0.480718 0.024257 0.016181 0.003218 0.000964 -0.139155 -0.232948 -0.002160 -0.011361 -0.000080 0.000954 0.003406 0.002327 0.160389 0.000317 0.001674 -0.000684 -0.080357 -0.000817 0.532341 -0.089146 0.009785 0.001856 0.138749 0.259096 -0.227609 -0.002644 -0.308475 0.262762 -0.000206 -0.016203 0.002499 -0.125322 0.000470 0.059589 0.966478 -0.141588 0.071367 0.220204 -0.002662 0.007548 0.771847 0.058690 0.012042 -0.000622 -0.282909 -0.002846 -0.093536 -0.516482 -0.000487 0.043306 -0.233521 -0.173849 -0.003365 -0.000383 0.038902 0.435518 -0.003277 0.107269 0.148394 0.006416 0.531982 -0.000206 0.055225 -0.008081 -0.331159 -0.032847 0.007926 0.000627 0.382237 -0.022975 0.017695 0.027373 -0.072363 0.000037 0.004277 -0.009837 -0.000819 0.000587 -0.295609 0.021071 0.154227 -0.191219 0.615290 0.003343 0.040104 0.002953 0.055586 -0.322597 -0.235377 -0.488428 -0.166084 0.850239 0.000225 0.001209 -0.049607 0.039835 0.002303 0.118602 -0.273438 0.000458 -0.273643 -0.035417 -0.002880 -0.022877 -0.010220 -0.465706 -0.406067 0.293033 0.002152 0.225111 0.030258 0.188177 -0.001344 0.001028 0.005279 0.042065 -0.000059 -0.008334 -0.018373 0.002418 0.188715 0.307644 0.089822 0.118776 -0.274734 -0.392741 0.520397 -0.001498 -0.001748 -0.037385 0.098194 -0.059095 -0.006587 0.056071 -0.477650 0.627358 0.005097 -0.219727 -0.294308 -0.028057 0.044016 0.001699 -0.002773 0.251056 0.024055 -0.407934 -0.002207 0.067550 -0.000495 -0.000657 0.109409 0.004590 0.045667 -0.001037 0.108396 0.077929 -0.205663 0.002556 -0.154046 0.002842 -0.010622 -0.003324 0.031124 -0.108915 -0.143784 -0.612620 0.000633 0.058063 -0.000463 0.002307 -0.061742 0.001183 0.195599 -0.002304 -0.089677 -0.111417 0.002511 0.159300 0.833523 0.019770 -0.000060 0.055416 -0.000409 0.004113 -0.043101 -0.158683 0.019353 -0.000788 -0.000141 -0.329891 0.228578 -0.001122 0.784907 -0.111236 0.002144 -0.002276 0.006558 -0.310026 0.001384 -0.190001 0.401149 0.797038 0.001804 -0.012699 0.532787 -0.009885 0.027260 0.034958 0.502725 0.236004 0.019691 -0.042598 0.703974 -0.148252 -0.003763 0.002023
-0.017054 0.001194 -0.026389 -0.007822 0.013680 -0.014699 -0.002430 0.000552 -0.001947 -0.000389 0.000747 -0.029552 -0.012543 -0.044274 0.001930 -0.021992 -0.000278 -0.001725 -0.001613 -0.000704 0.000671 -0.028759 -0.006097 0.012077 0.023941 -0.003975 0.000332 0.001354 -0.001837 0.000706 -0.008200 -0.016171 0.002964 -0.009942 -0.019272 -0.025950 -0.010835 -0.030353 -0.019329 -0.017104 0.019737 -0.002986 0.003272 0.001941 -0.016076 -0.002733 0.000373 -0.001258 0.000711 -0.003574 -0.001289 0.001290 -0.008938 0.002320 0.003076 -0.002957 -0.000316 -0.000786 -0.041736 -0.001840 0.001681 0.000800 -0.011127 -0.019618 -0.022818 0.001113 -0.033435 -0.048159 -0.001179 -0.001215 0.000091 -0.034176 0.001395 0.014487 0.016854 -0.000418 0.001200 -0.049800 -0.001547 0.001505 0.001414 0.001171 -0.000885 -0.000998 -0.020586 0.000524 -0.010355 -0.022659 0.001180 -0.034225 -0.024343 -0.043609 -0.000010 0.003434 -0.036082 -0.001216 -0.005072 -0.012115 0.030805 -0.001055 0.002154 -0.001524 -0.027060 0.011272 -0.041105 -0.001675 0.005432 0.001934 -0.051520 0.018545 0.005192 -0.003847 -0.028423 -0.001305 -0.001273 -0.008019 -0.000476 0.000755 0.002192 0.016068 -0.001429 0.008556 -0.017371 -0.016936 0.007084 -0.001040 0.003787 -0.039122 -0.040589 -0.076488 -0.008349 0.025650 0.001199 0.003174 0.002537 0.000596 0.001843 -0.001226 -0.013332 0.000460 -0.013938 -0.010398 -0.002592 -0.000210 -0.001775 -0.004661 -0.020426 0.002119 0.000019 0.006565 0.001521 -0.013650 -0.000005 0.000971 0.001424 -0.020002 0.001631 0.002912 -0.001195 0.000532 -0.025532 -0.032021 -0.018645 0.001558 -0.019695 0.018401 -0.013012 0.001041 0.001312 -0.046087 0.013203 -0.000375 0.002801 -0.003693 -0.028679 0.007010 0.000592 -0.012538 -0.054701 -0.020502 -0.000567 0.000786 0.000875 0.007690 -0.003443 -0.002232 0.000171 0.044185 0.004097 0.000858 -0.004064 -0.002685 -0.002291 0.002812 -0.081528 0.000711 -0.039067 0.000012 -0.017582 -0.001332 0.012206 0.001036 -0.001436 -0.000659 -0.016176 -0.021744 0.002138 -0.024610 0.001209 -0.001441 0.014125 -0.001416 -0.005681 0.001427 -0.008784 0.021538 0.000068 0.017621 -0.003174 0.001042 -0.001829 -0.024813 -0.000334 0.003172 0.024099 -0.024405 0.000980 -0.002244 0.000003 -0.019858 -0.020694 0.002771 -0.021694 -0.031912 0.000459 -0.002469 -0.000927 -0.046983 0.000194 -0.030747 -0.026837 0.013054 0.000493 -0.000303 -0.021689 -0.002588 0.007483 -0.000663 -0.008795 0.001229 -0.020591 -0.012595 0.049202 -0.004740 0.000031 -0.001479
-0.007815 -0.003050 0.007943 -0.009417 -0.027048 -0.001669 -0.011309 -0.000287 -0.004932 -0.000321 -0.000667 -0.026440 -0.010657 -0.004663 -0.002592 -0.030644 -0.002265 -0.002836 -0.006493 0.002020 0.003863 -0.006957 0.003410 0.000058 -0.000946 -0.013074 -0.000461 0.012740 -0.000488 0.000086 -0.012445 -0.037528 0.000611 -0.003476 -0.000304 -0.024433 0.024270 -0.010663 -0.024007 -0.006494 -0.021001 -0.002976 -0.000798 -0.001759 -0.005008 -0.027066 -0.009257 -0.001454 -0.002662 0.015409 -0.008479 -0.000848 0.000185 0.000017 -0.001057 -0.008474 0.004091 -0.000844 -0.007721 0.008732 -0.000532 -0.000526 -0.020073 0.001985 -0.002017 -0.003412 -0.004329 -0.037131 -0.001684 0.018014 0.002057 -0.017267 -0.003254 -0.008531 -0.003115 -0.006919 0.011422 -0.004990 0.000720 0.013217 -0.016406 0.000502 -0.008391 0.002286 -0.031768 -0.005980 -0.015250 -0.009472 -0.001493 -0.006884 -0.031117 -0.007567 0.001309 -0.000057 -0.012086 -0.018547 -0.007882 -0.001406 -0.030668 -0.006760 -0.002649 -0.009002 -0.007407 -0.001013 -0.007938 -0.015170 -0.004154 -0.002678 -0.013762 -0.005909 -0.035019 -0.023226 -0.004902 0.003236 -0.006421 -0.002157 -0.001407 -0.000408 -0.001914 -0.013026 0.011988 0.005614 -0.003105 -0.005453 -0.003711 0.000809 -0.000829 -0.009435 -0.025390 -0.028350 -0.008969 -0.004276 -0.000414 -0.000185 -0.003369 -0.002138 -0.002998 -0.037760 0.016147 -0.003341 -0.022731 -0.026704 -0.005022 -0.008908 -0.008522 -0.018482 -0.006281 -0.000464 -0.002834 -0.003382 -0.002139 -0.008387 -0.000972 -0.000699 -0.002252 -0.003164 -0.000498 0.000486 0.005341 -0.002958 0.006252 0.001073 -0.001335 -0.002961 -0.005998 -0.008995 -0.015285 -0.003210 -0.002543 -0.021287 -0.001907 0.000629 -0.011367 -0.002066 -0.055932 -0.000258 -0.001220 0.023345 -0.038351 -0.005704 -0.000478 -0.002646 0.002120 -0.007496 -0.016029 -0.036291 -0.002948 -0.009034 0.000511 0.001440 -0.015341 0.009534 -0.012545 0.000034 -0.015366 0.000011 -0.009365 -0.000299 -0.014835 -0.001350 0.003648 0.000667 -0.005940 -0.008706 0.000040 -0.011003 -0.003122 -0.002998 -0.002581 -0.000667 -0.008458 -0.001749 0.003221 -0.002102 -0.019050 0.014615 0.009256 -0.021781 -0.006553 -0.001797 -0.000001 -0.012496 -0.000294 -0.000417 0.004529 -0.011302 0.000190 -0.018747 -0.001827 -0.024246 -0.015121 0.003282 -0.007612 -0.006841 -0.006950 -0.010087 -0.009066 0.015595 -0.002429 -0.000173 0.022937 -0.006194 -0.001488 -0.006870 -0.027798 0.002185 -0.003952 -0.013135 -0.005170 -0.012809 0.000037 -0.001208 -0.009377 -0.023599 -0.000291 0.004191
-0.076899 0.004791 -0.226848 0.283045 0.315606 0.137643 0.049184 0.000908 -0.001727 -0.000198 -0.002041 -0.558073 -0.307601 -0.033048 0.001745 0.407565 -0.002609 -0.005316 0.000132 -0.000550 -0.001018 -0.007897 0.030308 0.227943 -0.254178 0.036829 0.001225 -0.016084 -0.007575 0.007964 0.140856 -0.383918 -0.000084 0.232126 -0.038750 -0.227039 0.020376 -0.519833 0.175710 -0.273371 -0.336182 -0.140392 0.002411 -0.002730 0.162396 -0.227360 0.000117 0.119254 0.114592 -0.522627 -0.001941 -0.001910 0.185689 0.001108 -0.001489 0.008312 -0.341335 0.003234 -0.546598 -0.409067 -0.007340 0.000171 -0.094826 -0.362415 0.216360 -0.002254 -1.116280 0.210377 0.005556 -0.010932 0.000192 0.066364 0.000249 0.220331 -0.189833 -0.304088 0.175119 0.094817 0.000055 0.003721 0.045655 -0.044900 0.000327 0.004070 0.190614 -0.006785 0.292706 0.172015 0.002865 0.009417 0.306158 -0.833609 0.004034 0.003180 0.238737 0.747938 -0.063676 -0.332078 0.065290 -0.013594 -0.077126 -0.001015 0.319456 -0.019910 0.456958 -0.130294 0.153801 -0.003094 -0.600322 -0.259982 0.055275 -0.656549 -0.184581 0.001412 -0.002271 0.003410 0.003113 -0.000642 -0.306110 -0.066970 0.173457 0.197585 -0.223060 0.039215 0.086586 -0.000024 0.030010 0.113956 -0.673403 -0.076192 0.320573 -0.421689 -0.000025 -0.000906 0.095882 -0.042052 -0.000147 -0.126498 0.193106 0.000001 -0.051997 -0.044726 -0.009932 0.015459 -0.005128 0.563913 -0.459209 0.370778 -0.001705 0.022142 -0.040612 0.002000 0.004024 0.000008 0.003930 -0.012332 0.000659 0.019914 -0.038332 0.001112 0.634212 -0.117704 0.250232 0.076411 -0.314660 0.253820 -0.286210 -0.002996 0.001437 -0.064274 0.468771 -0.235172 0.000344 0.332298 -0.124603 0.367441 0.006933 -0.436049 -0.397346 -0.001406 0.732033 0.000236 0.003524 0.140386 0.000437 -0.369739 0.001850 0.242882 0.004185 -0.000872 -0.230227 0.004224 0.047824 -0.002496 -0.265023 -0.059478 -0.154713 0.000470 0.028482 0.003961 0.004850 0.004539 0.419225 -0.192829 0.406995 0.000993 -0.000017 -0.770641 -0.002173 -0.000680 -0.001115 -0.001954 0.660102 -0.002124 0.048636 0.061134 0.001999 0.282967 0.255817 -0.012136 -0.000862 0.288716 -0.002280 -0.000234 -0.060592 -0.032647 -0.003145 0.004508 -0.002918 0.205050 0.626653 0.043122 0.337790 0.097740 0.010188 0.009270 -0.003377 -0.129920 0.000954 -0.325502 0.181930 0.101804 -0.000758 0.023034 -0.354245 -0.015632 0.332889 -0.170611 -0.142073 -0.018619 0.015866 0.471695 -0.140479 -0.383711 -0.002473 0.003476
-0.032683 -0.001124 0.189097 0.013291 -0.125686 -0.086513 0.002173 0.000049 -0.003410 -0.000487 -0.000778 0.094007 0.152494 0.008098 -0.002539 -0.134870 -0.003093 -0.001957 0.004225 -0.001558 -0.002622 0.052515 0.022987 0.024634 0.121922 -0.027901 -0.002547 -0.034946 -0.005221 -0.001848 -0.033502 0.009572 -0.001493 -0.077451 0.036346 0.000302 -0.073408 -0.086601 -0.044639 -0.029849 -0.068642 0.000357 -0.003275 -0.001254 -0.078737 -0.070822 0.011552 0.006312 0.065930 0.028725 0.000606 -0.001846 0.066218 0.000176 -0.000320 -0.001765 0.022782 -0.001809 -0.005990 0.082294 -0.005555 -0.000424 -0.118072 0.031743 -0.049009 0.000041 -0.033159 -0.022541 -0.001429 0.007948 0.000026 -0.049149 0.002570 -0.006313 0.025588 -0.067195 0.044886 -0.002146 -0.002905 -0.002682 -0.039133 0.015432 -0.001000 -0.006036 -0.084403 0.000996 -0.133002 -0.022693 -0.001319 -0.058411 -0.191990 -0.140836 -0.001702 -0.001354 -0.068860 0.025034 0.014065 0.058755 -0.176873 -0.010136 -0.076662 0.000077 -0.060299 -0.000984 -0.090283 -0.044383 0.086982 -0.002848 -0.026076 -0.039119 -0.006303 -0.113158 -0.022980 -0.002841 -0.000761 0.001197 -0.000731 -0.003271 -0.073720 0.021025 0.006675 0.003914 0.065194 0.000936 0.008766 -0.001603 0.168033 -0.232443 -0.051221 -0.123273 0.011735 0.070332 -0.000648 -0.000363 0.025579 0.011539 -0.000967 0.005032 0.115348 -0.002005 -0.049786 -0.005413 -0.001199 0.008166 -0.010687 -0.166157 -0.017176 0.027853 -0.002129 0.098399 0.019190 -0.088675 -0.003112 0.000714 -0.018918 0.068867 -0.002647 0.006520 -0.016389 -0.001414 -0.021161 0.098776 -0.029161 0.018364 -0.101604 -0.043563 -0.021437 -0.000012 -0.001246 -0.018398 -0.009574 0.196788 -0.008996 -0.046695 -0.079247 0.045093 -0.022156 -0.037854 -0.217845 -0.011563 -0.105223 -0.000991 -0.002860 0.024932 -0.008481 -0.174426 -0.000515 -0.027669 -0.007272 -0.001069 -0.005854 0.014985 0.028060 -0.001694 -0.047714 0.069061 -0.108144 -0.000448 -0.008350 -0.002889 0.004583 -0.002179 0.014826 -0.119428 0.019884 -0.097068 -0.000008 0.015979 -0.002186 -0.003032 -0.051244 -0.001995 0.028688 -0.000556 -0.048380 -0.013086 -0.001686 -0.103406 0.151694 0.002431 -0.001208 0.127959 0.000529 0.002902 -0.097658 -0.097846 0.004855 -0.004097 -0.002038 -0.045434 -0.023486 0.041760 0.022535 -0.058883 -0.001353 -0.005489 -0.001340 0.015224 -0.002310 0.150543 0.047665 0.039211 -0.002013 0.166935 -0.143610 0.012015 0.195192 0.003527 0.129679 0.019072 -0.000616 0.011729 0.077232 0.078688 -0.000434 -0.013749
-0.017995 -0.004665 -0.017044 0.000062 0.002392 -0.006988 -0.003795 -0.002719 -0.005803 0.003582 -0.003151 -0.009517 -0.020119 -0.013639 -0.001634 0.003316 0.001179 -0.008707 -0.002568 0.003336 0.000504 0.011474 -0.009302 0.000947 0.006446 0.004016 -0.001894 -0.012608 0.000324 0.002241 -0.015683 0.001651 -0.001059 -0.014908 0.015962 -0.015536 -0.034102 -0.002147 -0.003332 -0.028131 -0.005195 -0.003409 -0.000858 -0.002127 -0.012516 -0.033403 0.000513 0.002404 -0.017510 -0.004177 -0.016755 0.000729 -0.003550 -0.001139 -0.002096 -0.002419 -0.002072 -0.005505 -0.026698 0.004451 -0.003055 -0.000412 -0.026871 -0.020831 -0.035993 0.002035 -0.039453 -0.001320 0.002704 0.008406 -0.007949 -0.016693 0.001379 0.011218 -0.000677 -0.009848 -0.012224 0.021239 -0.001380 0.005494 -0.020711 0.000501 0.003191 0.000466 -0.016349 0.000354 -0.007664 -0.032620 0.006765 -0.026911 -0.052516 -0.033935 0.002573 -0.003202 -0.019015 0.006473 0.004099 0.001382 -0.003035 -0.003350 -0.010874 -0.003464 -0.016539 -0.004510 -0.015725 0.003676 -0.013873 0.000021 -0.023291 -0.005746 -0.041585 -0.008709 -0.012488 -0.000388 -0.002831 0.010249 -0.000952 -0.001756 -0.051686 0.013023 0.003823 -0.003751 0.014478 -0.006620 0.004032 0.001267 0.007815 -0.022039 -0.019369 -0.014894 -0.021610 -0.016892 -0.000019 0.002971 0.019248 -0.021494 -0.001351 0.005903 -0.003517 -0.001997 -0.022504 -0.005975 0.005388 -0.002437 -0.002316 -0.000336 -0.029450 0.008295 0.002587 0.000941 -0.001081 0.008740 0.002188 -0.002698 -0.001315 -0.018076 0.000472 -0.018245 0.001884 0.003258 -0.010830 -0.005798 -0.003231 0.009579 -0.016418 -0.018331 0.006584 -0.001952 0.000770 -0.018916 -0.005053 0.001422 -0.006771 -0.005525 -0.060161 -0.015780 -0.013434 -0.002236 -0.035531 0.003332 -0.005341 -0.000095 -0.001815 -0.026181 0.012358 -0.022096 0.000671 0.013490 -0.004352 -0.002257 -0.036968 0.016232 0.008874 0.001752 -0.049800 -0.000404 -0.025074 -0.001078 -0.024811 0.000478 -0.004207 0.000620 0.002214 0.004446 -0.005705 -0.025511 0.000431 -0.001072 0.001940 0.000007 -0.006962 0.003538 -0.012636 -0.000430 -0.013016 0.004460 -0.000707 -0.023766 -0.002960 -0.001755 -0.001011 0.013036 0.000363 -0.000739 0.001962 -0.021566 -0.006930 0.000406 0.001941 -0.020917 0.005750 -0.001232 -0.007609 -0.008303 -0.000693 -0.001548 0.000655 -0.033166 -0.003401 -0.000551 -0.008880 -0.019578 0.003157 -0.006606 -0.037751 -0.010326 -0.006665 -0.007171 -0.001131 -0.000593 0.001603 -0.000388 0.000889 -0.016615 -0.001331 -0.004009
-0.088510 -0.000137 0.154567 0.077572 -0.130002 0.090615 0.028947 -0.000936 0.000007 -0.002364 -0.000646 0.015104 0.126732 0.213133 -0.001155 -0.250756 -0.001122 -0.001222 -0.003366 -0.002456 -0.000529 0.120777 0.068455 -0.110694 0.151180 -0.001692 -0.001857 -0.028175 -0.001445 -0.029925 0.245856 -0.115642 0.000650 0.332094 -0.013670 -0.036424 0.087685 -0.048201 -0.042405 -0.026719 -0.080370 0.056254 0.000254 -0.000700 -0.002736 -0.225856 0.001045 0.315104 -0.001690 0.099761 -0.000659 0.000052 -0.079619 0.000082 -0.002249 0.003387 0.093878 -0.001410 -0.057407 0.247730 -0.001424 -0.003118 0.240206 0.186928 0.024957 -0.001671 -0.306656 -0.299992 -0.000512 0.026385 -0.000860 0.135648 -0.001784 0.193013 -0.019352 0.092477 0.029027 0.021921 -0.000921 -0.000245 -0.212320 0.020809 -0.002851 -0.002697 0.036112 -0.002354 0.050872 -0.123627 -0.000471 -0.068116 -0.178951 -0.114308 -0.002277 -0.001970 0.056995 -0.041435 -0.001251 0.003159 -0.096203 -0.002501 0.252915 0.002611 -0.130618 -0.001036 -0.022230 -0.082051 -0.013325 -0.000952 -0.142298 -0.074424 0.035478 0.123873 -0.179837 -0.001688 -0.002546 -0.002557 -0.000761 -0.000465 -0.217215 -0.006620 0.135946 -0.026748 -0.095590 -0.020521 -0.096285 -0.000027 0.019795 0.060034 -0.278215 0.008268 -0.312347 -0.160454 -0.003352 -0.000774 0.039637 -0.147756 -0.003149 0.255619 0.150619 0.000760 0.140761 0.001570 -0.001129 -0.010724 0.000948 -0.176756 0.056711 -0.148297 -0.001926 -0.014089 -0.002500 0.318413 -0.001117 -0.000016 -0.001550 -0.026697 -0.001148 0.003086 0.000173 -0.001012 0.087959 0.356516 0.004980 -0.002061 -0.233579 0.143989 0.013150 -0.003364 -0.001252 0.194023 0.245527 0.192571 -0.002231 0.206871 -0.120436 0.149208 -0.002402 0.033234 -0.277677 -0.001528 0.188098 0.000644 0.000973 0.049538 -0.003304 -0.132346 -0.001858 0.257004 0.002239 -0.001311 0.157819 0.002060 -0.074095 -0.001292 -0.199267 0.169643 0.041458 0.002032 0.215674 -0.002513 -0.002203 -0.002403 0.611649 -0.004728 -0.000137 0.177237 -0.001818 0.027202 -0.000579 -0.002748 0.105219 -0.000876 0.194067 0.000762 -0.059530 0.072772 -0.002304 0.097043 0.101849 -0.000335 -0.000142 0.524924 -0.001224 -0.001052 -0.011921 -0.032508 -0.000012 -0.003191 -0.002021 0.006654 0.153133 0.085140 -0.019833 -0.088374 -0.001074 -0.000549 -0.001439 -0.121838 -0.000926 0.306042 0.248364 -0.102719 0.000855 0.016059 -0.118725 0.038128 -0.098796 -0.062521 -0.130595 0.063156 0.033918 0.089305 -0.052341 0.195929 -0.001164 -0.001479
-0.247147 0.007943 -0.142905 -0.483155 -0.046772 0.300946 0.006471 -0.000590 0.001424 0.006745 -0.001868 -0.339612 0.062027 0.073890 -0.000020 0.889107 -0.001623 -0.007920 0.010492 0.003519 0.003111 0.074394 0.036606 -0.339410 0.500842 0.045021 -0.000510 -0.038242 -0.001329 -0.031234 0.497870 -0.055171 -0.005640 -0.465627 -0.216627 -0.081822 -0.198712 -0.156760 0.139897 0.469436 -0.159195 0.028070 -0.001178 -0.001039 -0.016430 0.473155 0.002462 0.117210 0.071847 -0.159624 -0.005493 -0.001376 0.083954 0.000984 -0.000455 0.009464 -0.019920 0.002721 -0.542955 0.366649 0.013794 -0.001249 -0.492703 0.238587 -0.117430 0.001425 0.511146 -0.174086 0.005813 -0.020649 -0.002587 -0.099876 -0.002923 -0.023143 0.352992 0.172720 0.110729 0.011813 -0.004685 0.008689 0.597695 -0.026977 -0.011394 -0.006662 -0.118015 0.002497 0.221096 0.312872 0.000675 -0.392435 -0.362817 0.258305 0.000737 -0.000186 -0.243765 0.046861 0.017331 0.539412 0.053859 -0.017417 0.214820 -0.005324 0.189137 -0.010433 0.010098 0.171990 -0.002559 -0.002950 -0.454471 0.250374 -0.269077 -0.178622 0.068402 0.003304 -0.001651 -0.024694 -0.000449 -0.002430 0.734508 -0.033567 0.039219 -0.513233 -0.380436 0.023238 0.089385 0.001165 -0.064135 -0.393987 0.231987 0.093210 -0.115578 0.323989 0.000540 -0.002618 0.107013 -0.587706 -0.002561 0.000059 -0.094850 -0.002707 -0.115267 -0.016075 0.002185 -0.026161 0.004975 0.220270 0.059173 0.109305 -0.001142 0.167391 0.050590 0.044170 0.001271 0.003249 0.015800 0.034913 -0.000960 0.023560 0.008339 -0.002063 -0.058545 0.222470 -0.287962 0.187618 -0.024890 0.078344 -0.305548 -0.000514 0.004207 -0.242403 -0.079536 -0.209852 0.005073 0.849521 0.015539 0.026654 0.010060 -0.021960 -0.222645 -0.055810 -0.108870 0.000329 0.001451 -0.345057 -0.004777 -0.215927 0.003478 -0.030720 -0.004106 0.002391 0.298940 0.012579 0.068892 -0.002916 0.175033 -0.062144 -0.415229 -0.003305 -0.404384 0.003203 0.001480 -0.002246 -0.253064 -0.249737 -0.081204 -0.292320 -0.001252 -0.188346 -0.000431 0.000782 -0.292302 0.001223 0.629588 -0.001992 0.114330 -0.341060 0.001340 -0.591991 0.507766 -0.005324 0.002569 -0.022798 -0.000834 0.003441 -0.029265 -0.328387 -0.019548 0.005209 0.000262 0.124432 0.430789 0.082579 0.050968 -0.504970 -0.016678 0.008932 -0.001902 -0.151150 -0.000607 0.067803 -0.332752 -0.049869 -0.003216 -0.114833 -0.012151 0.003560 -0.061820 -0.032092 0.120893 0.098534 0.021939 -0.074153 0.531151 0.053210 -0.000839 0.022758
-0.000094 -0.000553 0.000179 -0.002664 -0.001867 -0.000208 -0.000732 0.001010 -0.000171 -0.001746 -0.000703 -0.001098 -0.000653 -0.000704 0.000315 -0.000729 -0.000860 -0.000532 -0.000727 -0.002614 -0.003075 0.000869 -0.003160 -0.001712 -0.001848 -0.001124 -0.001494 -0.001783 -0.000421 -0.007278 -0.003216 -0.000709 -0.001388 -0.000410 -0.001876 -0.007514 -0.000516 -0.003982 -0.001239 -0.005185 -0.000912 0.000184 -0.001020 -0.002897 -0.000072 -0.001422 -0.001472 -0.001934 -0.002813 -0.000158 -0.001384 -0.001012 -0.002951 0.000978 0.000775 0.000819 -0.000032 -0.001428 -0.002633 -0.000975 -0.000342 0.000434 -0.001478 -0.000969 0.000536 -0.000978 -0.007962 -0.000205 -0.001078 -0.001520 0.001099 -0.001317 0.000142 -0.003142 -0.001074 0.000833 -0.001664 -0.003185 -0.001879 -0.002683 -0.002345 -0.001285 0.001406 -0.002069 -0.002948 0.000901 -0.000305 -0.010039 -0.000005 -0.001981 0.000411 -0.001608 -0.001328 -0.001780 -0.000466 -0.006454 -0.002035 0.000051 -0.000557 -0.000362 0.001097 -0.000999 -0.002911 -0.002670 -0.000712 -0.002020 -0.000017 0.000531 -0.006686 -0.003235 -0.001009 -0.000875 -0.011379 -0.000680 -0.000829 -0.003187 0.001196 -0.001511 -0.006954 -0.000501 -0.000249 -0.000863 -0.001699 -0.000965 -0.002167 -0.003350 -0.003271 -0.001109 -0.002183 -0.002339 -0.010089 -0.001526 -0.003247 -0.000799 -0.000441 -0.002646 0.001553 -0.000802 -0.000136 -0.002595 -0.008312 -0.003329 -0.001514 -0.007671 -0.001530 0.000782 -0.001319 -0.002947 -0.001356 -0.003108 -0.001021 -0.001431 0.000788 -0.000477 -0.002871 -0.010646 -0.000113 -0.001454 0.000823 -0.002192 0.001504 -0.000733 -0.001216 -0.000241 -0.001251 -0.001658 -0.002772 -0.000948 0.001174 -0.003018 -0.000053 -0.000592 -0.001696 -0.001562 -0.005504 -0.002085 0.000654 0.001312 -0.010147 -0.000804 -0.002834 -0.000834 -0.000013 -0.002843 0.000004 -0.007018 -0.000889 -0.002211 -0.000920 -0.000529 -0.008781 0.001556 -0.000045 0.000034 -0.007316 0.000587 0.000233 -0.000640 -0.000109 0.001110 0.000525 0.000646 -0.002261 -0.006436 -0.003241 -0.006838 -0.002606 -0.001412 0.000977 -0.000503 -0.004555 -0.000944 -0.000946 0.001186 -0.001902 -0.001270 -0.000005 -0.000440 -0.002885 -0.001709 -0.000384 -0.001663 -0.000997 0.001694 -0.001775 -0.001904 -0.000666 -0.001354 -0.000765 -0.000007 -0.001433 -0.001299 -0.001161 -0.002664 -0.000571 -0.001252 0.000367 -0.001146 -0.000696 -0.003212 -0.001523 -0.000703 -0.001391 -0.001121 0.001195 -0.007217 -0.003061 -0.003026 -0.000990 -0.000164 -0.001136 -0.002569 -0.001266 0.000990 -0.002421 -0.000495
0.114001 -0.003821 0.575402 -0.004439 0.154414 0.032250 -0.002960 0.001608 0.000027 -0.006668 -0.003005 -0.291037 -0.048024 -0.044690 0.001827 0.068515 -0.002749 -0.005775 0.001414 -0.002058 0.000526 0.322184 0.105142 -0.145469 -0.118391 -0.056521 -0.000997 -0.004274 0.001196 -0.001486 0.210680 -0.012341 0.002437 -0.136441 0.180749 -0.156449 -0.338959 0.234710 0.031198 -0.193896 -0.224466 0.085495 -0.001324 -0.002477 0.059601 -0.069889 0.001181 0.047854 0.026014 -0.027480 0.002229 -0.001092 0.089494 0.001833 -0.002946 0.006631 0.029562 0.001681 0.001456 0.072564 0.001086 -0.001460 -0.161819 -0.054202 -0.042113 0.000575 -0.317137 0.063745 -0.001176 -0.019861 -0.001787 -0.322651 -0.002865 0.048621 -0.083073 0.207073 -0.054347 -0.075402 0.001253 0.005930 0.048668 0.001843 -0.000862 -0.002838 -0.630660 -0.002935 0.326749 0.434597 -0.000530 -0.299819 -0.084290 -0.078760 -0.001679 0.002739 0.263283 0.259642 0.071237 0.234770 -0.103666 0.004817 -0.127006 -0.000530 -0.036579 -0.002409 0.183898 -0.109133 -0.003199 -0.000844 -0.332473 -0.022467 -0.016214 0.196554 0.141166 -0.000770 0.002333 -0.006755 -0.001803 -0.001586 -0.223935 -0.018403 0.166128 -0.027046 0.233026 -0.005091 0.063570 0.001783 0.070030 -0.228729 -0.094818 0.031588 -0.274861 -0.086995 -0.002083 -0.000437 -0.053932 0.074552 0.001107 0.150157 0.038595 -0.000887 0.014863 -0.026381 0.002465 -0.018213 0.001375 -0.201051 -0.174909 -0.120910 0.000501 0.547802 0.018879 0.213692 -0.002927 0.001956 0.001861 0.059403 0.000056 -0.010075 -0.001950 -0.000743 0.244245 -0.170415 -0.129679 -0.129656 -0.081983 -0.301674 0.133867 -0.001009 0.002538 -0.094577 0.031307 0.013969 -0.002125 0.016768 -0.231089 -0.114934 -0.001587 0.053141 -0.513574 -0.005704 -0.103889 0.003129 0.001277 0.124168 -0.008982 -0.207939 -0.001968 0.220787 0.004466 -0.000928 -0.056598 -0.002233 0.015671 -0.003042 0.093996 -0.004122 0.005908 0.002819 -0.113017 0.000197 0.004847 -0.001788 0.065960 -0.169739 0.053671 -0.345664 -0.000027 -0.030620 -0.003431 0.000249 -0.099849 0.000276 0.046477 0.000676 -0.258340 0.069545 0.000050 -0.220139 0.374637 -0.000556 -0.001114 -0.128662 -0.000916 0.001171 -0.172756 -0.181931 0.003673 0.003462 0.002362 0.096833 -0.003555 0.151792 0.097698 0.182900 0.003247 -0.009810 0.002819 -0.114505 -0.001221 0.150542 -0.230078 0.399281 -0.000180 0.019706 0.048349 0.024678 0.280020 -0.004225 0.290439 0.097938 0.036368 -0.233463 0.239799 -0.161172 -0.002842 -0.005379
-0.014762 0.002758 0.014011 -0.011123 0.007537 -0.004532 -0.002157 0.003042 0.002772 -0.002343 0.002658 -0.017131 0.007367 0.000767 0.000072 -0.007630 0.002746 -0.002371 0.002457 -0.002598 0.000048 -0.000560 0.000470 -0.003465 0.002062 -0.001191 -0.000876 -0.003116 -0.000859 0.002447 -0.003110 -0.023947 0.001864 -0.000835 -0.001620 -0.013921 -0.004999 -0.008826 -0.014217 -0.006883 -0.003700 0.011132 0.001544 0.001131 -0.003658 -0.032047 -0.000548 0.000866 -0.003412 0.002352 0.000904 0.001312 -0.001823 -0.001010 0.000802 -0.001263 0.002347 0.001373 -0.013629 -0.000223 -0.000850 -0.002633 -0.011249 -0.005455 -0.013632 -0.000462 -0.023552 -0.013742 -0.002334 -0.018664 0.003432 -0.005631 -0.000079 -0.000637 0.010423 0.003291 -0.002975 -0.011585 -0.001524 -0.003147 0.009289 0.001218 -0.000836 -0.002283 -0.007503 0.001321 -0.005330 -0.014306 0.001997 -0.013025 -0.018970 -0.011143 0.000262 0.002566 -0.014945 -0.007438 -0.004845 0.015638 -0.002684 -0.008211 -0.008317 -0.003613 -0.018857 0.005002 -0.005509 -0.013039 -0.002460 0.000137 -0.007159 0.001677 -0.007105 -0.005407 0.001600 -0.002518 -0.001236 -0.012994 -0.001427 -0.000091 -0.012330 -0.004546 0.001153 -0.015761 -0.009263 0.000509 -0.013998 0.000937 0.000529 -0.013604 -0.024509 -0.012232 -0.000941 0.001424 -0.001225 0.003152 0.006981 -0.018812 0.002020 -0.003818 0.003253 0.001623 -0.024034 0.000064 -0.003522 0.002954 0.000558 0.004991 -0.009304 0.019414 0.002775 -0.002661 0.009465 -0.001975 -0.000228 -0.000299 0.001210 -0.000194 -0.003036 0.006221 -0.000222 0.000183 -0.006911 0.008357 -0.002280 -0.003881 -0.019071 -0.002398 -0.010062 0.002062 -0.001640 -0.009801 -0.000511 0.000269 0.004740 -0.002020 -0.013409 -0.011318 -0.006362 -0.007773 -0.012065 -0.001486 -0.032637 0.000156 0.000022 -0.005039 0.000234 -0.014829 0.003569 -0.009292 -0.000239 0.000246 -0.008669 -0.002703 -0.004034 0.000376 -0.026946 -0.001738 -0.000210 0.000553 -0.006214 -0.001428 -0.001791 0.000304 -0.001529 -0.008636 -0.002620 -0.011198 0.000550 0.000882 0.003355 0.001680 -0.014548 -0.000576 0.003824 0.000687 -0.010927 -0.003600 0.000920 -0.009279 0.022689 -0.001785 -0.001406 -0.010127 0.002180 0.001456 0.000067 -0.008048 0.004931 -0.002501 -0.000244 -0.013016 -0.009321 0.001580 0.008390 -0.004282 -0.000312 -0.001852 0.000880 -0.023364 0.003637 -0.011213 -0.010207 0.003523 -0.001180 0.011248 -0.017210 0.002795 -0.001903 -0.006026 0.000178 0.006876 -0.020135 -0.003868 0.008589 -0.009042 -0.000422 0.000073
-0.006127 -0.000267 0.025512 -0.023483 -0.038215 0.013035 0.000762 -0.000911 0.008911 -0.000767 -0.000712 -0.022813 -0.026376 -0.002025 -0.000257 -0.014715 -0.001164 0.012384 -0.013404 -0.003181 -0.002676 0.000218 0.030246 0.013459 -0.022846 -0.005881 -0.003393 0.003741 -0.011477 -0.011937 -0.010530 0.006378 -0.000010 0.002286 -0.004927 -0.033448 -0.040061 0.025877 -0.014793 -0.064795 -0.043246 0.009465 -0.000208 -0.000736 0.041242 -0.036685 -0.000250 0.012775 -0.001343 -0.002303 -0.005139 -0.000521 -0.011733 0.002998 -0.000326 0.004221 0.020313 -0.009014 -0.025167 -0.002484 -0.010431 -0.000975 -0.021751 -0.032990 -0.036068 -0.003026 -0.043913 -0.006175 -0.001333 0.018958 -0.003222 -0.059402 -0.002984 -0.001782 -0.000952 -0.016702 0.010883 0.008642 0.001487 -0.000558 -0.028612 -0.002986 -0.008105 -0.002020 -0.025664 0.006311 -0.009878 0.014410 -0.011967 -0.021843 -0.054496 -0.009162 -0.000638 -0.001009 -0.038302 -0.013462 0.017122 -0.010010 0.006408 -0.011500 -0.015154 -0.013759 -0.051963 -0.002705 -0.007433 -0.033750 0.019730 -0.001054 -0.003587 -0.009824 -0.022628 -0.075396 -0.058913 -0.000988 0.004006 -0.012015 -0.002117 -0.002169 -0.023237 0.017077 -0.011707 -0.025514 -0.009285 -0.010283 -0.025312 -0.003420 0.016807 -0.028878 -0.033753 -0.050323 -0.070122 -0.000238 -0.003347 -0.000768 -0.023625 -0.035245 0.001261 -0.013061 -0.029790 -0.001524 -0.046470 0.008548 -0.002934 -0.005656 0.008297 -0.003242 -0.066517 0.040663 -0.000798 0.013100 0.011768 -0.004000 0.005914 0.001219 0.015390 -0.020570 0.000746 -0.009478 0.010234 -0.002035 0.000697 -0.012981 -0.020985 -0.027427 -0.026118 -0.005627 0.011651 -0.000663 0.001820 -0.021197 0.011344 0.010043 0.001792 -0.006358 -0.049200 -0.007296 0.016028 -0.006140 -0.068201 0.004669 -0.025038 -0.000544 -0.000936 -0.027825 -0.024796 -0.029537 -0.003003 -0.007780 -0.000987 -0.001198 -0.021272 0.011863 0.000277 0.002839 -0.015834 0.038843 -0.034394 -0.003346 -0.010087 -0.000205 0.012425 0.002964 0.010366 0.001811 -0.015819 -0.032205 -0.003328 -0.011925 0.000291 -0.000467 -0.010566 -0.002320 -0.005418 -0.000504 -0.021584 -0.016260 -0.002321 -0.010906 0.024855 0.010860 -0.002032 -0.021774 -0.000435 0.003118 0.026848 -0.070176 0.007674 0.014606 -0.002177 -0.023231 -0.021921 0.022043 0.000362 -0.025057 -0.002216 -0.012640 -0.012606 -0.027780 -0.000829 0.004599 -0.029215 0.005865 -0.000316 -0.002522 -0.006747 -0.012430 -0.011541 0.002909 -0.007648 0.008888 -0.001723 0.017257 0.000918 -0.006195 -0.001027 0.011537
-0.007628 0.007545 0.000702 -0.008985 -0.011771 -0.016428 -0.002997 0.001715 0.001463 -0.000155 -0.001486 -0.017839 0.004140 -0.013059 -0.000897 -0.008118 0.003308 0.006227 -0.005012 -0.002784 -0.000122 -0.017266 -0.000606 -0.008120 -0.018137 -0.009794 -0.001629 0.028244 -0.002889 -0.021327 0.001837 0.000262 -0.000117 -0.005769 -0.003115 -0.021712 -0.017070 -0.015445 -0.026547 -0.023237 -0.035358 -0.010792 0.001667 0.002851 -0.000779 -0.014556 -0.004383 -0.003716 0.009320 -0.010312 0.009019 -0.002608 -0.003734 0.000380 0.003279 -0.007063 0.009445 0.001258 -0.014014 0.001216 0.000981 -0.006628 -0.013866 0.001822 -0.024430 -0.002211 -0.042481 -0.015541 -0.000191 -0.012285 0.004173 -0.040488 0.001935 0.003273 -0.020372 0.004723 -0.002438 -0.001871 0.001775 -0.000280 -0.001939 -0.001888 -0.001154 -0.011700 -0.031718 -0.001422 -0.022249 -0.048552 -0.001635 -0.045905 -0.034109 -0.027350 -0.000499 -0.001740 -0.040600 -0.009514 -0.021784 0.002373 -0.023066 0.000328 0.004770 -0.003019 -0.024343 -0.003709 -0.015765 -0.006671 -0.000103 0.002771 -0.024825 -0.004559 -0.005456 0.003917 -0.026281 -0.003079 0.000905 -0.007964 -0.000660 0.001847 -0.005344 -0.004394 -0.003621 -0.007623 0.005688 -0.023865 -0.005227 -0.003246 -0.001259 -0.000225 -0.016103 -0.015722 -0.003769 -0.033263 -0.001942 -0.000740 -0.003578 0.001545 0.001359 0.007411 0.042812 0.002974 -0.022599 -0.005480 0.003410 -0.006672 -0.005552 -0.007375 -0.018191 -0.007181 0.003382 -0.010921 -0.003669 -0.003490 -0.003566 0.003403 -0.000239 -0.006524 -0.000460 -0.010919 -0.003492 -0.000247 -0.009905 -0.011860 0.020840 -0.005203 -0.023622 -0.010408 -0.016251 0.003417 0.001320 -0.012311 -0.002332 0.002783 -0.005638 -0.006457 -0.014530 -0.009819 0.001699 -0.004766 -0.044394 -0.001816 -0.014918 -0.003300 0.000976 -0.008446 0.000257 -0.026237 -0.002263 -0.013729 0.000776 -0.003062 -0.004774 -0.003157 -0.017259 -0.000957 -0.055553 0.008550 -0.014363 0.002713 -0.005349 -0.000136 0.008167 -0.003663 -0.005525 0.001716 -0.001645 -0.056397 -0.001217 0.003546 -0.000004 -0.001720 -0.015275 -0.001835 -0.008663 0.002529 -0.002898 -0.002422 0.001552 -0.029241 -0.002241 -0.001479 -0.000541 -0.036120 -0.001522 0.000429 -0.007705 -0.009673 0.004070 0.012978 -0.000035 0.008240 -0.009494 -0.010507 -0.004241 -0.011739 -0.000017 0.000521 -0.001925 -0.030085 -0.001749 -0.000952 -0.010078 -0.021467 -0.003014 -0.039935 -0.018992 0.008193 -0.028985 -0.017283 0.014678 -0.006455 0.002321 0.004916 0.014967 -0.008008 0.001003 -0.007619
-0.541548 -0.000840 0.086725 -0.146656 0.109941 0.054074 0.011310 0.001234 0.003618 0.000092 0.000833 0.534725 0.353233 0.084809 -0.001238 0.217207 0.000230 -0.011828 0.000756 -0.002526 0.001889 0.176256 0.196182 -0.382450 -0.101962 -0.031172 0.000298 0.024633 0.003469 0.008932 0.369662 0.070230 -0.003380 -0.195346 -0.060902 -0.201079 0.519008 -0.072919 -0.056162 0.391358 -0.169031 0.104822 0.002458 0.001174 -0.064837 -0.447795 -0.001793 0.032017 0.127198 0.376903 0.002743 -0.000363 0.389367 -0.002904 0.002957 -0.011225 0.273174 0.000330 0.073576 0.437876 0.000999 0.000440 -0.283206 0.367759 -0.255041 -0.002992 0.417934 0.581705 -0.000453 -0.011883 0.011239 0.101119 0.001450 0.364015 -0.334196 0.038765 0.133022 -0.478243 -0.004501 -0.007292 0.234254 -0.057569 0.003024 -0.032338 -0.034904 -0.002680 -0.106138 0.245845 -0.001046 0.376303 0.017923 0.257491 -0.002906 0.003518 -0.867520 0.095043 0.126897 -0.211178 -0.104952 -0.007677 -0.114740 0.001842 -0.696139 0.010999 -0.157017 0.363565 0.082913 0.002558 -0.016788 0.380547 -0.326591 0.168617 -0.335936 -0.001581 0.000686 0.020203 -0.000769 -0.000857 -0.248945 -0.021591 0.043009 -0.120912 0.179849 0.004956 -0.257307 -0.001908 0.055550 -0.636205 0.716796 -0.536689 0.064140 -0.296267 -0.000343 0.000679 -0.126480 -0.376102 0.001535 -0.226057 0.261038 0.003266 -0.243371 0.018183 -0.003357 -0.012467 -0.000111 -0.359813 0.223797 0.727052 0.000184 0.245376 0.036683 0.060772 0.003134 -0.001783 0.007482 -0.009347 -0.001869 -0.010593 0.008567 -0.002888 -0.468544 -0.181966 0.086961 -0.181807 -0.135427 0.040288 0.033873 0.001644 -0.002407 -0.296876 0.094200 -0.027831 -0.016006 -0.022400 -0.195734 0.088017 -0.009604 0.265397 -0.239794 -0.096876 -0.365079 0.002699 -0.000164 -0.556346 0.004242 0.062322 0.004049 -0.018089 0.002120 0.001233 0.391376 0.007834 0.079349 0.000031 -0.086204 0.237709 0.021125 0.001760 -0.166286 -0.000919 -0.005490 -0.004506 0.287602 -0.086462 0.017776 -0.259899 -0.002722 -0.083850 0.002044 0.001860 -0.256538 0.000039 -0.482563 0.001241 -0.122669 0.122078 -0.000084 -0.297467 0.023168 0.002151 0.000391 0.804637 -0.000151 -0.002469 0.034173 0.097006 -0.009981 -0.017618 0.001172 0.101448 0.084836 -0.098328 0.282881 -0.341137 -0.005988 -0.010175 -0.000946 -0.280955 0.000589 -0.271605 0.426037 0.441709 0.002264 -0.018933 -0.136464 0.092774 0.239827 0.184256 0.200949 0.062524 -0.023169 0.433702 0.085419 0.238752 0.000749 0.033589
0.458175 -0.004626 0.520365 0.031444 0.242728 -0.377251 -0.001514 0.001900 0.001897 0.006926 0.001037 -0.283447 -0.442741 -0.293007 -0.000064 -0.163520 -0.001280 -0.004677 0.002376 0.000396 -0.000079 0.628939 -0.190757 -0.392884 0.679434 0.108069 0.001976 -0.015292 -0.000265 -0.027185 0.080652 0.385369 0.001755 -0.357370 -0.000708 -0.262426 0.193481 -0.006094 -0.725621 0.251872 0.404083 0.020598 0.000404 0.003260 -0.248242 -0.125574 -0.001799 -0.018596 0.004150 0.168079 -0.004692 0.002029 0.486303 0.001846 0.001083 0.010341 -0.136880 -0.002155 -0.374931 0.596792 0.000743 0.002325 0.048971 0.241180 -0.034875 0.001737 -0.172880 0.020148 -0.000836 -0.005307 0.001444 -0.231920 -0.001264 0.270215 0.832916 0.177354 -0.514990 0.123461 -0.001419 0.000974 -0.137423 -0.040844 -0.005065 0.005705 -0.335999 -0.001494 0.221246 0.184221 0.002402 0.105571 -0.114675 -0.293852 0.000515 0.000851 -0.166253 0.417000 0.016395 0.917229 0.040108 -0.002590 -0.056121 0.000598 -0.330560 0.009979 -0.012915 -0.155596 0.086688 0.000013 0.427895 -0.130438 -0.262575 0.505264 -0.336179 0.001270 -0.001954 -0.012831 -0.001734 0.000462 0.082049 -0.000991 0.094631 -0.006739 0.125753 -0.007063 0.602806 -0.000388 -0.011783 -0.629913 0.015749 -0.182610 0.211066 0.219504 0.002070 -0.000710 0.179484 -0.258297 -0.003245 -0.003123 0.082799 0.002247 -0.193734 -0.013435 0.004647 0.005983 -0.004683 -0.177631 -0.333863 -0.037980 -0.001747 0.304425 0.004436 -0.164842 -0.000134 -0.001070 -0.002280 0.107508 0.002599 0.005689 0.030583 0.001688 0.297217 0.200304 0.504110 0.113330 -0.303871 0.123164 -0.020688 0.000749 0.000104 -0.054514 0.127349 0.429338 0.013244 0.396771 0.164904 0.231445 -0.000664 0.012536 -0.495658 -0.005639 -0.007564 0.000958 -0.002399 0.021823 -0.000367 -0.158060 0.004188 -0.050165 -0.000264 -0.001250 -0.179644 -0.000212 -0.056172 0.000597 0.113527 -0.071445 0.096268 0.001551 -0.294631 -0.001412 0.000702 -0.002730 -0.030610 0.032507 -0.341273 -0.227381 0.002612 -0.037807 0.000043 0.001746 0.107184 -0.001080 0.268723 -0.000631 -0.422781 -0.610107 -0.000228 -0.059125 0.667432 -0.003110 -0.001759 0.060605 0.000389 -0.002777 -0.286312 -0.338029 -0.004445 -0.006428 -0.001806 0.222567 -0.014373 0.086463 0.499553 -0.032641 0.000539 -0.001796 0.002219 0.263834 0.002930 0.209795 0.058911 0.657922 0.002725 0.038170 -0.037770 0.013627 0.303401 -0.022023 0.207738 -0.062396 -0.012254 0.257470 1.044762 0.199199 0.001334 0.001337
-0.209925 -0.000344 -0.596417 -0.029411 -0.852297 0.245220 0.070407 0.001504 -0.004643 0.000615 0.003257 -0.248658 -0.702511 0.065430 0.000763 0.368912 0.000528 0.000568 -0.002544 0.001618 0.000007 -0.744732 -0.148432 0.757581 -0.266447 -0.071806 0.003660 0.018616 -0.006825 0.019449 -0.189863 -0.358499 0.003852 -0.308424 0.221563 -0.527697 -0.070622 -0.269597 0.142736 0.023409 -0.338120 0.332244 0.003415 0.003392 0.515088 -0.674061 0.000001 0.218188 -0.012930 -0.654521 -0.007346 0.001994 -0.349357 0.001988 0.001101 -0.019791 0.071757 -0.002634 -0.248852 -0.435914 -0.000338 0.003649 -0.272823 -0.009624 -0.057044 0.000833 -0.599907 -0.268074 0.000376 0.017483 -0.000925 -0.766233 0.003202 0.140861 -0.204104 -0.424967 0.638660 0.722464 -0.001233 0.013152 0.058935 -0.061999 0.014592 -0.029086 -0.359171 -0.008673 0.284313 0.087708 0.001633 -0.723346 -0.638238 -1.033207 -0.001911 0.002356 0.143877 0.039736 0.145993 -0.388042 -0.520661 -0.011827 -0.692868 -0.005661 -0.128950 -0.017488 0.486978 0.503137 -0.007546 0.002590 -0.745173 -0.087440 0.066922 0.338423 -0.483636 0.001218 -0.002426 0.027877 -0.000346 -0.000017 -1.105294 0.001881 0.146645 -0.571359 -0.098916 0.061205 -0.007908 -0.001464 0.059651 -0.232058 -0.202689 0.304544 0.092475 -0.492144 0.002013 0.000349 -0.059041 0.275860 -0.001933 -0.462845 0.294268 -0.000425 -0.857139 0.041021 -0.004404 -0.036722 0.073617 -0.326381 -1.137221 0.311642 0.000443 -0.003219 -0.002958 0.303851 0.003289 0.002239 -0.006197 -0.013081 0.003015 0.001413 0.007983 0.002938 0.231007 -0.362124 0.010402 -0.020573 0.510634 -0.766275 0.191044 0.000353 0.000664 0.424582 0.211170 0.405700 0.000794 -0.229109 -0.765541 0.142195 0.011730 -0.054201 0.010709 -0.001852 -0.322730 0.002708 -0.001835 -0.167800 -0.017564 0.362781 -0.001428 0.221456 -0.001908 0.002723 0.512432 0.018021 0.039631 0.002961 0.107724 0.166022 -0.433247 0.002064 0.586620 -0.001259 -0.005851 0.002573 0.156404 -0.032059 0.184113 0.099290 0.000235 -0.198810 -0.000047 -0.001718 -0.011279 -0.000747 0.718395 0.001491 -0.168098 -0.630269 0.002292 -0.561209 0.133089 0.012458 0.001140 0.269267 -0.001899 -0.000812 0.138621 0.758934 -0.001115 0.009032 0.000519 -0.056182 0.289467 -0.083926 0.409420 0.124535 0.002826 0.022267 -0.000255 -0.324816 0.000163 -0.023778 0.291634 -0.141763 0.000715 -0.116314 -0.315879 -0.034294 0.000787 0.424945 0.522296 0.364138 -0.010252 -0.315630 -0.436569 0.447938 0.003427 -0.003445
0.029524 -0.000082 0.007739 0.012196 0.077476 -0.004520 -0.018918 -0.001948 -0.000036 -0.000724 -0.000008 -0.003481 -0.040773 0.034992 -0.002425 -0.153233 -0.002543 -0.003042 -0.000840 -0.000548 -0.002135 -0.028775 -0.043260 -0.012584 0.007923 0.013031 0.001709 0.088988 -0.011008 -0.047861 -0.038087 -0.083488 -0.000472 -0.127700 -0.010920 -0.097134 0.112746 -0.071371 0.057001 -0.130579 -0.006038 0.091083 -0.002996 -0.000274 -0.001588 -0.081136 -0.001975 -0.150189 -0.019556 -0.028399 -0.003090 -0.002656 -0.078076 0.001707 -0.000854 -0.002346 -0.078042 -0.000206 -0.076016 0.063352 -0.001698 -0.000682 0.026450 -0.021648 -0.097573 -0.000555 -0.096676 -0.124227 -0.000524 -0.019824 -0.000700 -0.152351 -0.002458 0.015951 -0.054831 0.083752 -0.089923 -0.064595 -0.000547 -0.000937 -0.084791 -0.072276 0.006060 0.044063 -0.109276 0.000365 -0.081773 0.052951 -0.001391 0.094136 -0.154268 -0.163342 0.000002 -0.002574 -0.149220 0.034454 -0.014276 -0.011626 -0.032855 0.010001 -0.080278 -0.002676 0.057798 -0.002833 -0.101277 -0.033233 -0.062084 -0.001638 -0.048363 -0.123828 0.039605 -0.052628 0.065749 -0.000884 -0.003254 -0.003253 0.000036 -0.003111 -0.051947 -0.040406 0.062894 -0.073174 0.068271 -0.028399 -0.009261 -0.001526 0.013265 -0.002004 -0.120983 -0.264327 -0.208414 -0.062152 -0.000552 -0.000044 -0.067518 -0.046402 -0.001801 -0.079224 0.013375 -0.003433 0.016099 0.021285 -0.001525 -0.018189 -0.000834 -0.117779 -0.020091 0.054069 -0.000295 0.137837 -0.009097 -0.002135 -0.000291 0.003348 -0.001646 0.033383 -0.002515 -0.015444 -0.003362 -0.000897 -0.016970 -0.055174 0.035844 -0.002068 -0.206552 -0.062153 -0.007206 -0.001220 0.002863 -0.047567 -0.067576 0.010873 -0.002415 -0.109214 -0.287929 -0.043999 -0.000941 -0.118156 -0.194110 0.001386 -0.112045 0.000682 -0.001259 0.006565 0.029415 -0.007267 -0.000910 -0.016862 -0.001261 -0.000017 -0.005227 -0.001735 -0.047323 -0.001493 -0.065809 0.079176 0.036431 -0.003306 -0.114128 0.001981 -0.001151 0.002863 0.067386 -0.254391 -0.063701 -0.056033 -0.001667 0.042339 0.002416 -0.000263 -0.105155 -0.000173 -0.007270 -0.002189 0.163313 0.007305 -0.002913 -0.251991 -0.001471 -0.000244 -0.000685 -0.022701 -0.001505 -0.002894 -0.165571 -0.090840 -0.000342 -0.003676 -0.000112 -0.136190 -0.049627 0.136067 -0.057249 -0.022173 -0.002123 -0.003306 -0.007757 0.109932 -0.002924 -0.066249 -0.127929 0.025073 -0.001910 -0.038069 0.008705 0.064298 -0.013697 0.033288 0.045705 -0.061402 -0.026118 0.009877 0.007014 0.026830 -0.001913 -0.000228
-0.014285 -0.001803 0.044711 -0.021446 -0.074762 -0.017480 -0.009694 -0.001426 -0.001006 -0.000554 -0.001975 0.013520 0.006452 -0.065071 0.001003 0.122303 -0.001497 -0.007779 -0.002551 -0.002809 -0.000550 0.008837 0.087979 -0.031326 -0.009813 0.027596 -0.002798 0.019942 -0.002249 0.022511 -0.002868 -0.047123 -0.001806 -0.080475 -0.039273 0.158693 -0.095712 -0.009538 -0.024962 0.011739 -0.081412 -0.000892 0.000053 -0.002837 0.139274 -0.302043 0.030940 0.001126 0.003842 -0.053713 0.002837 -0.001265 -0.036337 -0.000854 -0.001067 0.009892 0.028306 0.003200 -0.033333 0.037317 -0.008434 -0.001005 0.082966 -0.030252 -0.084742 -0.001087 -0.160666 -0.037456 -0.000417 -0.006963 0.034368 -0.209308 -0.002846 0.009669 -0.002208 -0.126854 0.033881 -0.016384 -0.002002 -0.007654 0.026152 0.077921 -0.014698 -0.005279 -0.052850 -0.000695 0.062796 -0.118153 -0.003364 -0.106905 -0.085300 -0.217544 0.000054 0.000054 -0.225758 -0.038969 0.071348 -0.032264 -0.106016 -0.007424 0.049077 0.003254 -0.063088 -0.000299 0.009346 0.007338 0.143603 -0.001012 -0.006051 -0.036955 0.058334 -0.007154 -0.092523 0.001266 -0.003081 -0.013313 -0.000625 0.000410 -0.193241 0.031115 0.022046 0.038948 0.035377 0.020567 0.056600 -0.000994 -0.027552 -0.060373 -0.123467 -0.117796 -0.020601 -0.009778 -0.002139 -0.001364 0.026997 -0.053857 0.001595 0.052135 0.054775 -0.001330 -0.125558 -0.051220 -0.000424 -0.009308 -0.003506 0.052471 -0.179362 -0.075413 -0.000191 0.077186 0.033580 -0.019300 -0.010697 -0.003053 0.027703 0.006715 -0.000394 -0.003171 0.025237 -0.000227 0.125049 0.072436 0.084729 0.114151 -0.236291 0.011790 -0.080888 0.000289 -0.002401 -0.210471 0.083731 -0.022677 -0.001458 0.008990 -0.308299 0.022305 -0.011738 -0.039636 -0.234459 -0.011569 0.102878 0.000013 -0.001086 -0.017609 -0.009222 -0.057240 -0.002430 0.019113 -0.002996 -0.002699 -0.009498 0.013055 0.036139 -0.000638 0.096356 0.127360 -0.043827 -0.002827 0.020472 -0.001526 -0.006901 0.002368 0.109922 -0.068818 0.051722 0.023613 -0.000576 0.074899 -0.002017 -0.002852 -0.030647 -0.000721 0.122956 -0.003301 -0.022137 0.090709 -0.000348 -0.048641 -0.056023 0.016541 -0.003009 -0.159581 0.000226 -0.000308 0.008977 0.022720 -0.007620 -0.010747 -0.001950 0.019525 -0.172578 -0.007636 -0.001025 0.071832 -0.001020 0.010056 -0.001473 0.000232 -0.002341 -0.043952 0.044836 -0.018148 -0.000569 -0.037395 -0.085706 0.014825 -0.155312 0.032114 0.021293 -0.092519 -0.004029 -0.008544 0.079420 -0.206899 0.000302 -0.002749
0.056528 0.004088 -0.391174 0.055309 0.188184 0.263917 -0.066869 -0.000161 0.005608 0.002832 -0.001983 -0.530834 -0.291105 0.143874 -0.002388 0.595713 -0.001272 0.003950 0.004389 -0.003769 0.002475 -0.589001 0.001539 -0.402453 0.008762 0.102398 -0.001841 -0.035406 -0.004904 0.142495 0.038672 0.202254 -0.003995 -0.634976 0.212175 -0.669691 -0.624342 0.493475 0.059790 -0.362791 0.285575 -0.228243 -0.001661 0.002612 -0.104908 -1.170402 0.007843 0.162627 0.088476 0.368774 0.007272 -0.002702 0.002905 0.001968 -0.002280 0.021906 0.246509 0.000552 0.775023 -0.522109 0.014510 -0.007161 -0.137625 -0.127152 -0.726135 0.001845 0.575537 -0.413287 -0.001902 0.041984 0.004660 -1.352848 -0.000095 0.059766 -0.361446 0.691544 -0.505627 0.446362 -0.000499 0.008923 -0.161205 0.166173 0.007654 0.011842 -0.574806 0.005485 -0.082584 -0.480529 0.003904 -0.843050 -0.091642 0.414005 -0.002086 0.000258 -0.074854 0.376418 -0.070830 0.200032 0.313065 0.003996 0.996984 0.001910 -0.404343 0.014211 0.065525 -0.351145 -0.042107 -0.003171 0.201657 0.553302 0.318570 -0.363874 -0.182619 0.001994 -0.002867 -0.020797 -0.001636 -0.003664 -0.905868 -0.060848 0.006047 -0.349990 0.073942 0.005140 -0.154633 0.002880 0.039149 0.337023 -0.437590 0.356901 -0.153458 -0.290641 -0.002899 -0.000986 0.236552 -0.222634 -0.000257 0.140341 -0.110554 0.000392 -0.444324 0.059685 -0.005374 -0.017926 -0.002604 0.373726 -0.188278 -0.227154 -0.002862 -0.395876 -0.025742 0.084349 -0.004249 0.001591 0.014816 -0.057702 -0.002054 -0.013939 -0.030203 -0.001483 -0.438537 0.510362 0.069217 0.334942 0.096899 0.513081 0.310007 -0.002094 0.001522 -0.746038 0.168948 -0.155309 -0.000586 0.178827 -0.617677 -0.374056 -0.002715 -0.437236 -0.088436 0.018338 -0.654899 0.001671 0.001966 -0.481554 0.016154 -0.468535 0.003000 0.071308 -0.000185 -0.000410 0.112490 0.004379 -0.162564 0.001859 -0.404618 0.279680 0.197064 0.000050 0.134377 0.001025 -0.003274 -0.005067 0.018196 -0.673591 0.386759 0.310477 -0.001136 0.774722 0.002055 0.002030 0.296526 0.003656 0.037173 0.001763 -0.089972 -0.042248 0.003435 -0.743128 0.131530 0.001508 0.003206 -0.392695 -0.000404 0.001433 0.263040 -0.126407 0.021336 -0.005450 0.003690 0.398247 -0.323357 0.049800 -0.038656 -0.353231 -0.023768 -0.007193 -0.003730 0.180090 -0.002023 -0.007131 0.227180 0.029605 -0.000891 0.049975 0.639656 0.067028 -0.027806 -0.005925 -0.176508 0.211672 -0.040774 0.455131 -0.367012 -0.356534 -0.002099 0.015452
0.499067 -0.001916 0.602791 0.029808 -0.279911 0.213866 -0.020712 0.000537 -0.000557 0.002675 0.000048 0.079679 0.012796 0.175552 0.003214 0.362944 -0.000098 -0.003464 -0.001764 -0.002035 -0.000382 0.378087 0.518393 0.454589 0.763218 0.063579 -0.001772 -0.001501 -0.006829 -0.001369 0.133143 -0.384155 -0.001033 -0.260020 0.300553 -0.171862 0.391826 -0.134450 0.169276 -0.326564 -0.098160 0.221479 -0.002978 -0.001582 0.207782 0.099304 -0.002639 0.484796 -0.078847 0.093837 -0.004524 -0.001142 0.235335 -0.002091 -0.001231 -0.029256 0.214218 -0.001574 -0.022375 1.012264 -0.001765 -0.002982 0.072356 -0.126006 0.174635 -0.001096 -0.225936 0.195154 -0.002647 -0.015718 -0.003102 -0.067282 -0.002093 0.064364 0.259845 0.398771 -0.040045 0.143504 -0.002569 -0.002360 -0.074666 -0.003513 -0.000890 -0.003061 -0.302925 -0.008059 0.220366 -0.240683 -0.002952 -0.232538 -0.216027 -0.301076 -0.002769 0.001912 -0.141397 0.203224 0.017390 0.269280 -0.202214 -0.010761 0.108780 -0.001216 -0.046094 0.011419 0.426968 0.182642 0.012024 -0.002682 -0.253243 0.462691 0.063237 0.186751 -0.093387 -0.002829 -0.008274 -0.023363 -0.002152 -0.002115 0.166768 -0.007328 0.004905 0.146022 0.260393 -0.015155 -0.197578 -0.002127 0.002713 -0.317668 -0.424727 -0.262240 0.213777 -0.204432 -0.000945 -0.000623 0.154346 -0.067967 0.001426 0.039551 0.096026 -0.002045 0.003815 -0.048705 -0.002286 -0.001560 -0.000568 -0.296888 -0.102125 0.259458 -0.000525 -0.092405 -0.018490 0.120381 -0.000017 -0.003323 -0.007122 0.100228 -0.002914 0.008302 -0.006146 -0.001722 -0.045427 -0.010079 0.044273 0.472706 -0.182901 0.345267 0.042688 0.000363 -0.002268 -0.148901 0.195308 -0.252154 -0.001175 0.653416 0.393788 0.320384 -0.000728 -0.286983 -0.657837 0.004003 0.192326 0.002113 -0.001810 -0.099478 0.034624 -0.056785 -0.002688 0.234751 -0.000680 -0.001763 0.025318 -0.003121 0.044119 -0.002456 -0.037025 -0.073693 -0.244204 -0.001123 0.014020 -0.002495 -0.003262 -0.002050 -0.002229 0.294788 0.184726 -0.187115 -0.000824 0.054026 -0.000021 -0.001125 0.184251 -0.000451 0.207994 -0.000368 -0.130707 0.731905 -0.007534 0.119482 -0.181692 -0.015708 -0.002948 -0.003186 -0.001773 -0.001634 -0.293754 0.010853 -0.000955 -0.013216 -0.005725 0.302569 -0.095294 -0.014385 0.175110 -0.083798 -0.002399 0.000943 -0.001752 -0.214348 -0.002383 -0.014474 0.067305 0.301126 -0.000203 -0.022616 0.214314 -0.004021 0.653611 0.237951 -0.024570 0.091541 0.049316 0.035481 0.576213 0.170238 0.003153 0.006530
-0.016482 -0.002446 -0.010075 -0.006953 0.029558 0.000755 -0.010593 0.001576 -0.000025 -0.002903 -0.003084 -0.073548 0.021920 0.017276 -0.002128 -0.009661 0.002487 -0.007617 -0.001675 0.000833 -0.001087 -0.092252 -0.038691 -0.001581 -0.025954 0.031339 -0.002706 0.008521 -0.001013 0.014607 -0.019510 -0.004101 0.001569 -0.054792 0.015235 -0.015139 -0.018947 -0.002496 0.000423 -0.016485 -0.004909 0.014374 0.003412 -0.002816 -0.076466 -0.050567 0.006167 -0.010680 -0.009969 -0.033735 -0.000914 0.000042 -0.030244 0.001748 -0.002823 -0.005528 -0.036638 -0.003936 -0.078604 0.020942 -0.002546 -0.001167 0.016936 -0.007594 -0.057371 -0.000573 -0.034712 -0.008092 -0.002691 -0.010750 -0.003736 -0.045707 0.001194 -0.035151 -0.012583 -0.000915 -0.018151 -0.058783 0.001013 0.001015 -0.042046 -0.044478 -0.011713 -0.000833 0.042058 -0.001430 0.016949 -0.052310 0.000071 -0.026023 -0.036033 -0.071199 -0.003284 -0.000542 -0.070239 -0.017643 0.023353 0.026276 -0.042503 -0.002652 0.018596 0.002102 0.020110 -0.004979 -0.029409 -0.012966 0.023095 -0.000055 -0.076981 0.021962 0.017472 -0.070640 -0.013208 -0.001714 0.001927 -0.012000 -0.002663 0.001819 -0.029559 0.029449 -0.000374 -0.066421 -0.051612 -0.004770 -0.016049 -0.005679 0.025186 -0.067417 0.067507 -0.039013 -0.043228 -0.001227 0.003368 -0.000952 -0.006537 -0.016181 -0.000349 -0.043559 -0.031202 -0.002955 -0.052993 -0.009212 0.001686 0.004698 -0.002035 -0.021214 -0.043482 0.012435 -0.000675 0.018127 0.005536 -0.093341 -0.001096 0.002966 -0.000058 0.044088 -0.001463 -0.011871 0.004972 -0.003056 -0.005202 -0.068549 0.000828 -0.002581 -0.049826 -0.001754 -0.022709 0.000510 -0.001062 -0.022904 0.022624 0.049547 0.001898 -0.002959 -0.081480 -0.004596 -0.002399 -0.030098 -0.089745 0.000819 -0.067688 0.003040 -0.000279 -0.010925 0.006822 -0.000225 0.000339 -0.000964 0.000268 0.002720 0.009973 0.010986 0.004131 0.002396 -0.021991 -0.003098 -0.045252 0.001127 -0.005315 -0.000128 0.000121 0.005528 0.001159 -0.029520 0.023448 -0.101513 0.001527 -0.031820 0.001612 -0.001888 -0.014319 -0.001380 -0.048508 0.000274 0.002629 0.024084 0.008892 -0.036498 -0.001569 0.019009 -0.000328 -0.053174 0.000052 0.003119 0.007472 -0.077740 -0.002890 -0.007397 -0.001708 -0.063801 -0.000545 -0.003886 -0.003315 -0.036857 -0.005688 -0.002456 0.000308 -0.014118 -0.000582 -0.001135 -0.019506 -0.006858 -0.002708 -0.008260 0.015770 -0.004695 -0.044393 -0.018795 -0.005867 0.016032 -0.007312 0.008896 -0.003578 -0.047389 0.002001 0.000108
0.293856 -0.001498 0.699890 0.626283 -0.096828 0.411153 -0.013578 0.003104 -0.004343 -0.002311 0.002605 -0.226573 -0.206820 0.271234 -0.002434 0.039941 0.001380 -0.007836 0.000105 0.001198 -0.000171 -0.122126 0.608083 0.692283 0.843013 -0.034492 0.001243 0.015489 0.000400 -0.044510 0.112740 0.133500 -0.000444 0.164663 0.060739 -0.356820 0.645471 0.274293 -0.246820 0.056656 -0.007044 0.361267 0.001755 -0.001038 0.080155 0.082564 0.002260 0.025424 -0.059297 -0.127135 -0.004079 0.000931 0.219301 0.002018 0.001313 -0.005478 0.269686 -0.005609 0.346269 0.319326 -0.003002 0.000525 0.163701 0.177749 0.466243 0.002085 -0.342775 -0.143529 0.002588 0.027215 0.001170 -0.343583 0.005550 0.359121 0.513822 -0.190478 0.144463 0.226760 -0.001230 -0.002630 -0.035304 0.059086 0.003225 0.008360 -0.332954 -0.000616 -0.040017 0.115908 -0.007682 0.094389 -0.676426 -0.229950 -0.000228 -0.001619 -0.182088 0.807552 0.003809 1.114174 0.071121 0.003665 0.166327 -0.002118 -0.122690 -0.001026 0.319888 0.299330 0.092781 0.001037 -0.591102 0.202371 0.936487 -0.012695 -0.302190 -0.000659 -0.001704 0.015218 0.002726 -0.001286 0.030288 0.052883 0.004538 -0.101782 0.414134 0.000750 0.229933 -0.000540 0.013773 -0.522524 -0.231455 -0.501766 -0.017002 0.057782 0.001524 0.000704 -0.085322 0.134397 0.000057 -0.202428 0.387277 -0.001373 -0.299009 -0.011937 -0.001471 -0.024313 -0.000445 -0.080575 0.262426 -0.171670 0.000671 0.586570 -0.041890 0.294291 0.000491 -0.000839 -0.005942 -0.017984 0.000864 0.008834 0.007449 0.003168 0.163358 0.378499 -0.106296 -0.009479 -0.162139 -0.001220 0.357321 0.000954 -0.001070 0.016324 0.437752 0.175804 -0.000905 0.237362 -0.287007 0.065485 0.000661 0.646732 -0.435315 0.070404 0.066871 -0.000478 -0.000128 -0.414924 -0.000356 0.215139 0.002443 -0.065965 0.001430 0.001183 0.063716 -0.000181 -0.007376 0.003621 0.135192 0.193095 0.068818 0.000234 -0.184042 0.001014 -0.008294 0.001066 0.434223 -0.039229 0.158646 -0.245596 0.002825 -0.069815 0.001376 -0.000227 0.109625 -0.000104 0.373073 0.000438 0.538502 0.450071 0.000474 -0.027607 0.561624 -0.001336 0.001417 0.082486 -0.001341 0.000355 0.193046 0.105243 -0.004369 -0.009687 -0.002034 0.144570 0.113015 0.028517 1.168697 0.306730 0.004012 0.002964 -0.002027 0.447263 0.000797 0.310147 0.315861 0.818081 0.002887 -0.051286 -0.075987 -0.006537 0.961353 0.019533 -0.102119 0.387087 0.016600 0.007188 0.666243 -0.212819 0.001482 -0.000062
-0.013702 -0.008393 -0.009331 0.007208 -0.026456 0.009484 -0.020820 0.002408 0.000597 -0.000507 0.002629 -0.111960 -0.032892 -0.055093 -0.001703 -0.046412 -0.000398 0.002220 -0.001169 0.000156 0.001926 0.015394 -0.039611 0.021504 -0.063214 -0.028847 -0.000509 -0.008152 -0.002533 -0.028554 0.037238 0.019773 0.002943 -0.046552 0.059397 0.000342 0.094476 0.011534 0.018344 -0.043026 -0.059083 -0.062884 0.001599 0.002590 0.012839 -0.080515 0.000733 -0.000667 0.007975 0.005625 0.000164 0.000831 -0.011945 0.000103 -0.000028 0.001802 -0.105404 -0.002173 -0.077619 0.082634 0.000755 0.001025 0.034820 0.031066 0.052732 0.000166 -0.060632 -0.123188 -0.000811 0.010865 0.000719 -0.112842 -0.002274 0.007396 -0.123486 -0.043019 -0.045351 -0.079739 0.003518 0.003243 -0.005183 -0.035193 0.001267 -0.000651 -0.155238 -0.001446 -0.019743 -0.007037 0.001691 -0.036847 -0.072090 -0.212926 -0.000013 0.002362 -0.074897 -0.028308 0.002867 -0.030697 -0.059442 0.001002 0.052559 0.004847 -0.082017 0.007374 -0.018456 0.038097 0.026425 0.000853 -0.027851 -0.010842 0.033614 -0.036806 -0.099589 0.001875 0.001090 -0.015156 -0.002799 0.002631 -0.105282 -0.016478 0.003551 -0.124811 -0.054667 -0.002330 0.001610 0.001048 0.011493 -0.120033 -0.119142 -0.029473 -0.073696 -0.012421 0.000660 0.003291 -0.040967 -0.060590 -0.001358 0.106410 0.044002 0.002180 -0.116893 0.147390 -0.001607 -0.004724 -0.001285 -0.027548 -0.203440 0.049576 0.001624 -0.002712 0.049007 -0.015306 0.000698 -0.001551 -0.004917 0.099100 0.000653 0.002559 0.002323 0.000979 -0.126649 -0.050802 0.001836 0.022450 -0.070232 -0.003735 -0.040685 0.003274 0.000039 -0.098281 0.036237 -0.013329 0.011647 0.095540 -0.157440 0.075139 -0.000474 0.023179 -0.217858 0.035174 -0.071812 0.002778 0.000311 -0.047747 -0.009563 0.016031 0.000938 -0.031642 -0.000517 -0.001988 0.008129 -0.002574 -0.060103 -0.000693 -0.167747 -0.000807 -0.170762 0.000215 -0.081288 -0.000442 -0.002469 -0.001832 -0.007306 -0.038559 -0.047035 -0.150959 0.003266 -0.032456 0.002829 0.001190 0.009375 -0.001833 -0.050284 0.002100 0.018447 0.036485 0.001927 0.020455 -0.009520 -0.000559 -0.001608 -0.064628 -0.000505 -0.002996 -0.065627 -0.132207 -0.001457 -0.008897 0.001492 -0.016767 -0.026572 0.007525 0.024979 -0.005205 -0.000954 0.000511 0.000003 -0.014353 0.001889 0.062366 -0.085676 -0.025911 0.000924 -0.031593 -0.175635 -0.001065 0.004843 -0.017621 -0.074712 -0.000326 0.003115 0.022788 -0.006247 0.070592 -0.000066 0.005878
0.012494 -0.006296 -0.001600 -0.043494 -0.043480 0.008436 -0.005435 -0.000137 0.000451 0.002117 -0.001511 -0.024879 -0.025724 -0.032407 0.001338 -0.003714 0.000698 0.001162 0.001143 0.002657 0.000376 0.005144 -0.012836 0.002624 0.016284 0.015633 0.001406 0.008439 -0.003621 -0.000786 -0.018553 -0.007706 0.002062 -0.028092 -0.016725 -0.006513 -0.000453 -0.021258 -0.028088 0.031901 -0.057261 0.003761 -0.002912 -0.001556 0.017604 -0.003395 0.001158 0.012869 -0.010327 0.008813 -0.003364 0.001077 -0.020209 -0.002553 -0.000599 0.005723 0.020444 -0.002809 -0.016294 -0.002377 0.000324 0.003593 -0.023370 -0.006134 -0.030556 0.001880 -0.029832 0.003481 0.001268 0.020639 0.000622 -0.016857 0.000629 -0.020127 -0.010408 -0.006420 -0.007467 0.002056 0.003743 0.000733 -0.048452 -0.000594 0.009867 0.008504 0.005528 -0.009191 -0.010142 -0.006609 0.002367 -0.044189 -0.020378 -0.055034 0.002171 -0.000689 -0.000058 -0.005730 0.000526 -0.015743 -0.027934 -0.004248 -0.038046 -0.002046 -0.004729 0.002188 -0.017527 -0.020245 0.029223 -0.002522 -0.064695 0.012641 -0.038398 -0.008956 -0.064961 0.001356 -0.001568 0.002108 0.001012 -0.000383 -0.011080 -0.020289 -0.000907 0.002002 0.000232 0.013529 -0.009258 0.003226 -0.007355 -0.027348 0.024804 -0.040258 -0.054164 -0.010194 0.002509 0.000812 0.007723 -0.057864 -0.000433 0.016027 0.002755 -0.001779 0.012950 -0.038722 -0.007333 -0.009243 -0.002502 -0.008858 -0.027096 0.021096 0.003250 -0.003916 0.006654 -0.043813 -0.001952 -0.003211 0.015213 -0.027856 0.003103 -0.000743 0.018739 0.000419 0.003734 -0.023763 0.005816 -0.026450 -0.029103 -0.020126 0.036147 -0.002382 0.001192 -0.011846 0.009976 0.011800 -0.008069 -0.015494 -0.028765 -0.013584 0.003546 -0.007093 -0.054149 -0.007749 -0.025353 0.000767 -0.000277 0.008629 -0.002849 0.000299 0.000334 -0.017823 0.002871 -0.000719 -0.004795 -0.006178 0.004673 -0.000024 -0.020024 -0.018569 -0.003799 -0.000546 -0.030639 0.000345 0.000706 0.003137 0.003480 -0.021639 0.002011 -0.042037 0.002193 -0.012167 0.000603 0.003059 0.015945 0.002418 0.007588 -0.002401 -0.022577 0.004397 -0.002196 -0.020161 -0.014385 0.008206 -0.000244 -0.018614 0.001422 -0.002521 -0.006452 -0.006790 -0.000259 -0.008525 -0.001163 -0.006165 -0.011131 -0.010640 -0.001671 -0.011821 0.004588 0.016259 0.000384 0.015322 -0.000957 -0.023466 0.003808 0.011829 0.002818 0.000813 -0.061852 -0.006338 -0.025840 0.002659 0.008376 0.009971 -0.014593 0.039428 -0.000589 -0.011090 -0.001215 -0.001706
-0.035570 -0.000698 0.004746 -0.007161 -0.027183 -0.013215 0.015893 -0.002266 -0.001764 -0.001716 0.001317 -0.028185 -0.031754 -0.027293 0.002375 -0.030679 0.001032 -0.018421 0.002648 0.003311 0.001930 -0.007363 -0.025587 -0.016517 0.015497 0.005788 -0.000082 0.002794 -0.004313 -0.000533 0.024993 -0.033422 -0.001683 -0.005381 -0.008145 -0.042985 0.026500 -0.023117 -0.037764 -0.003785 -0.036098 0.003666 -0.003017 -0.001647 -0.030882 -0.062361 0.003896 -0.001963 -0.008636 0.000515 -0.004194 0.001933 -0.036739 -0.001514 0.001026 -0.013253 -0.013744 -0.003163 -0.056973 -0.003774 -0.017561 -0.000359 -0.011670 -0.036026 -0.042324 -0.000002 -0.005773 -0.051218 0.000618 0.001951 -0.003597 -0.021282 0.000596 0.025966 -0.024706 -0.018617 0.012014 -0.000983 -0.000241 -0.009807 -0.019986 0.001383 0.000513 -0.001140 -0.043234 -0.001718 -0.017084 -0.023231 -0.006410 -0.069016 -0.055849 -0.073771 0.001595 -0.000189 -0.006267 -0.003912 0.005945 -0.012987 0.003614 0.007379 -0.039956 0.004465 -0.003455 -0.010238 -0.014786 -0.005555 0.016315 -0.000005 -0.019033 0.026836 -0.022103 -0.028977 -0.023747 -0.001121 0.006038 0.003180 0.003220 -0.000257 -0.042340 -0.003174 0.002772 -0.042783 0.000386 -0.002356 -0.025501 0.001575 -0.008330 -0.012311 0.004755 -0.048087 0.004037 -0.014411 0.003406 0.001531 -0.020422 -0.006070 -0.002249 0.011848 0.014185 -0.000029 -0.016567 0.026135 -0.001260 0.007130 -0.000526 0.006063 -0.032567 -0.003745 0.002199 0.006138 -0.035888 -0.001093 0.000280 -0.002509 0.000968 -0.016119 0.000169 0.005261 -0.012881 0.000164 0.008677 0.007113 -0.016080 0.001785 -0.043960 -0.024571 -0.019869 -0.003231 0.000384 -0.039219 -0.009928 -0.014576 -0.008321 -0.000586 -0.043072 -0.019154 0.018062 0.016565 -0.028237 -0.002284 -0.000518 -0.001638 0.003073 -0.009501 0.006577 -0.038035 0.002435 -0.013951 -0.000787 0.001539 -0.009263 0.003293 -0.009311 -0.000459 -0.065987 -0.008472 -0.004751 -0.001754 -0.026743 -0.000136 -0.014381 -0.000429 0.002104 -0.033875 0.013880 -0.021069 -0.001862 0.000382 0.002308 -0.001287 -0.000147 0.003429 0.010339 0.001575 0.005618 -0.009388 -0.002415 0.007911 0.006496 -0.014775 -0.000727 0.001710 -0.001647 0.001618 0.023232 -0.026348 -0.002466 0.010632 -0.004089 -0.009776 0.006665 -0.004858 -0.002082 0.007383 0.002581 -0.002016 -0.003121 -0.022145 -0.002180 -0.026477 -0.041756 -0.033791 0.002442 -0.021640 -0.018480 0.002813 -0.016170 0.017625 -0.016922 -0.001465 -0.007675 0.008023 -0.013519 -0.017313 -0.001516 -0.001892
0.003649 -0.000630 0.203352 -0.209141 0.186141 0.092867 0.006471 0.001704 0.001393 0.001599 0.001875 0.093327 0.102997 0.235567 0.002168 0.260672 0.003346 -0.004813 -0.003213 0.000201 -0.000146 0.007027 0.176911 -0.103600 -0.158434 0.009840 0.002111 0.002023 0.000146 0.006067 0.061169 0.103454 0.003541 0.306091 -0.026520 -0.158889 -0.124965 0.096067 0.129177 -0.204001 -0.120586 0.004238 -0.001191 -0.006661 0.156532 -0.018612 0.001819 0.127145 -0.011036 0.373984 0.018256 0.000270 -0.122255 -0.000216 -0.000529 0.000125 0.025909 -0.002394 -0.030789 0.000738 -0.004797 -0.000146 -0.216452 -0.272089 -0.367560 0.002776 0.081212 0.175382 0.000788 -0.027928 0.004517 0.182348 -0.000693 0.078390 0.834163 0.138837 0.096478 -0.400519 -0.002240 0.009077 0.114678 -0.000576 0.000702 -0.009822 -0.101730 0.003272 0.076381 -0.022149 -0.010800 -0.207249 -0.066281 -0.272624 0.003042 -0.000552 -0.095262 0.349178 0.000055 0.331664 -0.123927 -0.006869 0.274042 0.006653 -0.377960 -0.004412 0.059935 0.157688 -0.019148 -0.000921 -0.077120 0.299023 -0.190469 0.283016 -0.152469 0.001657 -0.000112 -0.003629 0.000748 0.001101 0.221288 -0.023212 0.011349 -0.022442 0.124588 -0.001947 0.148619 -0.000235 -0.001761 -0.127245 0.066321 -0.228662 0.118932 -0.053775 -0.000835 0.000924 0.468967 -0.194213 -0.000544 0.008846 0.032174 0.000972 0.403975 -0.029406 0.012292 -0.002256 0.005041 0.127577 -0.232929 0.354983 -0.000412 0.249053 0.024820 -0.025602 0.004205 0.000846 0.000813 -0.034678 -0.001626 -0.005245 -0.006625 0.001414 0.088125 -0.319488 0.185171 0.027566 -0.183470 0.403080 0.271804 -0.002164 -0.001746 0.157168 0.306390 0.057599 0.000613 0.088916 0.260640 -0.441935 0.000715 -0.281279 -0.413594 -0.006227 0.228059 0.000224 0.000881 0.351025 -0.011162 0.095187 0.002885 0.041984 -0.002986 0.000151 -0.001272 -0.005973 0.047222 0.003025 0.048775 0.082746 -0.383488 0.001139 0.017831 0.002251 0.011576 0.005459 0.056827 0.354661 0.152485 -0.325953 0.001591 -0.139626 -0.000890 0.001738 -0.245445 -0.000180 0.267399 -0.001156 0.185958 0.042141 0.000661 -0.137706 0.353892 -0.007855 -0.000932 -0.264775 0.001667 0.003088 -0.006178 -0.229100 -0.001506 0.000558 0.000175 -0.071476 0.135290 0.050972 0.233928 0.063632 -0.002232 0.001629 -0.001435 0.330158 0.001876 -0.240294 0.088830 0.251685 0.001304 -0.007786 -0.200193 -0.036600 -0.193006 -0.009771 0.771326 0.071292 0.002530 0.207353 0.682312 -0.179591 0.000640 0.004406
0.000838 0.003010 -0.005387 -0.010879 -0.008359 -0.011128 0.023298 0.001255 -0.000179 0.002228 -0.002370 0.016994 -0.003552 -0.021548 -0.000551 -0.021553 -0.000879 -0.003392 -0.012411 -0.002591 0.001038 0.001220 -0.011959 0.007237 -0.007536 -0.007958 -0.002184 -0.002473 -0.007660 -0.010453 -0.023388 -0.015354 0.002701 -0.041839 -0.018492 -0.033888 0.012570 -0.023273 -0.023618 -0.012194 -0.001586 -0.004225 -0.000186 -0.000149 -0.027522 -0.005828 0.013693 -0.003948 -0.003098 0.003922 0.003838 -0.000395 -0.005008 -0.000279 0.000042 -0.007802 0.019192 0.000869 -0.002482 -0.006136 -0.002316 0.004519 -0.022642 -0.012536 -0.017309 -0.001140 -0.017856 -0.000205 -0.002779 -0.013858 -0.006729 -0.005560 0.000734 -0.015009 0.006549 0.010139 -0.017289 -0.010827 -0.001638 -0.000031 -0.009009 0.000416 -0.002108 -0.013992 -0.012565 -0.004356 -0.009273 -0.003416 -0.004779 0.003478 -0.057758 -0.017994 -0.002551 0.003319 -0.008155 -0.012156 -0.006338 -0.003838 -0.011255 -0.004867 -0.009812 0.012836 -0.007933 0.006678 -0.015064 -0.017635 -0.000013 -0.000528 -0.008836 -0.013335 -0.031304 -0.020870 -0.037570 -0.000978 0.001445 -0.020711 0.002393 -0.002341 0.007738 -0.014288 -0.008469 -0.014507 0.002747 0.004042 -0.000467 0.000963 -0.007431 -0.022380 -0.016556 -0.027261 -0.017202 0.004810 -0.002821 -0.002205 0.025148 -0.051817 0.001967 0.018471 -0.005653 -0.001736 -0.014770 0.008514 -0.002385 0.007106 -0.001973 0.037990 -0.014391 0.011648 -0.002688 0.005234 0.012160 -0.014520 0.020301 -0.002311 -0.001029 -0.015266 -0.000286 0.001936 -0.003851 0.000012 -0.010273 -0.031347 -0.011789 -0.004193 -0.036214 -0.007829 -0.040499 -0.000086 -0.000216 -0.005166 -0.001586 -0.001801 -0.008812 -0.011692 -0.028201 -0.012813 -0.000809 -0.000223 -0.042805 -0.014549 -0.039942 0.000735 -0.001160 -0.018278 -0.009327 -0.025259 -0.002390 -0.023791 0.005762 -0.002108 -0.004277 -0.000254 -0.018586 -0.001330 -0.001844 -0.000420 -0.005351 0.001901 -0.045105 -0.001972 -0.006438 0.001578 -0.007503 0.002103 0.024983 -0.017171 -0.002586 -0.006825 -0.000726 -0.001450 -0.000404 -0.002446 -0.028655 -0.000487 -0.005749 0.006573 0.000036 -0.022985 -0.002827 -0.000560 0.002631 -0.032160 0.001198 -0.000715 -0.022245 -0.014859 -0.003127 0.023871 -0.002934 -0.007073 -0.025302 -0.001100 0.000791 0.010831 -0.000861 0.001329 -0.011900 -0.033874 -0.001168 -0.001313 -0.030137 -0.002456 0.002052 0.009995 -0.039451 -0.009932 -0.003746 -0.018871 -0.012573 -0.014884 -0.010896 -0.014946 0.002885 -0.021347 -0.001746 -0.004272
-0.173192 0.001548 -0.000046 0.050472 -0.074824 0.007915 -0.006042 -0.000436 0.001888 -0.002402 -0.000238 -0.083127 -0.033228 -0.027501 -0.002815 -0.090854 0.000623 0.006160 -0.000332 0.002189 0.000646 0.033163 -0.028492 -0.013189 0.038034 0.014098 -0.004249 0.001264 0.001969 0.011813 0.032486 0.008894 0.001201 -0.031521 0.050365 -0.045959 0.006796 0.037868 -0.080564 -0.046471 -0.069610 -0.043299 -0.001758 -0.000563 -0.078599 -0.047498 -0.001168 -0.004049 -0.021530 -0.054691 0.000637 0.000433 -0.022013 -0.001255 -0.000775 -0.004603 -0.033250 -0.000331 -0.092872 -0.002967 0.003579 -0.005719 -0.068870 0.056635 -0.046634 0.001556 -0.141180 -0.032244 0.001194 0.033314 0.006201 -0.054664 0.001266 -0.013831 -0.015024 -0.002473 0.010388 -0.053991 0.004014 0.010685 -0.016908 0.032512 0.003370 -0.009023 -0.001780 0.005594 -0.020690 0.012880 -0.002331 -0.076767 -0.015655 -0.061089 -0.000596 0.000036 -0.034250 -0.032131 0.040004 -0.052705 -0.041208 -0.006811 -0.004818 0.008348 0.028517 -0.003050 0.022473 0.009961 -0.007224 -0.000443 -0.143308 -0.048806 -0.060409 -0.011946 -0.019049 0.002677 -0.003749 0.007520 0.000695 -0.000446 -0.155375 -0.038893 -0.002988 -0.098833 0.044216 0.005139 0.007478 0.001434 -0.007445 -0.067040 -0.028721 -0.059969 -0.111835 -0.024772 0.002562 0.000408 0.024426 -0.091302 0.002987 0.015254 0.036510 -0.000800 -0.147333 -0.010584 -0.007538 0.000225 0.000036 -0.081774 -0.069376 0.086397 -0.001838 0.010195 0.004750 -0.036306 -0.003908 0.003204 -0.005104 -0.020984 0.002870 -0.011941 -0.021488 0.000947 -0.006007 -0.022634 -0.094730 0.009078 -0.060114 -0.027387 -0.025656 -0.002899 -0.003196 -0.040031 0.000790 -0.056294 -0.015459 -0.051714 -0.117576 -0.003376 -0.012927 -0.016882 -0.157312 -0.003927 -0.036938 -0.002966 -0.000373 0.017283 0.014077 -0.097378 -0.001617 0.005806 0.001549 0.001279 0.028610 0.010716 0.012911 0.000560 -0.062669 0.009735 -0.136357 -0.003264 -0.117189 -0.003334 -0.004845 -0.003985 -0.008024 -0.104419 -0.033868 -0.094144 0.003336 -0.029039 -0.000248 0.000982 -0.130936 -0.000058 -0.102957 -0.002961 -0.093724 -0.032690 0.001855 -0.019650 -0.066739 0.003606 0.003639 -0.014590 0.004098 0.002056 0.019568 0.006407 0.001051 -0.012821 0.001676 -0.054602 -0.035967 0.019228 0.025835 -0.028796 -0.003104 0.009109 -0.005633 -0.116268 0.001884 -0.011120 0.030303 -0.012893 -0.002171 0.017028 0.027918 -0.013259 0.064101 -0.029701 -0.024502 -0.055645 -0.001321 0.004366 0.055363 -0.046538 -0.002678 0.000423
-0.149410 0.008625 0.071157 -0.042391 -0.206542 -0.072400 -0.001300 -0.001550 0.000735 0.002164 0.000732 0.100384 -0.215648 -0.363299 -0.000779 -0.144215 0.004046 -0.004273 0.003022 0.003015 0.002088 0.325134 0.193973 0.161117 0.226458 0.198274 0.002604 0.007317 0.000665 -0.030112 0.378538 -0.188253 -0.001513 -0.053839 -0.038980 0.098741 0.355268 -0.012610 -0.007833 0.185072 0.118843 0.163419 0.001418 0.002604 -0.041373 -0.192849 -0.001289 -0.001723 0.009300 0.136039 0.002772 0.001222 -0.014170 0.002978 0.002779 0.002436 0.079010 -0.004340 0.233395 0.458502 0.000650 -0.000081 -0.163820 0.132703 0.027452 0.003319 -0.378709 0.121214 -0.002293 -0.051012 -0.002837 -0.062493 -0.003167 0.205398 -0.053112 0.387575 0.195501 0.458742 0.001867 0.002467 -0.206688 -0.024011 -0.001269 -0.002934 -0.332875 0.000200 0.015524 0.311438 0.008251 -0.090499 0.232453 -0.276177 -0.000552 0.001850 0.024709 0.084649 -0.019856 -0.033686 0.010132 -0.012484 0.142065 -0.001046 -0.126087 -0.014334 -0.397391 0.000850 -0.016232 -0.000477 0.175450 -0.038013 0.083251 0.114457 -0.130354 0.003268 -0.005127 -0.009660 -0.000495 -0.002947 0.201670 -0.045603 -0.112872 0.104396 0.042730 0.017990 -0.113293 -0.000062 0.031282 -0.028208 -0.194828 -0.227101 -0.265111 -0.133405 0.002286 0.001409 0.197420 -0.125353 -0.000987 -0.156343 0.153366 -0.000025 0.259679 -0.036486 -0.002986 -0.006825 0.004271 -0.050546 -0.043068 -0.043191 0.001209 0.141628 0.016213 0.282595 0.004033 0.000943 0.000317 0.021196 0.000580 -0.000407 0.018941 0.001537 -0.402455 0.195429 0.574163 0.137177 -0.355398 0.071566 0.248885 -0.000172 -0.000483 -0.052351 0.171410 0.048070 -0.000899 0.007912 0.155193 0.406288 0.000980 0.069162 -0.156398 -0.000205 -0.067984 -0.002224 0.001499 0.332135 0.004165 -0.135587 0.000881 -0.118070 0.007189 0.000143 0.188488 -0.003626 0.160012 -0.000303 0.236067 0.079869 -0.182887 -0.001950 -0.255197 0.000161 -0.015091 0.002195 0.257757 0.052776 0.173669 0.142249 0.000288 0.242933 0.001058 0.002385 -0.035321 0.001858 -0.120785 0.002445 0.270663 0.074865 -0.001835 0.535516 -0.151698 0.018057 -0.000601 0.011397 -0.000118 0.001524 -0.012321 -0.258509 -0.003470 -0.013640 0.001521 0.126629 0.122867 -0.013625 -0.031233 0.128092 0.006225 0.008845 0.000358 0.072833 0.001266 -0.267482 -0.118874 -0.008486 0.002458 -0.046231 -0.274548 -0.043471 -0.091279 -0.053441 0.280147 0.059073 -0.011576 -0.185691 -0.089294 0.302304 0.001071 -0.002105
-0.193337 -0.000728 -0.111051 -0.038632 -0.066247 0.859800 -0.011698 -0.002464 0.001443 -0.001015 -0.000400 -0.114504 -0.065132 0.155749 -0.001022 0.200038 -0.002224 0.001705 -0.001463 0.000099 -0.000398 -0.294125 0.086569 0.027617 -0.005511 0.000747 -0.000640 -0.002790 -0.002662 0.037760 0.039004 -0.108155 0.000439 0.222805 0.073103 -0.241929 0.009996 -0.154260 -0.141600 -0.162739 -0.108692 0.000229 -0.001243 -0.002208 -0.033880 -0.170202 -0.003267 -0.027062 -0.007759 -0.260670 -0.002310 0.000044 -0.251408 -0.002238 -0.002050 0.012065 0.033563 -0.000108 -0.277523 0.041971 -0.000367 -0.002609 0.037754 -0.574234 -0.158839 -0.002886 -0.079368 0.105574 -0.000166 0.041811 0.001349 0.019328 0.001584 0.011061 0.245233 -0.083005 -0.081196 0.000951 -0.003055 -0.000348 -0.168253 0.014012 0.010166 -0.003608 -0.153583 -0.001405 0.365805 0.193582 -0.001916 -0.085404 0.037285 -0.042215 -0.000409 0.001233 0.213093 -0.134347 0.010237 0.118810 -0.112454 0.021530 -0.136044 -0.003233 -0.161138 -0.008209 -0.046151 0.133709 0.010655 -0.003013 -0.383824 -0.153626 -0.001996 -0.057824 -0.112920 0.000833 -0.003322 -0.019239 -0.002116 0.000036 -0.276010 -0.015152 -0.003304 -0.034653 -0.048371 0.020733 0.163475 0.000177 0.035497 -0.373702 -0.452119 -0.313799 -0.311630 0.046729 -0.001538 -0.002789 0.083110 -0.160354 0.000744 0.202119 -0.024505 -0.001003 -0.589810 0.003685 -0.002256 -0.023552 -0.006343 -0.017624 -0.033750 0.202765 -0.000836 -0.018592 0.042865 -0.019981 -0.001638 -0.001823 0.054788 0.022062 -0.000475 0.033161 0.010200 -0.000281 0.149464 -0.116203 -0.070774 -0.202860 0.311423 -0.171000 0.004322 -0.002892 -0.003264 0.340176 0.005706 -0.146087 -0.011663 0.033714 -0.266803 0.107759 -0.003053 -0.053815 -0.254626 -0.002204 -0.047860 0.001192 0.001709 -0.057533 -0.006305 -0.247004 -0.001883 0.062879 -0.001032 -0.000659 0.066811 -0.000743 0.056319 -0.003197 -0.147600 0.043620 0.096228 0.001384 -0.223313 -0.000439 0.010859 -0.009101 0.089277 -0.049835 0.038874 -0.147548 -0.002275 -0.219976 -0.002873 -0.001976 0.063282 -0.001702 -0.017164 -0.003037 0.110166 -0.032057 -0.000986 0.224148 0.032169 -0.000863 0.000452 -0.109336 -0.003017 -0.000630 0.029093 -0.205223 -0.002457 -0.009246 -0.001679 0.083644 -0.109429 0.014734 -0.064386 -0.127099 -0.002144 0.009603 -0.001369 -0.112554 -0.002528 -0.060966 0.337058 0.015255 0.001414 0.031568 0.066321 0.015390 -0.007032 0.070400 -0.076593 0.381401 0.046317 0.317062 0.168431 0.211907 -0.001088 0.014260
-0.299073 -0.000434 0.234001 -0.175063 -0.305917 -0.137265 -0.006644 0.002260 -0.001753 -0.000777 0.001569 -0.222150 -0.339564 -0.344190 -0.000531 0.363803 0.001195 0.002780 -0.004783 0.001660 -0.002698 0.034561 -0.033241 -0.016507 0.018348 0.052303 0.003966 0.028939 -0.004648 -0.006079 -0.205572 -0.405773 0.002908 -0.165815 0.125729 -0.253992 0.556325 0.481867 0.560445 0.728794 -0.213818 0.102741 0.001575 0.000895 0.249749 0.361725 0.000186 0.138999 0.190579 -0.307962 -0.009844 0.001544 0.127493 0.000665 0.002085 -0.007012 -0.020380 -0.002506 0.051267 0.184934 -0.004083 0.000599 -0.244168 0.042888 0.339878 -0.003611 0.175688 -0.004249 -0.000313 0.012957 -0.002568 -0.770309 0.002078 -0.107336 -0.291494 -0.767654 -0.341309 0.106725 0.001841 -0.022737 0.492033 -0.038868 -0.019485 0.013948 0.416780 0.001498 0.161234 0.235079 0.001381 0.718975 -0.442285 -0.075684 0.002251 0.000656 -0.411452 -0.193772 0.095410 -0.340705 -0.150050 0.016903 -0.440733 -0.005016 0.353715 -0.001658 0.217849 0.356267 0.096198 0.002235 0.096953 -0.070157 0.139438 0.101283 -0.036124 -0.000672 -0.002846 0.004118 0.001398 0.002137 0.130961 -0.058159 0.109709 0.220115 -0.156847 0.007614 0.223423 -0.001246 0.084438 -0.438804 0.439715 0.159333 -0.110837 0.090320 0.001304 0.001023 -0.390336 -0.362535 0.000486 0.186534 0.027054 0.001382 0.221066 0.016554 0.007722 0.039212 -0.001299 0.733150 0.478898 0.400328 0.002503 0.428089 0.025198 -0.209017 -0.002137 0.001696 0.009109 -0.055650 0.001073 -0.011401 0.059323 0.000759 -0.457282 -0.634156 -0.515058 -0.341706 0.028515 0.838771 0.066075 0.001086 -0.002453 -0.135216 -0.289492 -0.255063 -0.003202 -0.047791 0.003947 0.100147 0.011363 0.046256 -0.284853 0.052630 -0.018384 0.001591 -0.001080 -0.212271 -0.038056 -0.050205 -0.001582 0.127759 -0.000231 0.000123 0.593293 0.003916 -0.047077 0.002310 0.676986 0.220960 -1.059916 0.000779 0.185863 0.000633 -0.001068 0.001817 -0.077558 -0.060080 -0.171537 -0.059392 -0.000037 -0.120466 0.000092 -0.001192 -0.641732 0.000881 -0.132602 0.000574 0.418792 0.080080 -0.000899 -0.259083 0.014538 0.007610 -0.000601 0.328638 0.002693 0.000098 0.045006 0.085421 -0.001742 -0.000040 -0.000418 0.709379 -0.414690 0.015033 0.542825 -0.634517 0.000881 -0.009273 -0.001155 0.105762 0.000780 0.076221 -0.014535 0.507631 -0.002423 0.100827 0.128781 -0.022325 -0.125417 -0.044077 -0.152301 0.271510 0.016955 -0.261950 -0.295231 0.252749 0.001611 0.003108
-0.047938 0.003851 0.116818 -0.078269 0.042993 -0.047014 -0.027231 0.000610 -0.002362 0.000960 0.001064 0.015012 -0.044772 -0.038685 0.002246 0.002460 0.000846 -0.003362 0.000503 -0.001906 0.001954 -0.030693 0.022107 -0.044526 0.044469 0.049493 0.002391 -0.037343 -0.001981 0.019999 -0.082125 0.006528 0.001017 -0.088431 0.012220 0.062996 0.061336 0.000059 -0.101205 0.034287 -0.033099 0.009388 -0.002947 -0.000112 0.027237 -0.071518 0.001864 0.003238 -0.019387 0.088752 0.000072 0.001857 0.078515 0.002680 0.000795 -0.016229 -0.065051 0.000542 0.000392 0.070014 0.005020 -0.000926 -0.093492 -0.022404 -0.215227 0.000554 -0.099532 -0.036809 0.001372 0.024909 -0.000312 -0.095607 0.000079 0.101737 0.005719 0.093399 -0.103862 -0.064413 0.000092 -0.009913 0.177420 0.000971 0.006726 0.016187 -0.141816 -0.001025 0.215832 -0.168604 -0.012210 -0.021149 0.037655 -0.012106 0.002154 0.001497 -0.010981 0.089861 -0.026801 0.054471 0.015601 0.005159 -0.039559 -0.001034 -0.007119 -0.000796 0.003202 -0.057093 0.035391 -0.002071 -0.045791 0.001955 -0.020404 -0.162428 -0.180396 0.002833 -0.003622 -0.011902 -0.000189 0.001962 0.019759 0.107510 -0.003636 -0.203215 -0.081507 0.003850 0.030798 -0.002428 -0.044656 -0.039074 -0.091603 -0.195801 -0.031511 0.042869 0.000027 -0.001180 0.038342 -0.018402 0.002649 -0.000373 0.003059 -0.000328 0.050514 -0.064864 -0.006033 0.036490 -0.004613 -0.108651 -0.105928 -0.082647 -0.002199 0.077466 0.046132 0.104386 -0.001133 0.002190 0.004174 0.056748 0.003344 0.001325 -0.009677 -0.002578 -0.159723 -0.108654 -0.205267 -0.014771 -0.138270 0.005908 -0.076371 0.002505 0.002724 -0.034323 0.045518 0.059005 0.008206 0.013132 0.023468 -0.032978 -0.001972 0.002320 -0.236194 0.000060 -0.092992 0.001766 -0.002564 -0.030010 -0.001225 -0.067824 -0.001722 0.062909 0.002254 0.000069 0.110945 0.007309 -0.075354 -0.001071 -0.071602 0.003269 -0.042032 -0.000998 0.111606 0.000695 0.000661 0.000243 -0.050850 -0.235941 -0.089158 -0.043081 -0.002013 0.125044 -0.000436 0.001349 0.003036 0.001133 0.120436 0.001749 -0.035067 -0.031410 0.004394 -0.087546 0.042553 -0.023817 -0.001904 -0.279325 0.000536 0.001336 -0.058316 -0.015785 -0.002387 -0.002425 -0.001641 -0.028378 0.172256 0.086518 0.064198 -0.011820 -0.000313 0.002940 -0.003895 0.018632 -0.001204 -0.017484 -0.140344 0.105997 -0.001576 -0.023751 -0.053771 0.011619 -0.026385 -0.033068 -0.006754 0.029975 -0.045045 0.089541 -0.094548 -0.036040 0.001195 0.000724
0.001586 -0.001635 -0.024204 0.011004 -0.050842 0.022499 -0.002500 0.003060 -0.001036 -0.002578 -0.000705 0.038488 -0.010252 -0.004933 0.001327 0.016177 -0.001853 0.032992 -0.003408 0.001667 0.000423 -0.013909 -0.046733 -0.013622 -0.036115 -0.002812 -0.000468 -0.001922 -0.003243 -0.003068 0.001245 -0.010062 0.003181 0.038545 -0.020236 -0.049752 -0.036152 -0.015465 -0.007874 0.029704 -0.022443 -0.002374 -0.001198 -0.002528 0.012049 -0.005308 -0.003821 -0.003889 0.002204 0.012717 0.001012 0.001740 -0.017479 0.002636 0.000009 0.000298 -0.004549 -0.000609 -0.020099 -0.003289 -0.003035 -0.001925 -0.020328 -0.016435 -0.001645 -0.000656 -0.029906 -0.033151 0.002852 -0.030877 -0.001739 -0.022021 0.003031 -0.011319 0.002287 -0.003200 0.013274 -0.038130 -0.000468 0.002272 -0.017132 -0.000934 -0.000583 -0.018795 -0.020563 -0.000003 -0.031688 0.009024 0.001415 -0.028010 -0.043900 -0.037090 0.001925 -0.002094 -0.068698 -0.000143 -0.019117 0.018216 -0.070245 -0.011031 -0.026015 -0.000470 -0.002306 -0.002886 -0.000960 -0.014119 -0.070205 0.000235 -0.012069 0.016735 -0.058657 -0.032353 -0.001415 0.000309 0.000817 -0.001413 -0.001857 0.003433 -0.012793 -0.013308 -0.003985 -0.046534 -0.022258 0.001876 -0.014184 -0.000949 -0.033981 -0.008402 -0.018059 -0.048390 -0.013001 -0.031237 0.000281 -0.000268 -0.010580 -0.021933 0.002453 -0.035137 -0.007516 -0.003056 -0.026574 0.009518 -0.000766 -0.003946 0.007937 -0.025825 -0.025182 -0.003134 -0.000240 0.003408 0.027043 -0.000039 -0.001649 -0.001999 -0.002585 0.007125 0.000992 -0.002155 -0.000773 -0.001291 -0.025345 -0.028269 -0.013267 -0.020351 -0.027512 -0.007261 -0.008277 -0.002821 -0.001404 -0.028122 -0.000867 0.001227 -0.003016 -0.011185 -0.080452 -0.017813 -0.001286 -0.018832 -0.067056 -0.002693 -0.022100 -0.001542 -0.002090 -0.020683 -0.019763 -0.014689 0.002048 0.013460 -0.001025 -0.001821 0.020707 -0.001756 -0.012322 0.000673 -0.011797 0.007341 -0.059144 -0.001366 -0.008105 -0.002624 0.001558 -0.002835 -0.002370 -0.031376 -0.021049 -0.027749 -0.000674 -0.007064 -0.001937 -0.000680 -0.050800 -0.001541 0.027863 -0.000125 -0.033284 -0.001510 0.000027 -0.002851 -0.021342 0.010723 -0.001423 -0.011437 0.000252 0.002286 0.005395 -0.057077 0.000854 -0.001618 -0.000179 -0.008578 -0.008796 -0.001958 0.010725 -0.021803 -0.001418 -0.001499 -0.003808 -0.010031 -0.000525 -0.003351 -0.012062 -0.006273 -0.000523 0.010813 -0.024881 -0.002600 -0.004417 -0.004709 -0.004812 -0.017977 -0.026100 -0.030720 -0.010726 -0.025158 -0.001769 -0.002114
0.049952 -0.001863 0.194769 0.317042 0.054536 0.064278 -0.037031 0.002675 -0.001135 -0.001931 -0.002490 -0.074008 0.021275 0.840276 -0.002066 0.076442 -0.003112 -0.001125 -0.000158 -0.000468 -0.001092 0.218862 0.085866 0.374015 0.507676 -0.023663 -0.000584 0.103138 -0.001040 0.108526 0.072143 0.199123 -0.002589 0.272370 0.045385 -0.135185 0.058466 0.298250 0.432876 -0.022224 0.064866 0.266511 0.001902 0.002886 0.013445 -0.084058 -0.001201 0.130081 0.034576 -0.212372 -0.003564 -0.000251 0.579581 -0.002830 -0.001645 -0.002728 0.037234 -0.002348 0.220956 0.113744 0.000894 -0.001328 0.024385 -0.075356 -0.149316 -0.000231 0.179706 0.051724 -0.002081 0.012601 -0.001832 -0.088940 -0.002321 0.456520 0.072801 0.038083 0.389923 0.614250 0.003083 -0.001339 -0.347670 -0.053445 -0.001053 0.000540 -0.033391 0.001622 0.180197 0.296213 -0.000549 -0.373581 0.158484 -0.041468 0.000019 -0.000754 0.132868 0.133826 0.068630 0.092476 0.133620 -0.014133 0.185054 -0.001915 -0.131637 0.001310 0.390685 0.055244 0.044590 -0.000217 0.111688 -0.005143 -0.180342 -0.001024 -0.075044 -0.000873 -0.002239 0.020812 -0.000995 0.000833 0.435662 -0.036181 -0.004104 0.354492 0.198690 -0.012641 0.299650 -0.001038 0.047030 0.081114 0.127964 -0.410672 0.245390 0.082525 -0.001134 0.001514 0.388037 -0.116645 -0.001937 0.143161 0.100802 -0.002281 0.167651 -0.053599 -0.000332 -0.007800 -0.001855 0.035317 0.005194 0.313862 -0.001472 0.028548 -0.003113 0.132290 -0.001716 0.001192 -0.004903 0.010492 0.002827 0.000598 0.000943 -0.001572 0.269862 -0.210639 0.458898 0.439964 -0.116860 0.004596 0.026305 -0.000824 -0.001622 0.050298 0.172916 0.177333 -0.001604 0.313346 -0.091510 -0.123466 0.002090 -0.227071 -0.304505 0.021999 -0.072980 -0.000726 0.000057 -0.063054 -0.014403 -0.254537 -0.001275 0.051595 -0.001427 -0.002298 0.256013 0.001272 -0.042546 0.002267 0.033149 0.259145 0.104279 -0.001868 -0.253985 -0.002293 -0.001859 -0.001995 0.090380 0.144634 -0.044147 0.068850 0.001910 -0.233522 0.002396 -0.002789 0.125713 -0.000130 0.358215 -0.002898 -0.244598 0.088716 -0.003222 -0.124565 0.196254 0.003066 -0.001731 0.094978 0.000727 0.002862 0.300560 -0.012112 -0.000601 -0.002036 -0.001947 0.271815 0.271291 -0.013790 0.342984 -0.020934 -0.000476 -0.000973 -0.001436 -0.071621 -0.000877 0.090318 0.197665 -0.017971 -0.000895 0.049590 -0.164456 0.027376 0.327475 0.297648 0.094711 0.096212 0.003484 0.445261 -0.064579 0.157646 -0.000279 -0.002754
-0.084971 -0.000116 0.001707 0.220539 -0.097738 0.151302 -0.000674 0.000816 0.000983 0.000156 0.000520 0.078353 0.623851 0.343156 -0.003040 -0.076539 0.001322 -0.022055 -0.002300 -0.000763 -0.001637 0.242819 0.057150 0.284480 0.055901 0.002287 0.000871 0.131793 -0.006731 -0.005788 0.267613 -0.231576 0.002723 0.401180 0.016175 0.203790 0.107957 0.065742 0.308309 0.094002 0.118989 0.362417 0.001961 -0.003089 0.230522 0.392133 -0.002729 -0.052254 -0.001597 0.487553 -0.015257 0.000931 0.100458 -0.000785 0.000548 -0.015960 0.093808 -0.000631 -0.199077 0.721633 -0.015087 -0.003074 -0.106153 0.273033 0.156475 0.000162 0.209235 -0.225771 -0.002634 0.027078 -0.010165 -0.100792 0.002672 0.111242 0.290975 -0.001770 -0.126488 0.015943 0.003205 0.001866 -0.144536 0.010148 -0.000017 0.028290 0.395355 -0.008843 0.121494 0.268205 -0.011347 -0.136323 0.045712 -0.324774 -0.002056 -0.000215 0.391831 -0.002590 -0.001919 -0.054894 -0.168445 -0.016064 0.115894 -0.008290 -0.105884 -0.012109 0.078087 0.287490 0.044029 -0.001742 0.147661 0.077040 -0.121882 0.062891 -0.151519 0.000720 -0.005665 -0.011272 -0.001575 -0.003165 0.271853 0.023923 -0.007551 -0.235435 0.006698 0.001045 -0.037631 -0.002185 -0.012505 0.078492 0.225101 0.156487 -0.200217 -0.346583 -0.000692 0.002283 -0.058725 -0.003484 0.000054 0.086168 0.078280 -0.002284 0.510703 -0.067008 0.002788 -0.016134 -0.005033 0.179120 -0.006026 0.096051 -0.001586 0.116137 0.001268 0.495825 -0.006898 -0.000219 -0.012611 -0.071825 0.000997 -0.004361 0.004522 -0.000163 0.039280 0.245343 0.205115 -0.042399 -0.261492 0.185129 0.069059 -0.000669 -0.000972 0.085582 0.047928 0.137243 -0.008915 0.044410 -0.417020 -0.040382 -0.002931 0.365286 -0.302708 -0.006207 -0.129330 0.000772 -0.000522 0.075531 0.002127 0.195772 -0.000416 -0.207848 0.004437 0.002281 0.302330 -0.007053 -0.047869 0.001305 -0.152387 -0.129192 -0.219897 0.001588 -0.092606 -0.000787 -0.000996 -0.005979 0.167837 0.038043 0.265287 0.059448 0.001369 -0.135891 0.001205 -0.002349 0.505743 -0.003156 0.164701 -0.001132 0.327373 -0.082473 -0.001732 0.067275 -0.055982 -0.001449 -0.001834 0.009803 -0.000205 -0.001479 -0.052836 0.339857 0.003279 0.008953 -0.000930 0.097877 0.257105 0.062678 0.106721 -0.058793 -0.005648 0.003569 -0.002949 -0.182731 0.003296 0.315222 -0.075195 -0.120169 -0.001065 0.035921 0.073170 0.017888 -0.137535 0.311491 0.204773 0.307986 -0.001231 0.180278 -0.299337 -0.104631 -0.000054 0.000962
-0.022663 -0.001388 -0.011638 -0.042000 0.028119 0.009378 -0.005968 0.003186 0.002995 0.000589 -0.000693 0.003026 -0.023515 -0.014711 -0.002145 -0.020385 0.000803 0.006533 -0.000771 0.000778 -0.002174 -0.004826 -0.012416 -0.019527 -0.013983 0.007662 0.002246 0.009034 -0.001769 0.002255 -0.007681 -0.016254 0.000053 -0.021911 -0.010534 -0.039722 0.024433 -0.012454 0.000621 0.007218 0.000610 0.013245 0.000963 0.001083 -0.002991 -0.021246 -0.004675 -0.011153 -0.009610 -0.022701 0.004081 -0.001474 -0.017869 0.000178 0.001596 -0.004932 -0.008120 0.000571 -0.009569 -0.014259 0.000259 -0.002081 -0.030130 -0.018070 -0.007701 -0.003508 -0.014358 0.013233 -0.000404 -0.019336 0.002110 -0.011688 0.003160 0.031972 -0.004324 -0.008983 -0.020745 -0.012842 -0.000486 0.002460 -0.009128 -0.002765 -0.001869 0.005197 -0.046085 -0.000819 -0.006173 -0.000180 -0.003088 -0.022102 -0.047184 -0.013634 0.001315 0.002425 -0.032960 0.000321 0.007563 -0.015598 0.001091 -0.005461 -0.028811 0.001776 -0.031431 0.000341 -0.018415 -0.030525 -0.022683 0.000314 -0.008595 -0.009670 -0.002552 -0.041622 -0.018445 -0.000517 0.004013 -0.011813 -0.000997 0.002872 -0.052779 0.014053 -0.004996 -0.018946 -0.008890 -0.007731 0.016445 -0.000110 -0.013627 -0.032848 -0.035771 -0.009165 -0.030583 -0.006147 0.002195 -0.001249 0.000731 -0.046907 0.003206 0.011237 -0.022750 0.000505 -0.016226 -0.009316 -0.002924 -0.023068 -0.000598 0.004715 0.014642 0.004511 -0.002754 -0.008735 0.009783 -0.027878 -0.000402 0.000032 -0.001822 -0.003098 -0.003364 -0.008265 -0.017478 -0.000237 0.000467 -0.015489 -0.013981 0.003038 -0.022789 0.005135 -0.020014 0.003067 -0.001929 -0.017880 -0.002940 -0.000634 -0.013043 0.002287 -0.012523 -0.006278 0.009500 -0.002673 -0.044928 -0.000052 -0.017925 0.000904 -0.000519 -0.032607 -0.018181 -0.001687 -0.001823 -0.004703 0.001345 -0.000762 0.009703 0.016671 0.009447 0.002192 -0.004257 0.005834 -0.008629 0.000291 -0.037223 0.000182 -0.000250 -0.002764 0.001329 0.005179 0.000320 -0.031259 0.002452 -0.008786 -0.000355 0.000181 0.000680 -0.000645 0.024901 -0.000496 0.002591 0.001661 -0.001233 -0.012980 -0.002114 -0.010439 0.000277 -0.011832 0.002746 0.000433 -0.005918 -0.018598 -0.005455 0.000552 -0.001532 -0.015945 -0.009316 0.010753 -0.001946 -0.018885 -0.004414 -0.002552 0.000820 -0.026087 0.002164 -0.004226 -0.019295 0.005240 -0.002151 0.018522 -0.017496 -0.009814 -0.016147 -0.004532 0.006806 -0.008433 -0.012101 -0.004543 0.008797 0.001343 -0.001449 -0.001552
0.260128 -0.003350 0.732346 -0.692593 0.796778 -0.628086 0.005909 0.000995 -0.000006 0.002259 0.000755 -0.043673 -0.671574 -0.002123 -0.002130 0.555966 0.003937 -0.007206 0.001184 0.002605 0.001336 0.087092 -0.253933 -0.098628 0.929197 0.047296 0.000966 0.004518 -0.002108 0.012009 -0.084598 -0.769243 -0.002363 -0.545492 -0.401852 -0.149339 -0.271578 -0.130342 -0.829764 0.364269 0.185653 -0.354900 0.000795 0.008127 -0.132589 0.379239 -0.012157 -0.027029 -0.098755 0.159870 -0.000163 0.001305 0.644373 0.002335 0.003103 0.017066 -0.421748 0.004188 0.078320 0.424741 -0.006540 -0.006592 -0.696277 -0.129222 -0.612548 0.001762 0.243877 -0.444733 -0.000774 -0.009482 -0.008610 0.031800 -0.002098 -0.229378 0.134130 0.073189 -0.303910 0.080458 0.000247 0.005291 1.089073 0.088296 0.007003 0.011302 -0.634957 -0.000895 -0.358378 0.222063 -0.003991 -0.059734 0.173814 -0.341671 -0.000740 0.001693 0.401394 -0.097116 -0.216354 0.317031 -0.554835 -0.024775 -0.563308 0.001029 -0.331326 0.011685 0.796296 -0.309917 0.088104 0.000672 -0.951338 -0.407602 -0.471791 -0.282634 -0.459033 -0.001412 0.012186 0.000347 -0.000921 -0.000761 0.104475 0.137842 -0.024185 -0.508558 -0.365048 0.027458 0.827862 0.000309 -0.053277 -0.394775 -0.188469 -0.481825 -0.053949 0.807402 -0.000438 0.001118 0.073657 -0.258336 0.000420 -0.177915 0.199669 -0.003485 0.284786 0.041341 0.005788 0.032080 -0.002917 -0.304658 -0.514746 -0.327316 -0.000690 -0.083950 0.014522 -0.296989 -0.000721 -0.000965 0.001951 0.018927 -0.001315 -0.003776 -0.002825 -0.000327 -0.431186 -0.365976 -0.155760 -0.096328 -0.196992 -0.364781 -0.407145 0.001130 -0.001803 -0.399454 0.001866 -0.234165 0.013255 0.601571 -0.143529 -0.082609 -0.009332 -0.580765 0.038690 0.010950 -0.412913 0.002511 -0.001842 0.275409 0.008610 -0.540005 0.003244 0.163505 0.005413 -0.002958 -0.183830 -0.004722 -0.029414 -0.000579 0.039223 0.123409 0.080822 0.002585 -0.585528 -0.001901 0.005668 0.000131 0.302209 -0.313395 -0.543148 -0.673050 0.001473 -0.191511 0.001551 -0.000662 0.413116 -0.002278 -0.221208 -0.001241 -0.140855 -0.337838 -0.006380 -0.597726 0.831778 -0.041867 -0.000573 -0.717626 0.001055 0.000037 0.013627 -0.915297 -0.001659 -0.010493 -0.001319 -0.025580 0.694365 -0.031785 0.386048 -0.344259 0.002928 0.005881 0.002123 0.215429 0.002964 -0.128129 -1.005011 0.896047 0.000707 -0.032857 -0.580327 0.022241 0.454195 -0.248790 -0.151042 -0.358860 -0.026783 -0.038272 0.374047 -0.422242 0.001243 0.002396
-0.095985 -0.002334 0.315057 0.195713 -0.171337 -0.184898 0.010480 -0.001760 -0.004334 0.010965 0.000211 -0.360418 -0.190108 -0.023299 -0.001538 -0.138708 -0.001742 -0.005564 -0.001092 0.000493 -0.000220 0.155729 0.063779 0.262338 0.046865 -0.008894 -0.002361 0.001571 0.004603 0.026976 -0.146439 -0.100316 0.003325 -0.092606 0.323197 -0.018310 -0.167155 -0.037886 0.009274 -0.412724 -0.352096 0.667225 -0.000406 -0.000434 0.188704 -0.145950 -0.000369 0.356327 0.012784 -0.152455 -0.005072 0.002540 -0.129309 -0.001458 -0.002019 -0.009201 0.256887 -0.002452 -0.054510 0.134531 0.010853 0.002592 -0.028922 -0.062266 0.525901 -0.001363 -0.106914 -0.104788 -0.001883 0.013743 0.011783 -0.319619 -0.000946 0.328745 0.224334 -0.137662 -0.174754 0.241716 -0.007979 -0.005641 0.325341 0.133191 0.005194 0.000159 -0.093076 0.000060 0.237903 0.056686 -0.000400 -0.135738 -0.062098 -0.222083 -0.000946 -0.002470 0.079360 -0.014445 0.028477 -0.029223 -0.301258 -0.000282 -0.139601 -0.005603 -0.133164 0.006960 -0.134840 0.109811 0.156887 -0.000608 -0.253865 -0.117322 -0.042808 0.045390 -0.177808 0.004593 -0.001987 0.001182 -0.000452 0.000095 -0.446702 0.101235 0.011263 0.187400 0.006805 0.010918 0.065673 0.003044 0.009975 -0.480279 -0.013566 0.048107 -0.153841 -0.059762 -0.001004 0.000318 -0.214150 -0.245492 -0.000730 -0.216300 0.200706 -0.001530 0.093922 0.006715 -0.004509 -0.011996 0.018456 0.352042 -0.058409 0.264539 0.000988 0.122510 -0.023562 0.301367 -0.004859 -0.002062 -0.004781 -0.056690 0.000556 -0.014034 -0.012988 0.002916 0.097793 -0.281814 -0.023354 0.121573 0.115991 -0.114801 0.224114 -0.001465 -0.001482 0.005931 0.039591 0.232204 -0.006056 0.101177 -0.168843 0.356130 0.003335 -0.175170 -0.265868 0.023782 -0.210837 -0.000895 -0.002334 -0.212646 -0.014127 0.023595 0.001460 0.088568 0.011214 0.000070 0.108690 -0.015370 -0.007259 0.003340 -0.252637 -0.053028 0.210929 0.000712 0.117019 -0.001339 0.012114 -0.007784 0.267727 -0.087052 0.106821 -0.302783 -0.000877 0.213298 0.001582 -0.001608 0.543598 0.000876 0.108071 -0.002161 -0.099841 0.348497 0.001975 0.009512 -0.063858 0.012184 -0.002521 -0.180698 -0.001482 -0.001081 -0.059871 0.341573 0.013825 0.014310 -0.003982 0.203227 -0.025388 0.028095 0.254016 -0.081976 0.008362 0.000758 0.011035 -0.203657 -0.000600 0.270013 0.012681 -0.038847 0.001688 -0.009548 -0.087082 0.021486 -0.093311 0.718111 0.051087 0.249980 0.016340 -0.046222 0.004007 0.202132 0.001634 -0.010694
-0.014274 -0.001305 0.022944 0.035112 0.095671 0.002341 0.010946 -0.001460 -0.002390 -0.003000 -0.001618 -0.063175 -0.036198 -0.004254 0.000234 -0.041972 0.001966 0.004687 -0.000556 -0.000692 -0.002334 -0.028815 0.058257 -0.106242 0.042919 0.006809 0.000573 -0.006671 -0.008950 -0.000397 -0.011744 -0.134033 -0.001619 -0.097221 0.018708 -0.050605 -0.127452 0.033628 0.102669 -0.066642 0.000656 0.036933 -0.001235 -0.002324 0.080139 -0.021502 -0.002248 -0.001357 -0.001662 -0.073623 -0.004491 0.002624 -0.132513 0.000018 -0.002397 -0.020428 -0.027387 0.006252 -0.129007 0.034181 -0.009524 -0.003040 0.024692 -0.036167 -0.054507 -0.000724 -0.120482 0.042244 0.001207 0.002048 0.002414 -0.137996 -0.003303 0.163808 0.108161 -0.026882 -0.054658 -0.076648 0.003135 0.000431 0.075516 -0.002022 -0.012040 -0.010811 -0.122905 -0.002571 -0.007886 0.045942 0.001001 -0.103976 -0.185578 -0.054739 -0.000480 -0.001646 -0.054301 0.035350 -0.006312 -0.025066 -0.051318 -0.030419 -0.000645 -0.001459 -0.079788 0.006991 -0.020297 0.049396 0.050681 0.003278 -0.067738 0.006062 0.080068 -0.096462 -0.078108 0.003011 -0.000619 -0.014339 -0.003360 -0.000928 -0.149630 0.012494 0.000486 -0.011568 -0.000521 0.014985 -0.038224 -0.000391 -0.007271 -0.058186 -0.036744 -0.025214 -0.116608 -0.120735 0.000921 -0.000499 -0.050134 -0.066836 -0.001307 -0.007790 -0.018297 0.000166 -0.250502 -0.002755 -0.001594 -0.005961 0.005756 -0.011517 -0.055464 0.017075 -0.000820 -0.061359 0.002498 -0.011632 0.003650 0.000145 -0.002430 -0.023240 0.002278 0.001559 -0.014611 0.001653 -0.001590 -0.057070 -0.060543 -0.051120 -0.009511 -0.112210 -0.092742 0.000059 -0.000373 -0.081225 -0.040207 0.011481 0.007911 0.031334 -0.088246 0.043962 0.000689 -0.009085 -0.166021 -0.001047 -0.155592 -0.000258 -0.003390 -0.054207 -0.009287 -0.036753 -0.001020 0.075195 -0.000679 -0.001041 0.060122 -0.001528 0.087258 -0.001694 -0.077409 0.105006 -0.104899 -0.001475 -0.050425 0.001474 0.010342 -0.003488 -0.059291 -0.037158 -0.103129 -0.135500 -0.002749 0.152739 -0.002881 -0.001394 -0.142106 -0.002829 -0.075571 -0.000617 0.149919 0.125604 0.002640 -0.138459 0.013415 -0.000905 -0.001702 0.072795 -0.001549 0.000116 -0.026572 0.006455 -0.000969 0.006152 -0.000367 -0.057107 0.091708 0.101412 -0.011835 0.046319 -0.003205 -0.002393 -0.003775 -0.152402 -0.000680 -0.051894 -0.064127 0.054269 0.001043 -0.069201 -0.086450 -0.007799 -0.019677 -0.023093 0.059807 -0.051466 0.003336 -0.032553 -0.008820 -0.021745 0.002634 0.002534
-0.021106 0.000363 0.249929 -0.028229 -0.096174 0.007050 0.022255 -0.000094 -0.000087 0.001635 -0.001729 -0.057163 0.065024 0.007847 0.000660 -0.030291 0.002748 -0.008321 0.006794 0.001638 -0.000819 0.006660 0.088994 0.085970 0.108024 -0.009417 0.001347 -0.010565 -0.000073 -0.035322 -0.001869 -0.081080 0.000584 -0.095203 0.017719 0.012873 0.017562 -0.025755 -0.011731 -0.039252 -0.169855 0.069655 -0.000686 0.001131 -0.002003 -0.047387 -0.009434 0.005420 -0.001387 -0.095637 -0.012512 0.002478 0.056364 0.001091 0.000003 -0.013881 -0.008948 -0.001197 0.146692 -0.029237 0.005689 -0.000553 -0.067976 -0.154372 -0.016021 -0.002532 -0.078659 -0.217725 -0.000022 0.000060 0.008096 -0.140420 0.001602 0.065285 0.037027 0.046096 -0.085737 -0.077518 -0.000364 0.040154 -0.027347 0.037047 -0.003471 -0.023544 -0.021699 0.004999 -0.100980 0.032264 0.002232 -0.110467 -0.028141 -0.161953 0.000953 0.002966 -0.126326 0.196416 0.005239 0.049670 -0.074098 -0.017267 -0.054147 0.032033 -0.074760 0.033633 -0.072710 0.001616 -0.062148 -0.001053 -0.089651 -0.008028 -0.038683 -0.102608 -0.182462 0.000882 -0.002142 -0.024763 -0.004001 -0.003195 -0.090037 -0.018601 0.013084 0.034015 -0.078661 0.041148 0.064719 -0.000778 0.025583 -0.146475 0.039241 0.016985 -0.034714 0.046001 0.001182 -0.000521 -0.014368 -0.063871 0.003085 0.036104 -0.108727 -0.000032 -0.093716 0.036201 0.002156 0.033797 0.004013 -0.022848 -0.040554 0.038870 0.001014 0.145785 0.023900 0.065609 0.010197 -0.003034 0.014913 -0.031665 0.001815 0.011746 -0.010247 0.000867 -0.098223 -0.070030 -0.017773 0.018628 -0.239062 -0.017891 -0.061904 0.000001 -0.003117 0.049658 -0.087272 0.032468 0.001214 0.003662 -0.147213 -0.053677 -0.011635 -0.078058 -0.178183 0.027563 -0.102175 0.001938 0.000984 -0.029931 0.009842 -0.039243 0.000862 0.006552 0.000676 0.000617 -0.076678 0.018678 0.028341 0.002956 -0.072586 0.001204 -0.101154 -0.001576 -0.013029 0.000792 0.010817 -0.007889 -0.052477 -0.139828 -0.000028 -0.085586 0.004144 0.060765 -0.003112 -0.001533 -0.062322 -0.000498 -0.201342 0.002709 0.004386 -0.029014 0.000713 -0.007768 0.134217 0.000268 -0.001958 0.004827 -0.002115 -0.001227 -0.097738 -0.234312 -0.002633 -0.006414 -0.001957 0.071278 0.023467 -0.023676 0.155377 -0.010535 -0.000763 0.025306 0.020964 -0.098290 -0.002597 -0.138397 0.090913 0.178817 0.002966 0.032733 -0.061254 -0.019302 0.013938 0.014580 0.005347 -0.028648 -0.007886 -0.047493 0.125125 -0.018488 -0.002093 0.001014
-0.008362 0.003265 0.004223 -0.005111 0.001829 -0.006099 -0.014138 -0.003340 -0.001555 -0.000719 0.000793 0.001680 0.007529 -0.000825 -0.000493 -0.002357 0.002603 -0.004537 0.000515 -0.002527 0.002736 -0.028988 0.002543 -0.003158 -0.006398 0.003015 -0.000150 -0.003727 0.004444 -0.003725 -0.001460 -0.003013 -0.003424 -0.004395 -0.003434 -0.010372 -0.005106 -0.024234 -0.006871 -0.007945 -0.021876 -0.002244 0.000655 0.001601 -0.002332 -0.007353 0.000167 -0.003229 -0.003910 0.001635 0.004638 0.002063 -0.004318 -0.001018 0.000280 0.012183 -0.003272 0.000744 -0.003997 0.000965 -0.000792 -0.001294 0.006863 -0.005824 0.000775 0.000788 -0.003528 -0.004425 -0.000983 -0.006810 -0.005759 -0.029183 0.003068 0.000100 -0.000994 0.003168 -0.005177 -0.009743 0.004072 0.004025 -0.018749 0.001581 -0.000945 0.000066 -0.002051 -0.002248 -0.004421 -0.013338 0.006297 0.005710 -0.032521 -0.012666 -0.002973 0.002606 -0.019434 -0.001897 -0.005816 -0.002711 -0.009277 0.003949 -0.004307 0.000048 -0.008177 -0.003092 -0.012031 0.000870 0.007633 -0.001165 -0.015004 -0.006785 0.007542 -0.018147 -0.016120 0.001111 -0.001519 -0.001073 -0.000763 -0.002977 -0.002414 0.000892 -0.001328 -0.022127 -0.016148 -0.005784 -0.002293 0.000255 -0.007830 -0.018912 -0.010645 -0.011982 -0.000010 0.005334 0.002357 0.001071 -0.003410 -0.007360 0.000884 0.004947 -0.000998 0.001214 -0.030763 0.000371 0.005674 -0.001997 -0.000648 -0.012217 -0.004460 0.002630 0.001495 -0.006806 -0.028468 -0.001985 -0.001064 -0.001168 -0.000613 0.000561 0.000999 -0.001258 -0.002157 0.001481 -0.010966 -0.001935 -0.017313 0.003565 -0.008365 -0.008858 -0.000481 0.002697 0.000203 -0.034468 -0.001162 -0.001694 -0.003744 -0.005775 -0.012876 -0.002976 0.003225 0.001904 -0.012208 0.000957 -0.006217 0.000856 0.001228 -0.009826 0.006736 -0.007166 -0.002087 -0.005870 0.002362 0.000203 -0.004340 -0.002250 -0.008412 -0.000933 -0.018702 0.000464 -0.004960 0.000402 -0.005905 0.001229 0.007327 -0.003147 -0.006304 -0.015373 0.003535 -0.034157 0.000123 0.000549 0.002341 0.002819 -0.003221 0.000494 -0.003235 0.001283 -0.002816 -0.001296 -0.002786 -0.003258 -0.002341 0.001629 -0.000439 -0.002075 -0.000748 -0.001096 -0.008652 -0.024912 -0.001277 -0.018271 0.005844 -0.001474 -0.005233 -0.004933 -0.005021 -0.007372 -0.001422 -0.001945 0.001800 0.004401 0.003341 0.006281 -0.010057 -0.010806 0.003319 -0.006474 -0.002022 -0.000343 -0.001957 -0.004558 -0.002587 -0.006030 0.007966 0.006446 0.003235 -0.020523 -0.000268 -0.001161
-0.012273 0.007536 -0.000234 -0.002752 -0.020667 -0.035962 -0.000326 -0.002372 -0.002412 0.001011 0.003200 -0.010773 -0.034461 -0.040792 0.000568 0.000405 0.002618 -0.003396 -0.000799 0.003670 0.000751 -0.000498 0.012520 -0.022939 0.008002 0.000219 0.003227 -0.004392 -0.006461 0.001182 -0.006998 -0.023086 0.003862 -0.016451 -0.000537 -0.008454 0.001367 -0.002570 -0.010221 -0.020078 -0.015831 0.007422 0.002231 0.000946 -0.001730 -0.030847 0.001344 0.004126 -0.000148 0.012415 -0.001906 0.001279 -0.008818 0.000086 0.002822 0.001108 -0.003529 -0.002364 -0.017277 -0.002239 -0.000971 -0.002191 -0.020009 0.000391 -0.019882 -0.002323 -0.048995 -0.028407 0.000646 0.011122 -0.003195 -0.066747 0.000924 0.002405 -0.001226 -0.026025 0.003855 -0.010022 -0.001286 0.002554 0.002542 0.000635 0.001622 -0.001852 0.006383 -0.003612 -0.001967 -0.001046 0.002284 -0.011923 -0.045180 -0.004359 0.001324 0.002937 -0.003368 0.005075 -0.006182 0.004289 0.002362 0.000748 -0.004470 0.001231 -0.028633 -0.003399 -0.027128 -0.010656 -0.037381 -0.002313 -0.029519 -0.033858 -0.009341 0.010887 -0.032124 0.001256 -0.004036 -0.004735 0.000434 0.002103 -0.003058 0.022363 -0.001416 -0.004284 -0.016153 0.002651 -0.007181 -0.001215 -0.011290 -0.004770 -0.017207 -0.024350 0.004086 0.036962 0.000195 0.000408 -0.019804 -0.038012 0.001231 0.001821 -0.003419 -0.001162 -0.011753 -0.002336 -0.003253 0.015525 -0.000226 -0.005243 -0.042270 -0.001041 0.000551 0.006189 0.003622 0.000293 0.001379 -0.002489 0.001521 0.018537 0.001764 -0.001604 0.000787 0.002610 0.001828 -0.016308 -0.000194 -0.007744 -0.040693 -0.024922 0.005076 -0.001169 -0.000279 -0.001019 0.000406 0.000211 -0.002397 -0.008983 -0.033837 0.000192 -0.002397 0.005517 -0.069202 -0.002522 0.002594 -0.002323 0.003098 -0.032281 0.000350 -0.005053 0.002901 -0.010496 0.001401 0.002630 -0.011951 -0.003895 -0.009253 0.000538 -0.015447 -0.001315 -0.044651 0.000979 0.000299 0.003976 0.017656 0.001280 0.005115 -0.033194 0.000927 -0.034343 -0.000302 -0.001189 -0.001466 -0.001115 -0.009696 0.000630 0.027319 0.001912 0.003065 0.000351 -0.000128 -0.002236 0.013672 -0.000517 0.001201 -0.015083 0.000470 0.005488 0.000154 -0.036791 -0.000779 -0.000921 0.001325 -0.001278 -0.008200 0.001233 -0.009712 -0.004457 0.000674 0.000075 -0.003539 -0.036645 0.000006 0.011500 -0.011025 -0.014156 0.001326 -0.019711 0.001159 -0.003093 -0.006325 -0.000699 -0.003486 0.002452 -0.014614 -0.019885 -0.004585 -0.022018 0.002840 -0.000027
0.007209 -0.005130 -0.009125 -0.013533 -0.068266 -0.016683 -0.005302 -0.000520 -0.004310 -0.000935 0.000424 -0.009300 -0.001611 0.003550 0.003510 -0.036118 0.000912 -0.003377 -0.003211 -0.001405 -0.001002 0.000465 -0.004047 -0.001984 -0.012677 -0.009108 0.002050 -0.001571 -0.005714 0.001097 -0.004352 -0.041720 0.004540 0.016693 0.020267 -0.035966 -0.030979 -0.030792 0.000981 0.001595 -0.007264 0.000231 -0.000444 0.000289 0.018973 0.007881 0.001053 0.005047 0.000420 -0.001576 -0.007000 0.001413 -0.007372 0.000027 0.000698 -0.000112 -0.002698 -0.001767 0.002966 0.002733 0.000499 -0.001944 -0.027003 -0.007538 -0.014143 -0.002442 -0.025217 -0.016596 -0.002298 -0.017483 -0.003414 -0.017230 -0.000808 -0.010858 -0.001474 -0.004546 -0.000202 -0.019739 0.002831 0.003360 -0.002053 -0.002207 0.000765 0.001505 -0.048843 -0.004232 0.003283 -0.020310 0.005990 -0.015063 -0.007473 -0.059474 0.001542 -0.001271 -0.019618 0.005590 -0.000839 -0.011635 -0.041243 -0.003297 -0.006303 -0.001417 -0.006250 -0.003103 -0.043519 0.036015 0.001389 -0.000505 -0.006362 0.005549 -0.033778 0.005053 -0.036559 -0.001451 0.002140 -0.007266 -0.001736 -0.001076 -0.028657 0.014586 -0.003656 -0.021039 0.001643 -0.007042 -0.004254 -0.003241 -0.016324 -0.053979 -0.010818 -0.015086 -0.007377 -0.017051 -0.000998 -0.000984 -0.039195 -0.051169 0.001604 -0.034457 -0.002321 -0.001291 -0.019065 -0.004634 -0.007399 -0.019704 -0.003053 -0.018328 -0.005707 -0.000443 0.000867 0.004718 -0.007030 0.007006 0.002366 -0.000118 0.001959 0.012661 0.001745 0.000145 0.000572 -0.000390 0.023220 -0.024246 0.004503 0.000650 -0.032519 0.002065 0.001652 -0.001213 -0.003663 -0.003630 -0.005584 -0.000032 -0.002423 -0.038735 -0.047980 -0.008995 -0.001493 -0.012912 -0.059926 -0.005143 -0.050761 0.000941 0.000505 -0.006300 0.000112 -0.035184 0.001559 -0.020307 0.001056 -0.001501 -0.002062 -0.003864 0.012420 0.001488 -0.041411 -0.001263 -0.034324 -0.001611 0.010774 -0.002584 0.000326 -0.002596 -0.002709 -0.006466 -0.004615 -0.056602 0.000364 -0.008605 0.001333 -0.002627 0.002492 -0.002058 -0.022521 -0.000695 -0.002059 0.012787 0.005732 -0.013945 -0.011330 -0.000117 -0.000534 -0.028663 0.000349 0.002142 -0.003956 0.008487 -0.003805 -0.002199 -0.001828 -0.021810 -0.007743 0.002566 0.004241 -0.003068 -0.001145 -0.001414 -0.004467 0.001615 0.001313 -0.020381 -0.012567 0.003450 -0.000204 -0.001261 -0.049070 -0.002068 -0.015588 0.001520 0.001101 0.000742 0.021313 0.000663 0.007468 -0.005544 -0.001314 -0.000087
-0.158957 -0.002557 -0.159043 -0.038816 -0.108135 -0.023446 -0.015052 -0.000092 0.000553 0.001504 0.000816 -0.059083 0.322233 -0.010444 -0.002447 -0.232676 0.003986 0.005190 0.001337 0.000685 0.000427 0.156756 0.187275 -0.041609 0.070931 0.005938 -0.002063 0.014647 -0.000852 0.012366 0.065649 -0.297306 -0.001041 0.032162 0.110474 -0.180013 -0.097494 0.034866 -0.141370 -0.226825 -0.189760 0.026596 0.001205 -0.001397 0.041557 -0.123903 -0.003244 -0.070036 -0.010207 -0.134203 0.003655 0.000727 -0.078781 -0.000247 0.000627 0.008639 -0.045208 0.000451 -0.096513 -0.026527 0.003138 0.004427 -0.131166 0.306460 -0.004304 -0.000417 -0.198640 -0.204183 -0.001720 -0.003105 -0.000874 -0.193262 0.000274 0.279396 -0.020364 0.015412 0.228615 -0.136148 0.002266 0.003121 0.192242 0.000625 -0.003919 -0.009010 0.344155 -0.004407 0.002853 0.121787 0.003613 -0.217673 -0.275225 -0.311353 0.001646 0.001260 -0.082304 0.014565 0.105059 0.157449 -0.173599 0.000484 -0.025480 -0.004040 -0.055899 -0.006462 0.246884 0.202908 0.000480 0.001797 0.080428 -0.014148 -0.054062 -0.042987 -0.195218 -0.001362 -0.000691 -0.007887 0.000865 -0.001194 -0.042593 -0.006586 0.108396 -0.227208 0.035285 -0.013663 0.222914 0.000170 0.007737 -0.402071 0.047975 -0.339761 -0.209306 0.002509 0.000373 0.001407 0.001270 0.109792 -0.001862 0.410391 0.161347 -0.000963 -0.037845 -0.021569 0.006725 -0.005934 0.001057 -0.045609 0.161349 0.118623 0.002375 -0.029130 -0.006394 0.346028 -0.002968 0.001478 -0.000190 0.001256 0.001453 0.008738 0.000074 0.001321 0.401951 -0.137757 -0.011541 0.104123 -0.464998 -0.117532 0.068136 0.000270 -0.001035 -0.222455 -0.005782 0.223056 -0.005043 0.090542 -0.178724 0.118196 -0.007098 0.133903 -0.442488 0.054366 -0.004936 -0.001149 -0.001482 -0.098753 -0.001159 -0.046406 0.001567 0.055230 0.001471 0.001263 0.223571 0.010282 -0.049541 -0.000668 -0.179145 0.091698 -0.223193 0.000853 0.224881 0.000481 -0.011112 -0.002273 0.024309 -0.086582 -0.099834 -0.271093 0.002788 -0.002970 0.000439 -0.000306 0.179916 -0.001973 0.220564 0.002707 -0.164369 0.046750 -0.002375 -0.024259 -0.070523 -0.000274 -0.001921 0.130169 -0.004295 -0.001720 0.002746 -0.166440 -0.001176 0.007321 -0.000497 -0.131258 0.041157 -0.003463 -0.016595 0.216250 0.005123 -0.003238 0.006990 -0.227222 0.001615 0.180663 0.006805 0.139510 0.001714 0.046269 -0.112798 0.027709 -0.098584 -0.041303 0.047287 0.181078 -0.002093 -0.180419 -0.142195 0.174624 0.000259 0.001534
0.058837 -0.000673 0.037538 0.031570 -0.073446 -0.012649 -0.000531 0.000783 -0.000863 -0.002636 -0.002055 0.011318 -0.044651 -0.016554 -0.000345 0.014846 -0.000590 -0.000078 -0.003871 -0.001759 -0.000881 0.092219 0.043018 0.033382 0.006177 0.052510 0.001464 0.018736 -0.000459 -0.001843 0.046051 -0.074747 -0.001021 -0.009482 -0.000819 -0.075562 -0.047723 -0.018261 0.041430 -0.024634 -0.017283 0.017500 -0.001319 -0.001525 0.052625 -0.046476 -0.003588 -0.000893 -0.001297 0.017502 -0.000654 -0.002243 -0.010741 -0.000496 -0.001672 -0.001202 0.028010 -0.003241 -0.030547 0.070713 -0.001056 0.000010 -0.091815 -0.035796 -0.023569 -0.003537 -0.045095 -0.147380 -0.002205 0.062006 -0.000659 -0.113650 -0.000256 0.033592 0.151664 0.095173 0.029557 -0.052766 -0.000564 -0.000772 -0.137399 -0.002828 -0.001230 0.040788 0.022242 0.000115 0.050553 0.036206 -0.000732 0.049312 -0.145824 -0.139916 -0.001337 -0.003107 -0.108819 0.066397 0.060375 0.220724 0.023617 0.021540 0.013657 0.001492 -0.043210 0.007992 0.018173 -0.011527 0.133022 0.001491 -0.022325 -0.029911 0.025694 -0.126746 -0.098907 -0.000591 -0.002044 -0.002486 -0.002774 0.000991 -0.030486 0.067381 -0.002080 -0.053904 -0.025194 0.033574 0.124318 -0.002779 -0.030976 -0.151594 -0.076505 -0.079900 -0.086865 0.038217 -0.001063 -0.001755 -0.045629 -0.021574 0.001675 -0.018212 -0.064399 -0.002096 -0.061193 -0.047170 -0.002198 -0.003315 -0.000693 -0.071322 -0.091501 0.095815 -0.002373 0.041159 -0.002381 0.022172 -0.000547 0.000428 -0.003220 0.042493 -0.000535 -0.002863 -0.000123 -0.001858 0.054554 0.016987 -0.065100 0.127262 -0.022074 -0.058233 0.014923 -0.000529 0.000113 -0.036504 -0.051010 0.055925 -0.002349 0.200032 -0.143195 -0.037470 -0.000096 -0.039618 -0.229018 -0.003906 -0.102116 0.000417 -0.001554 -0.039966 -0.033878 -0.029424 -0.000862 -0.010783 -0.000188 -0.000496 -0.002138 -0.002609 -0.032440 0.000187 -0.096314 0.095553 -0.107894 -0.001349 -0.085705 0.001479 -0.000090 -0.001110 -0.002377 -0.069584 -0.040093 -0.100177 -0.000914 -0.076181 -0.001400 -0.003024 0.155227 -0.001855 0.062139 -0.001633 0.000196 -0.011780 -0.002202 -0.056181 0.087403 -0.002952 -0.001997 -0.014881 -0.000531 0.001245 0.012615 -0.032279 -0.003330 -0.000541 -0.000800 -0.101289 0.066917 0.229190 0.072032 0.001011 -0.006532 -0.001350 0.000014 0.048230 -0.000633 0.056309 -0.061136 0.002556 0.001378 0.013650 -0.047453 -0.024390 0.023443 0.088136 -0.039665 0.023188 0.040701 -0.008310 0.114593 -0.059148 -0.003332 -0.002689
0.409665 -0.000272 0.547101 -0.071427 0.481395 0.042818 0.004203 0.000693 0.004181 -0.008659 0.001575 -0.303900 0.355911 -0.009041 0.002913 -0.124983 0.000290 -0.008541 -0.003101 -0.001039 -0.001819 0.066830 0.007145 0.029308 0.454516 0.057068 -0.003390 -0.048764 0.000607 0.024586 -0.054793 0.016594 0.002955 -0.227483 0.004827 -0.364665 0.008890 0.247064 0.161226 -0.083360 -0.020924 0.005994 -0.003226 -0.001226 0.005702 0.142270 -0.001317 0.083632 0.038043 0.216335 -0.019236 0.000335 0.185697 -0.000033 0.001319 -0.007951 -0.097086 0.009995 -0.423318 0.047566 0.004786 -0.001473 -0.114803 0.211139 -0.068404 0.001504 -0.223184 -0.227051 -0.002175 0.012516 -0.006593 -0.169209 -0.002830 0.248630 0.265416 -0.124502 -0.034254 -0.031682 0.003069 0.001841 0.207955 -0.043202 -0.002563 0.005482 -0.259545 -0.003658 0.035400 0.020786 -0.005150 0.040269 -0.485549 -0.198140 -0.002124 -0.001889 -0.041408 0.356012 -0.000822 0.395190 0.223474 -0.006849 0.173255 0.014381 -0.083662 0.015283 -0.053069 0.061767 0.005297 0.001174 0.006158 0.116471 -0.007832 -0.138043 0.022203 -0.002007 -0.008784 -0.014604 -0.001810 -0.000670 -0.257181 -0.006127 -0.002580 0.154745 0.014689 -0.000995 0.309582 -0.003725 -0.003358 -0.163699 -0.142334 -0.094612 0.049446 -0.011134 0.002008 -0.000308 0.254193 -0.104369 0.002426 0.119145 0.128322 -0.003977 -0.255664 0.000212 -0.002610 -0.000072 -0.003092 -0.105469 -0.120331 -0.041580 -0.002679 0.347490 0.003766 -0.237812 0.002946 0.001913 -0.004337 -0.097668 0.001458 -0.011012 0.009892 -0.002573 -0.400357 0.135590 -0.016049 0.303828 -0.211067 -0.019778 0.013881 0.000171 -0.000805 -0.360436 0.105966 -0.053130 0.001945 -0.048947 0.019493 -0.058608 -0.014863 0.001741 -0.612231 0.007040 0.046735 -0.001044 -0.002541 0.059584 -0.012303 -0.610523 -0.000316 0.101930 0.003311 -0.001203 0.032691 -0.000054 -0.101892 -0.001164 -0.015735 0.202690 0.080871 0.002273 0.029932 0.001104 0.003860 0.004962 0.131939 0.208072 0.169862 -0.356299 -0.000795 -0.001215 0.000819 -0.003169 -0.102397 -0.002371 0.315866 0.001426 -0.048477 -0.009887 -0.001377 0.181950 0.354031 0.001607 -0.001545 -0.067471 0.000585 0.003202 -0.011495 -0.098871 -0.003674 -0.001506 0.007988 0.204624 0.040119 -0.052543 0.355504 -0.214891 -0.008163 -0.002687 -0.000647 -0.050507 -0.003077 -0.106103 0.129918 0.232824 -0.001470 -0.012100 -0.140615 -0.015785 0.037535 0.012197 -0.021716 0.005836 0.033668 0.127255 0.185175 -0.062861 0.003298 -0.010801
0.006737 0.003259 -0.018687 0.022405 -0.004834 0.008448 -0.012352 0.001561 0.000866 -0.001849 0.001610 -0.037816 0.001256 0.035584 -0.000893 -0.034227 -0.000214 -0.005192 -0.002973 0.002964 0.000793 -0.013348 0.009427 -0.013062 0.019733 -0.001286 0.000283 -0.012675 -0.000456 -0.000102 -0.004524 -0.032789 0.000776 0.003350 -0.035194 -0.032693 -0.013901 0.005663 0.000075 -0.021689 -0.008722 0.000769 0.000728 0.002636 -0.019370 -0.002159 -0.002183 -0.004257 0.011008 -0.019686 -0.003737 0.002398 -0.020640 0.002617 0.003304 -0.006434 0.004973 0.001717 -0.043962 0.010163 -0.002094 -0.002679 -0.039751 0.055922 -0.011375 -0.003098 -0.015852 -0.036995 -0.000970 -0.009709 -0.000642 -0.056735 0.001139 0.023725 -0.009952 0.000415 0.010736 -0.010026 -0.008404 -0.001001 -0.020631 -0.000929 -0.006757 0.045214 -0.045313 -0.000140 -0.018565 0.014532 -0.000322 -0.035220 -0.078181 -0.025553 -0.001152 0.000612 -0.040322 0.001476 0.014917 0.001614 -0.035145 0.014044 -0.013208 0.002172 0.007831 -0.003615 0.007053 -0.032002 0.007040 0.000657 -0.047470 -0.027801 -0.053973 -0.042845 -0.026004 -0.001574 -0.001975 -0.006155 -0.000532 -0.002371 -0.061887 -0.000103 -0.006339 -0.021758 -0.016349 0.025679 -0.010684 -0.000786 0.009659 -0.068203 -0.058755 -0.025798 -0.014861 0.049144 0.000764 0.001938 -0.003524 -0.030926 0.001091 -0.021511 -0.015484 0.001133 -0.052295 0.008915 0.000393 0.010694 -0.002228 -0.040469 -0.016451 0.000894 0.001692 0.003322 -0.021486 0.014138 -0.002015 -0.001985 -0.001256 -0.026284 -0.000054 0.031233 0.000765 -0.000146 -0.041762 -0.016988 -0.014724 -0.011257 -0.012417 -0.007214 0.003289 0.002002 0.000045 -0.043801 0.024505 0.007430 -0.007742 0.006927 -0.037628 -0.021757 0.005930 -0.000772 -0.082230 0.001585 -0.016261 0.001292 0.002620 -0.069083 0.012250 -0.037743 0.003285 -0.023224 0.003894 -0.001467 -0.037164 -0.000198 -0.015180 0.001466 -0.065483 -0.019477 -0.058371 0.001032 -0.039376 -0.000512 0.000427 -0.001149 -0.002134 0.010690 0.013340 -0.072530 -0.002603 -0.024700 0.002013 0.002238 -0.014135 -0.001228 -0.004795 0.001488 -0.026904 -0.067969 -0.002233 0.009295 0.056836 0.001297 -0.001069 -0.056294 0.000457 0.001605 0.008954 -0.090302 -0.000134 -0.008176 -0.001037 0.004110 0.020573 -0.002385 0.025609 -0.010196 0.001462 0.012141 0.000186 -0.012516 0.001479 -0.007606 0.013654 0.005163 0.000514 -0.020204 -0.012127 -0.000645 0.043217 -0.042134 0.005956 0.053873 -0.022311 -0.011266 0.015305 -0.001029 0.002747 -0.002310
0.175431 0.000061 0.328639 0.190485 -0.153159 0.062514 -0.029060 -0.003196 -0.000276 -0.005382 -0.002730 -0.224700 0.690834 0.133846 -0.002182 -0.254657 0.002273 -0.004645 -0.002630 -0.002985 0.001388 0.242058 -0.033993 -0.220460 0.257983 0.028449 0.000335 0.019060 0.002953 -0.010606 0.059768 0.255713 0.000743 0.621675 -0.107930 0.353924 -0.311941 0.391941 0.311044 0.386406 -0.269399 0.005564 0.002842 -0.011247 -0.048209 -0.338044 0.000857 0.022478 0.045234 0.101437 0.001888 -0.000319 -0.099892 0.001642 -0.000322 -0.009926 -0.086680 -0.006729 0.199187 0.429871 -0.000715 0.001361 0.503833 0.401702 -0.073670 -0.003698 -0.108256 -0.168835 0.002243 0.022112 0.003831 0.254641 0.001446 0.383273 0.139241 0.626682 0.118525 0.026483 0.001698 0.008257 -0.061585 -0.014359 0.008710 0.004713 0.516454 -0.001601 0.165917 0.130488 -0.000953 -0.263709 -0.048216 -0.178329 -0.000839 -0.002818 0.036610 -0.188269 0.070395 0.189650 -0.146635 0.009462 0.253280 0.001851 0.218757 0.007273 0.059927 -0.106188 -0.008857 -0.000006 0.061585 0.477983 0.381582 -0.167330 -0.235559 -0.002323 -0.003282 -0.008860 0.000056 0.002369 -0.339720 -0.032400 0.003855 0.255274 0.288585 -0.012164 0.158163 0.001194 0.011347 0.069918 0.409673 -0.203190 0.392847 0.042878 -0.001817 -0.002081 -0.100981 -0.202038 0.000714 0.336110 -0.225605 -0.000733 0.002391 0.001456 -0.005355 0.009284 0.000102 0.302881 0.208340 0.774642 -0.002320 -0.107482 0.021952 0.281445 -0.000577 -0.000002 -0.010111 0.068050 0.000761 -0.009899 0.060088 -0.001509 -0.205446 -0.057586 0.046085 0.088865 -0.438690 -0.049148 -0.103331 -0.002550 -0.000679 -0.213501 -0.276017 0.179363 0.010938 0.009229 -0.097976 -0.025419 0.006154 -0.164075 -0.439235 0.004341 -0.082791 -0.003417 -0.001430 -0.243159 -0.004922 -0.167868 -0.000765 0.605115 -0.004730 -0.000074 -0.139431 -0.008879 0.026344 0.002207 -0.086511 -0.067910 0.125759 -0.000976 -0.079731 -0.000429 0.002958 -0.001451 0.478760 0.211661 -0.012045 -0.201338 0.000139 0.262112 -0.003162 0.001652 -0.202685 -0.002857 0.054345 -0.002316 0.313578 -0.201224 0.003241 0.105013 0.190369 0.017608 0.002218 -0.061342 0.003553 0.005383 0.237179 -0.156381 -0.004489 -0.006433 0.001644 -0.033595 0.067823 0.033932 -0.241626 -0.033545 -0.005957 -0.001695 -0.002354 0.045271 -0.001790 0.571390 -0.153345 0.267003 -0.003361 0.026250 0.076476 -0.007040 -0.158887 -0.055516 0.336681 0.001636 0.039757 0.086219 0.159729 0.636798 -0.000085 0.002877
0.425610 -0.008283 0.750948 0.061061 -0.239591 -0.351755 -0.002419 0.003133 0.002044 -0.000845 0.001270 -0.155453 0.665768 0.267442 -0.002202 0.111929 0.001455 0.009050 0.002230 -0.000598 0.000666 0.214603 0.554937 0.323794 0.298318 0.026710 -0.000724 -0.008902 0.001909 0.063893 0.405834 -0.093492 -0.001385 0.227451 0.099665 -0.233124 0.305286 -0.125181 0.590269 0.149286 0.098149 0.306098 0.000214 0.000220 0.153044 0.343859 -0.001113 -0.040360 0.203159 0.086805 0.003674 0.001106 0.152578 -0.000695 0.000669 0.004114 0.016145 0.000254 -0.109280 0.317709 0.000459 -0.000740 0.604976 -0.248332 0.552260 -0.002454 -0.045248 0.573683 -0.000723 0.002653 0.001705 -0.330364 0.002163 0.284152 0.918086 0.571896 0.120620 0.165836 0.001946 0.005327 0.186640 -0.003080 -0.004878 0.007044 0.244908 -0.001775 -0.037194 0.303737 0.001923 -0.059838 -0.389862 -0.257308 -0.001664 0.002019 0.134301 0.245074 0.001757 0.404696 0.066269 0.023784 0.334961 -0.000086 0.117151 -0.013018 -0.265495 0.347339 0.014246 0.001330 -0.119767 0.082698 0.258720 0.608345 -0.210576 0.000117 -0.000505 -0.004967 -0.002163 0.003188 0.295620 -0.018058 0.000171 -0.156200 -0.292701 -0.002634 0.045480 0.000077 -0.002272 -0.193834 -0.213566 -0.387567 -0.037153 0.135542 0.003303 -0.000030 -0.028299 0.083033 0.002871 0.786548 0.244822 0.000613 -0.138146 -0.035021 0.000431 0.029618 -0.003535 -0.104052 0.097942 0.077866 0.000824 0.459126 -0.016065 -0.174412 -0.001927 0.000967 0.002745 -0.023140 0.002130 -0.022057 -0.004564 0.000094 -0.257584 0.294928 -0.169580 0.126122 0.024101 -0.102689 0.052832 0.000187 -0.000584 0.024148 0.291875 0.332434 -0.003934 0.127468 0.324323 -0.111834 -0.002961 0.679368 -0.559137 -0.002940 0.152213 0.001113 0.002379 -0.079020 -0.007846 -0.029762 0.004954 0.201902 0.001249 -0.003329 0.006574 -0.002740 0.028117 0.003188 0.115176 0.209992 -0.070888 0.000393 0.527650 -0.001212 -0.003260 -0.002687 0.238493 0.067446 0.252743 0.035579 0.002167 0.070491 0.001317 -0.000764 -0.003100 0.000757 0.261882 0.000025 0.222251 0.701861 -0.000998 1.573749 0.296494 -0.017863 -0.000951 -0.443075 -0.002239 0.002484 -0.229804 0.223624 -0.003259 -0.004917 0.000065 -0.346467 0.048982 0.002033 0.627379 0.187859 -0.000852 -0.000806 0.001366 -0.091546 0.002527 0.335654 -0.451141 0.804202 0.002129 0.019700 0.266188 0.006929 0.258694 0.042971 0.321958 0.485974 0.009663 0.088446 0.105925 0.507278 0.000872 -0.000517
-0.038652 0.006188 0.012969 -0.032199 -0.051296 -0.023123 -0.001337 -0.002468 0.004681 0.002135 0.000791 -0.086490 -0.019512 -0.044778 -0.003129 -0.080099 0.000433 -0.009663 0.001834 -0.003535 -0.000833 -0.004095 0.035478 -0.058138 -0.019372 -0.005011 -0.000182 0.009001 0.000447 0.008718 0.017712 -0.052479 -0.002428 -0.010240 -0.022196 -0.046059 -0.033058 -0.001920 -0.037389 -0.022656 -0.041257 -0.027468 -0.003358 0.000959 -0.001138 -0.079450 -0.002976 -0.003170 -0.003379 -0.027445 -0.003861 0.000052 0.011520 -0.000608 0.000630 -0.005301 -0.009359 0.001286 0.016251 0.002926 0.003852 -0.000142 -0.017372 0.002924 -0.050159 0.000585 -0.027432 -0.067758 -0.000432 -0.031523 0.005397 -0.070072 0.000038 -0.035565 0.057314 -0.067630 -0.021268 -0.031770 0.001243 0.014330 -0.064760 -0.001585 0.001991 0.014323 -0.055957 0.002152 -0.026900 -0.060043 -0.002786 -0.021089 -0.021789 -0.028720 0.000118 0.002876 -0.025594 0.021195 -0.011366 -0.027858 -0.029858 0.014937 -0.034694 0.002595 -0.041326 -0.017386 0.000259 -0.005120 0.003438 0.001200 -0.030829 0.019975 -0.000232 0.013795 -0.013806 -0.003147 -0.000366 -0.001281 0.001717 -0.000226 -0.078463 -0.038368 -0.001161 -0.029134 -0.010904 0.000813 0.024364 0.000134 -0.040210 -0.018497 -0.069736 -0.067316 -0.034377 0.018681 -0.001541 0.001885 -0.017788 -0.001653 0.001611 -0.000782 0.071846 -0.001943 -0.017330 0.014313 -0.003636 0.001352 0.003408 -0.031542 -0.027459 0.002210 0.000187 -0.030153 -0.011331 0.000507 -0.004010 0.000725 -0.003351 0.022147 0.000828 -0.002870 -0.001118 -0.003361 -0.039908 -0.035622 0.004975 0.006183 -0.083071 -0.023333 -0.028781 0.002678 -0.001980 -0.052918 -0.021412 0.004439 -0.007831 -0.020595 -0.055164 -0.002141 -0.012386 -0.052896 -0.071369 -0.006930 -0.001876 0.002502 -0.000234 -0.053339 -0.002112 -0.021657 -0.000645 -0.049613 0.005242 -0.001225 -0.028338 -0.010934 0.041882 0.002413 -0.066500 0.007907 -0.056237 0.001156 -0.042656 0.002730 -0.004945 -0.000438 0.000512 -0.031194 0.018389 -0.048383 0.002467 0.006704 0.003412 -0.000405 -0.013470 -0.000618 0.008649 -0.000648 0.028381 -0.003632 -0.000057 -0.007291 -0.013846 -0.007512 -0.001324 -0.061878 0.000984 -0.000122 -0.030808 -0.012603 0.001854 -0.000539 0.000324 0.015686 0.009043 -0.001002 -0.011375 -0.013626 0.000438 0.007044 -0.005426 -0.101498 0.000429 -0.028739 0.021215 -0.058248 0.001369 0.005308 -0.085455 0.017803 -0.024860 -0.001936 0.007605 -0.024437 -0.019770 -0.050111 -0.011145 -0.050902 -0.000501 -0.000977
0.122762 0.006499 -0.033276 -0.145102 0.046423 0.335055 -0.037287 -0.002388 -0.003005 0.004499 0.001003 0.139223 -0.039357 -0.094473 0.000031 0.018686 -0.000450 -0.005823 0.000242 -0.000456 0.000665 -0.230918 0.334063 0.384425 0.267450 0.317939 0.003482 -0.008304 -0.002119 0.076079 0.133620 0.287168 0.002779 0.186073 -0.171179 -0.113087 0.214730 0.003142 0.453095 0.069845 0.260900 0.499595 0.000474 0.001754 0.159350 0.185360 0.002105 0.145968 0.024283 0.245177 -0.009854 0.002348 0.112711 -0.001085 0.001960 -0.005048 -0.277438 -0.002911 0.302656 0.103265 -0.002780 0.000095 0.339378 0.527644 0.101665 0.001849 -0.264139 -0.067013 0.001992 -0.026918 -0.005470 -0.187232 0.005391 0.053026 0.088083 0.483684 0.191090 -0.113129 -0.001861 0.000444 -0.009180 0.049087 0.001484 0.001027 -0.431252 0.000051 -0.090967 0.118113 -0.004997 0.049991 -0.164948 -0.223071 -0.000153 -0.002471 -0.509169 0.230031 -0.059740 0.402073 -0.097638 -0.004945 -0.251490 -0.003122 -0.125908 -0.006368 0.079093 0.261431 0.186745 -0.001761 0.259487 -0.026160 0.393771 0.003280 -0.408201 0.004334 -0.000234 0.002838 0.001365 0.002125 -0.247383 0.013104 0.004347 -0.178220 -0.051034 0.005183 0.270722 -0.000949 0.082483 0.125993 -0.152992 -0.087980 -0.086188 0.122391 0.002750 0.002427 -0.083752 -0.067795 0.000077 -0.239958 0.648609 0.001336 -0.540583 0.020140 -0.005121 0.000471 0.004677 -0.397605 0.152074 0.290865 0.001006 0.566777 -0.043145 0.037325 0.001073 0.000046 0.002182 -0.021997 0.000196 -0.015341 -0.006781 0.001620 -0.319169 0.405750 -0.326864 0.022433 -0.181753 0.135235 -0.158282 0.001765 0.000955 -0.506451 0.079454 -0.112935 -0.009881 0.095274 -0.115377 0.293262 -0.000432 0.457441 -0.378887 0.000875 -0.194551 0.001156 0.001199 -0.374044 -0.002320 0.436596 -0.000495 -0.083487 -0.000861 -0.002524 0.398156 0.008861 -0.099826 0.001437 0.043112 0.364045 -0.157486 -0.003418 -0.077175 0.000834 0.001622 -0.001426 0.399275 -0.477205 0.091777 0.009417 0.002763 0.064895 0.002221 0.000170 0.056723 0.003119 -0.086280 0.002639 0.135687 0.702927 0.000081 0.660241 0.477254 -0.002120 -0.000733 -0.081839 -0.001740 0.004360 0.148804 -0.125254 -0.002678 -0.003924 0.004832 -0.251931 0.432943 0.011699 0.340687 0.027407 0.003170 0.002698 0.001960 0.285156 0.000379 0.254647 0.171965 0.479186 0.000409 0.046495 -0.342500 -0.002750 0.377656 -0.007463 0.044043 0.070249 -0.009038 0.035752 0.391264 0.384965 -0.001029 0.000085
0.376391 -0.002437 0.401066 0.696841 -0.088142 -0.279675 0.010634 0.002367 -0.003755 0.000332 -0.002975 -0.416195 0.236015 0.219274 -0.003081 0.307584 -0.000365 -0.004485 -0.000132 0.001451 -0.002684 0.351642 0.085243 0.422330 0.482390 -0.033313 0.002557 -0.059223 -0.005413 -0.001805 0.132501 0.202976 -0.000571 -0.046897 0.142916 0.012874 0.167035 0.353311 0.187968 -0.217592 -0.279512 0.533205 -0.002430 -0.003338 0.245053 -0.143340 -0.003555 0.147447 0.305450 0.152124 -0.002616 -0.003107 0.300213 0.002034 -0.000489 0.001011 0.702311 0.006949 -0.389892 0.239702 -0.009191 -0.001802 -0.478918 -0.002247 -0.070553 -0.002064 -0.390472 -0.137222 0.000004 -0.014958 -0.003616 -0.430360 -0.001404 0.464706 -0.262982 0.624082 -0.381449 0.002280 -0.001194 -0.000286 0.000495 0.021754 -0.002480 0.019432 -0.296965 -0.007246 0.173173 -0.027384 -0.001724 0.065411 0.011272 -0.456688 -0.002110 -0.000710 -0.368157 0.192390 0.046168 0.399560 0.051794 0.014803 -0.218314 -0.000593 -0.357604 -0.005937 -0.017471 0.294267 0.349269 0.003098 -0.078460 -0.248436 0.030935 -0.145104 0.041782 -0.002404 -0.012936 -0.007626 -0.000831 -0.000553 0.023875 -0.028512 -0.150858 0.139201 0.315965 0.008160 0.351483 -0.000040 -0.023282 -0.185242 0.070074 -0.209081 0.067538 -0.200624 -0.000030 -0.001905 0.196962 0.245794 0.000593 0.404118 0.382785 -0.001174 -0.050415 -0.023684 -0.001855 -0.008188 -0.005267 -0.110111 -0.522377 0.286762 -0.001037 0.279348 0.018271 -0.167621 0.001024 -0.002000 -0.003218 -0.035666 -0.000068 -0.005599 0.005678 0.000038 0.059141 0.026273 0.200438 0.288603 -0.278528 -0.055608 0.975614 0.000737 -0.001877 -0.048150 0.099770 0.387207 -0.000739 0.062839 -0.421899 -0.008073 -0.002499 -0.112223 -0.582087 0.033082 -0.291850 0.002291 -0.002328 -0.036943 0.006703 -0.035713 -0.001559 0.089207 -0.000841 0.000012 0.105411 -0.011184 -0.001270 -0.001412 0.267079 0.209319 0.175281 -0.003354 0.098315 -0.002876 -0.003012 0.001594 0.262956 -0.181247 0.327701 0.153768 -0.003098 -0.037439 -0.001203 -0.003317 0.367981 -0.001649 0.614937 -0.001258 0.166254 0.281356 -0.002862 0.318106 0.346549 0.003427 -0.002578 -0.314387 -0.001376 0.003288 0.291552 0.123298 -0.003262 -0.009277 0.004171 -0.357010 -0.153452 0.103290 0.422715 0.153621 0.003307 -0.005194 -0.001431 0.068827 -0.001963 0.699523 0.012505 0.060611 -0.002455 -0.033078 -0.184540 0.016614 -0.027518 0.625047 -0.095360 0.657949 -0.020404 0.145106 1.339362 0.470973 -0.002077 -0.000509
-0.014477 -0.002558 -0.043364 -0.034656 -0.002266 0.016746 0.013840 0.002042 -0.002463 -0.001728 -0.002387 -0.069255 -0.017193 -0.057349 -0.003268 -0.069227 0.001652 0.002922 -0.001009 0.003428 -0.002183 -0.006453 -0.008974 -0.014313 0.001807 0.007930 -0.001045 -0.001010 -0.003060 -0.007710 -0.028191 0.009760 0.002369 -0.023212 -0.012200 -0.096034 0.024661 -0.087175 -0.043115 -0.017224 -0.123521 -0.000072 0.000333 0.002533 -0.045463 -0.047897 -0.006880 -0.006111 -0.013483 -0.072137 -0.016711 0.003209 0.012172 -0.001002 0.000536 -0.000892 -0.009214 -0.002243 -0.058418 -0.012355 -0.000375 0.000770 0.067193 0.018033 0.040821 0.000473 -0.012610 -0.031818 0.001593 0.040121 -0.002803 -0.059387 0.003517 0.026534 0.033712 -0.001936 -0.013704 0.016281 0.003144 0.015169 0.039730 0.017524 0.000818 0.007799 -0.043788 -0.005338 -0.013108 -0.039567 -0.003733 -0.050583 0.017550 -0.057729 0.002838 0.000129 0.006543 0.009989 0.014278 0.008443 -0.045982 -0.018101 -0.018965 0.005295 -0.078675 0.006933 -0.001042 -0.010313 -0.044020 0.001117 -0.027104 -0.014310 0.011493 -0.020612 -0.120939 -0.000048 0.004260 0.004387 -0.000606 0.001352 -0.057526 -0.009347 0.005638 -0.091283 -0.018844 -0.002497 -0.014203 -0.001114 0.020402 -0.083991 -0.135271 -0.107183 0.022908 -0.029793 0.002383 0.002156 -0.005776 -0.076638 0.000101 0.041902 0.013907 -0.001014 -0.085778 -0.055194 -0.000008 -0.000236 0.000876 0.058178 -0.050138 0.019746 0.000563 -0.016457 -0.015552 0.018323 -0.001263 0.002701 -0.005599 -0.000007 0.000919 0.007290 0.004115 0.002186 -0.027038 -0.074071 -0.022594 -0.012795 0.015059 -0.002170 -0.017683 -0.001153 -0.003467 -0.060033 -0.070277 0.011755 -0.008555 0.000347 -0.153302 -0.038744 -0.007944 -0.037280 -0.110390 -0.004029 -0.084510 -0.003099 0.000821 -0.041643 -0.012530 -0.061384 0.003082 -0.010881 -0.003425 0.000186 -0.058461 -0.017890 -0.030791 0.002126 -0.053101 0.010605 -0.155237 0.001238 -0.037186 0.000893 -0.003886 -0.003568 -0.003016 -0.076025 -0.000488 -0.164975 0.001668 -0.022956 -0.001127 0.002536 -0.066629 0.001253 -0.020127 0.001641 0.034673 0.005701 0.009081 -0.016838 -0.019149 0.001749 0.000461 -0.096516 0.000883 0.001604 -0.009264 -0.044620 -0.005379 0.011597 -0.001814 0.096835 -0.041927 -0.003955 -0.047067 -0.021671 -0.004577 0.012942 0.000075 -0.084070 -0.000149 -0.003156 -0.004923 -0.033580 -0.002409 -0.039726 -0.151753 -0.007399 0.000497 -0.012736 0.026599 -0.048064 0.007674 -0.047100 0.034354 0.024438 -0.000691 0.002694
-0.302415 0.009629 -0.377640 0.066227 -0.256117 0.807424 0.033772 0.000529 0.001191 0.005948 0.001237 -0.290733 -0.537055 0.200012 -0.003066 -0.080880 0.000468 -0.003223 0.005674 0.001491 0.003235 -0.086353 0.220712 0.363776 -0.365633 0.032499 0.001142 0.094860 0.001538 0.038054 0.185435 0.029327 -0.001175 -0.410516 0.594631 -0.335501 0.048947 0.381946 0.091569 -0.371918 -0.219671 0.313675 0.002818 0.002079 0.665805 -0.451209 0.003709 -0.118710 0.059832 -0.190326 -0.002517 0.002105 -0.089183 -0.002246 0.000154 -0.000156 0.031358 0.001183 0.234567 -0.072032 0.003677 0.002267 0.114735 -0.019889 0.053491 0.004313 0.202563 0.023102 -0.003064 -0.088639 0.001398 -0.289498 0.000068 0.184908 0.150897 -0.263478 -0.358078 0.523586 -0.007073 0.004395 0.553600 -0.087773 -0.007158 0.015784 -0.468707 0.005302 0.226047 -0.107856 0.007239 -0.227738 -0.496442 -0.138437 -0.002921 0.003246 0.147814 0.232833 -0.025874 -0.018693 -0.259346 -0.005436 0.074570 0.001513 -0.032024 0.003625 0.263172 0.577361 0.009655 0.002078 -0.021960 0.391641 -0.152203 0.276594 -0.236774 0.000938 -0.004379 0.002766 -0.000805 -0.000426 -0.890992 0.029881 0.015517 0.009196 0.106039 0.030235 0.099111 0.000952 -0.030243 -0.301786 -0.036883 -0.493936 -0.177457 -0.306776 -0.002809 0.001031 0.047691 -0.451400 -0.001146 -0.316321 0.132239 0.000423 -0.150190 -0.171800 -0.003104 -0.001588 -0.001475 -0.217157 -0.062393 -0.079046 0.002340 -0.325084 0.018796 -0.088679 -0.001476 -0.002927 -0.005109 -0.117225 -0.000595 -0.005348 -0.001960 -0.003132 0.334540 0.039361 -0.073321 -0.163131 0.409235 -0.403500 0.248423 0.002857 0.000202 0.002482 0.224608 0.692916 -0.005272 0.077986 -0.314570 0.130464 0.003828 -0.106555 -0.194809 0.186391 -0.169844 0.002427 -0.000012 -0.184211 0.006329 0.108060 -0.000331 0.135955 -0.002061 -0.001320 0.451098 -0.002188 0.001355 0.000190 0.078284 0.352052 -0.059836 0.000748 0.257678 0.000320 -0.000602 0.000388 0.581924 0.140312 0.181314 -0.245545 0.001664 0.007207 0.001769 0.001919 0.322405 0.000902 0.222793 0.002663 0.071890 -0.062454 -0.000793 -0.175836 -0.086469 -0.024196 0.001247 0.016574 0.001171 0.001589 0.198691 0.475098 -0.000585 -0.001479 0.002807 0.087991 0.088619 0.054078 0.153046 0.510613 -0.011497 0.001465 -0.005627 0.090873 0.002933 0.088781 0.637066 -0.042718 -0.002153 0.040406 0.101530 -0.008542 -0.137927 0.414860 0.337114 0.346877 0.028578 -0.107266 -0.059004 -0.190682 0.001209 -0.000059
-0.061678 0.001337 -0.014381 0.026081 -0.029239 -0.028050 -0.035962 0.001882 0.002108 0.001828 -0.001315 -0.057533 -0.025774 0.030486 -0.000421 0.023238 0.001617 -0.001167 -0.000556 0.000919 0.002800 -0.032914 0.006645 -0.103721 -0.041404 -0.038134 -0.001491 0.004038 -0.001964 -0.005056 -0.015906 -0.008859 -0.003029 0.094218 -0.063418 0.051404 0.029651 -0.007513 -0.089760 -0.019755 -0.047742 0.014287 -0.000993 0.000353 -0.015516 -0.099501 0.000533 -0.001783 -0.014356 0.057062 -0.000451 0.001348 0.057556 0.001155 -0.003021 -0.001181 -0.038963 0.000570 -0.062700 0.001775 -0.002161 0.000040 -0.071941 -0.044190 -0.053712 0.000959 -0.043678 -0.043038 -0.000082 -0.021678 -0.004156 -0.087785 -0.004184 0.080847 0.047643 -0.005839 0.061484 -0.123013 0.004270 0.001854 -0.006204 -0.032114 -0.001594 -0.002935 -0.034435 -0.000198 -0.005925 -0.013493 -0.001139 -0.027896 -0.036609 -0.069373 0.001261 -0.001372 -0.102785 0.025540 -0.017796 0.025542 -0.107573 -0.019194 -0.039212 -0.001498 0.020014 0.018218 -0.038300 -0.058562 -0.000732 0.000064 -0.149312 0.002690 -0.004888 -0.103424 -0.056081 -0.001989 -0.005177 -0.002959 -0.001213 0.001911 -0.075443 -0.041020 -0.004435 -0.073523 -0.024973 0.001794 -0.005334 0.002131 0.074866 -0.078114 -0.054843 -0.078167 -0.024175 -0.039596 -0.002488 -0.001733 0.002549 -0.029052 0.002516 -0.009111 -0.060081 0.000921 0.000185 -0.139441 -0.002011 -0.004681 -0.001051 -0.055321 -0.050835 0.024484 -0.001437 0.033212 -0.001131 0.007700 0.002098 -0.001489 0.012252 0.053771 -0.002143 0.000434 -0.001545 -0.000956 -0.022259 0.025590 -0.032124 0.001548 -0.023308 0.018624 0.015724 0.002165 0.001231 -0.026348 -0.003361 -0.007862 0.007545 0.045957 -0.040093 -0.001737 0.000386 -0.015678 -0.123533 -0.003166 -0.086449 -0.001410 -0.002476 0.054324 -0.001691 -0.042751 -0.000547 -0.020178 0.000794 0.000277 -0.002252 0.004596 0.027398 -0.000046 -0.095533 0.009148 -0.078322 -0.000344 -0.026852 -0.002279 -0.012043 -0.000015 -0.001843 0.042800 0.034096 -0.087102 -0.001867 0.087243 -0.002836 0.000956 -0.072514 -0.001319 -0.037140 0.001242 0.017224 -0.050248 -0.000401 -0.107795 -0.038241 0.002492 0.002434 -0.009988 0.009055 -0.001640 0.030897 -0.075876 -0.000726 -0.010091 0.001144 -0.037047 -0.038273 -0.036081 0.014178 0.015611 0.002188 0.001168 -0.001851 -0.049138 -0.002177 -0.086515 -0.027316 0.005400 0.003420 0.038476 -0.087554 -0.004465 0.009030 -0.034398 0.030753 0.025122 0.045902 -0.013202 0.053773 0.023986 -0.000985 -0.002846
0.261693 0.001167 -0.239775 -0.626652 -0.340091 -0.375219 0.090463 0.000567 -0.003970 0.001703 0.000571 -0.467648 0.091624 0.253415 -0.000198 0.086740 0.001032 -0.003943 -0.001369 -0.000111 0.001241 -0.140987 -0.069710 -0.196069 -0.271564 0.085896 0.001979 -0.073973 -0.004503 -0.007030 0.017710 -0.598519 0.002980 0.382346 -0.171926 -0.525653 -0.308746 -0.418039 -0.296075 -0.089098 -0.794633 -0.199247 0.002556 0.000723 -0.357286 0.137752 0.002186 0.283116 0.004704 0.000844 -0.018001 0.000194 -0.287585 -0.000566 0.002133 -0.010347 -0.430775 -0.001146 -0.159278 -0.138749 -0.003122 0.001909 -0.512166 -0.779351 0.129757 -0.001163 -1.870311 -0.353222 0.002264 0.029310 0.003769 -0.574270 0.003074 0.282460 -0.581634 -0.302560 0.100362 0.043091 0.001660 0.001773 -0.058073 -0.066567 0.014838 -0.021414 0.436673 -0.003546 0.181847 -0.139502 -0.004636 -0.464156 0.181703 -1.401434 0.001208 0.001599 0.478334 0.443018 0.038346 -0.585407 -0.083138 -0.000771 -1.041252 -0.002282 0.697238 0.005567 0.341941 -0.285097 0.089901 -0.000034 -0.821276 -0.285517 -0.023541 0.018037 -0.242397 -0.001072 0.002234 0.011311 0.000956 0.000412 -0.151573 -0.004000 0.057393 -0.437186 0.045588 0.027841 -0.324497 -0.001357 -0.036057 -0.506164 -0.463671 0.351462 0.581917 -0.564776 0.002902 0.001417 0.159536 0.570512 -0.001264 0.094431 -0.267525 -0.000183 0.121996 -0.152927 -0.005661 0.028675 -0.005993 -0.222448 -0.704975 -0.301965 0.000069 -0.113691 -0.093891 0.564367 -0.001341 0.000401 -0.005534 -0.027347 0.003204 0.004879 -0.000271 -0.000005 0.847702 -0.255542 -0.378107 -0.812605 0.086877 -0.459512 -0.304436 0.000881 0.000944 0.542610 0.619538 -0.458218 -0.009659 0.850401 -0.356948 0.550231 -0.005021 -0.201250 -0.077334 -0.098742 0.793902 0.000126 -0.000182 -0.236744 -0.003331 -0.877298 0.000828 -0.258513 -0.001479 0.000637 0.036161 -0.001006 -0.076374 0.001981 -0.909212 -0.086658 -0.720171 0.001036 -0.270580 0.000857 0.008251 0.002452 -0.096393 0.121216 -0.114470 -0.530476 0.001839 -0.458325 0.001308 0.000545 0.338728 0.001760 0.865343 0.002315 -0.404462 -0.253106 0.001759 0.362307 -0.046437 0.002060 -0.000658 0.013682 -0.000754 0.001683 -0.168652 -0.077117 0.000204 0.012454 0.000186 0.387435 0.242391 0.167067 -0.062746 -0.065431 0.004471 0.019191 0.000286 -0.303002 0.000564 -0.320991 -0.088661 -0.175860 0.000524 0.044569 -0.251991 0.043483 0.405438 -0.485319 -0.464132 0.123016 -0.036733 0.072179 -0.446294 -0.366588 0.003445 -0.001305
-0.066826 -0.001343 0.046560 0.316321 -0.123011 0.328730 0.014868 -0.001393 -0.000786 0.001676 0.000017 0.087320 0.176273 0.147634 -0.001157 -0.017190 0.001788 0.006116 -0.002810 -0.000866 -0.002811 0.024688 0.195768 -0.050205 0.038640 -0.031224 0.002132 -0.016909 -0.004423 -0.046271 -0.074446 0.075164 -0.003307 -0.086559 -0.019078 -0.054528 -0.083092 -0.046047 -0.117063 -0.017553 0.003657 0.020236 0.001042 0.002387 0.022729 -0.090898 -0.002722 -0.010288 -0.002906 0.058110 -0.003749 0.001401 0.068964 -0.001492 0.002667 -0.002436 0.030236 -0.002118 0.177196 -0.051209 0.000570 -0.000026 0.046670 -0.104770 -0.092936 -0.004726 -0.018818 0.111054 -0.000956 -0.003441 0.003806 0.003600 -0.002437 0.166596 0.011886 -0.146154 0.020984 -0.167927 0.000068 0.001639 0.185551 -0.038680 -0.002352 -0.006765 0.181977 0.001991 -0.278631 0.505155 -0.000119 0.329232 -0.244992 -0.005303 -0.000045 0.001212 -0.083585 0.128865 0.025823 0.373292 -0.090401 0.000973 0.121020 0.000712 -0.032919 -0.001420 -0.149874 -0.047751 -0.019713 0.002399 -0.096282 -0.039283 -0.009737 -0.057592 0.155567 -0.001244 0.000917 0.001723 0.001708 -0.000636 -0.173465 0.024362 -0.005510 -0.142612 -0.281171 -0.003562 -0.024609 -0.001648 0.057378 0.023301 -0.093125 -0.001272 -0.024395 -0.187359 0.001462 0.000430 0.088746 -0.089270 0.003044 0.203406 0.149534 0.002983 -0.195705 0.018229 0.005960 -0.006849 -0.000800 -0.071480 -0.204023 0.111097 0.001960 0.066727 0.013048 0.075862 -0.000636 0.000132 -0.004414 0.005046 0.001788 -0.008289 -0.002600 -0.002112 0.015594 -0.243382 -0.053652 -0.005206 -0.004026 -0.101914 0.052775 0.001817 -0.001120 -0.051514 -0.038708 -0.135795 -0.008929 -0.138820 -0.332526 -0.148676 -0.000696 0.012298 -0.274169 -0.021686 -0.035863 0.000391 -0.003193 -0.118137 0.016486 0.029108 -0.001893 -0.136942 -0.003799 -0.002927 -0.100746 0.004087 -0.015862 0.000488 0.147555 -0.166193 -0.253359 -0.000930 0.033300 -0.000410 -0.002545 -0.001401 -0.037364 -0.152278 0.056570 -0.003697 0.000732 0.080321 -0.000073 0.000471 -0.197781 -0.001317 -0.047585 0.001323 0.394673 -0.041903 0.000774 -0.237815 -0.305457 0.002573 0.000951 0.220839 -0.001523 -0.000577 -0.079108 0.044819 -0.004218 -0.005818 -0.000247 0.006890 0.092879 0.005366 -0.205618 0.012631 -0.006090 -0.000109 0.000694 -0.295718 0.000245 0.087387 -0.142621 -0.224263 -0.000179 0.020214 -0.152511 -0.033800 -0.077108 -0.083476 -0.133927 0.273087 -0.002403 0.045076 -0.049150 0.035992 0.000209 -0.001330
-0.131376 0.003974 -0.006874 -0.046575 -0.117884 -0.037579 -0.000422 -0.000101 0.000510 0.001979 -0.001753 -0.092500 0.055896 -0.006891 -0.000420 0.016088 0.003136 -0.004579 0.001040 -0.003015 0.002008 -0.035247 0.040806 -0.057024 -0.011399 0.045170 -0.000982 -0.032279 0.001943 0.006196 0.002010 -0.050679 -0.001764 0.114044 0.001884 -0.217253 -0.011199 0.066060 -0.003971 -0.110756 -0.083493 0.006370 0.000111 0.000791 -0.005289 -0.081306 0.001258 -0.000417 0.007235 -0.116573 -0.002106 0.002096 0.031780 -0.000409 0.000653 0.005277 0.002191 -0.002275 -0.127374 -0.002950 -0.000779 0.000498 0.052725 -0.047466 -0.060095 0.000922 -0.110472 -0.043259 -0.000564 -0.019987 0.002701 -0.010932 -0.000232 0.000792 -0.026156 -0.030392 -0.004130 -0.090924 0.003833 0.002898 0.020681 0.002665 0.001180 -0.004188 -0.111609 0.003263 -0.062100 -0.029398 0.006547 -0.116590 -0.007622 -0.099969 -0.002710 -0.002779 -0.067163 -0.015647 0.001354 -0.033906 0.060666 -0.013484 0.088015 -0.004926 -0.071988 -0.023456 -0.002859 -0.020160 -0.011688 -0.001547 0.012374 0.013736 -0.002683 -0.117387 -0.092680 0.002484 0.004051 -0.012669 -0.002603 -0.000377 -0.161142 0.005728 -0.003398 -0.055097 -0.084844 0.002148 -0.001681 0.002285 -0.000796 -0.064740 -0.150279 -0.017366 -0.092871 -0.131228 -0.002818 0.003100 -0.134273 -0.126255 -0.000032 0.047851 -0.002439 0.001741 -0.092823 -0.007433 -0.002031 0.007756 0.011693 -0.023325 0.040273 -0.087004 0.000212 -0.007295 0.001756 -0.002739 -0.002046 0.000891 -0.002029 -0.004260 0.000556 -0.014867 -0.008296 -0.001053 -0.085180 0.055997 -0.049731 0.029863 -0.069317 -0.070988 -0.033221 -0.002728 0.001447 -0.113810 0.000182 0.002368 0.000962 -0.011427 -0.129833 -0.025229 -0.009070 -0.035851 -0.098317 -0.005859 0.035265 -0.001982 0.002609 -0.111144 -0.005264 -0.067992 0.001365 -0.010620 0.000624 0.000198 -0.053190 0.005285 -0.029146 0.002938 -0.019235 0.046032 -0.007837 0.001181 -0.047032 0.002774 -0.011813 -0.004258 -0.000990 -0.102665 0.027425 -0.047614 0.001874 0.029772 0.001261 0.000758 -0.013564 0.003754 -0.027086 0.003380 -0.023574 -0.026284 0.000219 -0.020696 0.016505 0.021522 -0.001372 -0.066205 0.000888 0.002576 0.011036 0.008729 -0.002452 -0.007652 0.005607 -0.099536 -0.024421 -0.013347 -0.071927 -0.077907 -0.000682 0.005620 -0.001812 -0.014295 -0.000874 -0.014673 0.006035 0.026253 0.003178 -0.011617 -0.103083 0.002337 -0.002417 0.002083 0.090127 0.010691 -0.021441 0.007809 -0.003640 -0.036628 0.002629 -0.000715
0.009837 0.007546 -0.034594 0.152210 -0.061899 -0.042997 -0.031724 -0.001823 0.000962 0.004230 -0.001431 0.018745 0.157781 -0.008345 -0.002994 -0.094866 0.000985 0.004439 0.002356 0.002527 0.001486 -0.110503 -0.001724 0.056595 0.004894 -0.075495 -0.000290 0.143601 0.002867 -0.025731 0.044737 -0.132021 -0.003461 -0.032025 0.012297 -0.105313 -0.034173 -0.325048 -0.072769 -0.292677 -0.134307 0.147391 -0.002897 0.002131 -0.003318 -0.220684 0.008670 0.171899 0.061276 -0.018693 -0.005864 0.002209 -0.020794 0.002686 0.001783 -0.000956 0.023004 0.001348 -0.033628 0.052253 -0.001233 -0.005443 -0.031625 0.012708 -0.029449 0.002132 -0.036754 -0.083442 -0.001497 0.080655 0.000485 -0.210504 0.000095 0.167706 0.112753 0.090234 -0.030429 -0.130820 -0.003418 0.000646 -0.141990 0.090176 0.000019 0.014982 0.143078 0.002379 -0.118330 -0.101182 0.011520 -0.085539 0.039026 -0.084625 -0.001699 -0.001069 -0.022650 0.085496 -0.014761 -0.052415 -0.211982 -0.017977 -0.042430 0.002533 0.124345 -0.008221 -0.031617 -0.120673 -0.019643 0.002045 0.025829 -0.037546 0.012603 -0.189385 0.071130 0.001576 -0.000135 -0.001797 -0.000092 -0.002305 -0.040943 -0.055038 0.175157 0.111210 0.104201 -0.006792 0.007977 -0.000567 0.000633 -0.167848 -0.043313 -0.154498 -0.046904 0.030051 -0.002734 0.001876 0.109404 0.030297 0.000622 -0.090489 0.030224 -0.002794 -0.075468 -0.003729 0.000644 0.010533 -0.001551 -0.137875 0.047166 -0.129270 -0.000210 0.029668 -0.018926 0.004278 0.000775 -0.002370 0.005414 0.044862 -0.001534 -0.011654 -0.018911 -0.001016 0.081888 0.002928 -0.017018 0.024389 -0.122979 -0.013822 -0.022557 -0.000148 -0.001333 -0.142886 -0.036113 -0.077342 0.008277 -0.059312 -0.242404 0.063692 -0.005206 0.101750 -0.333000 -0.005365 -0.177691 -0.001189 0.001563 -0.169267 0.006030 -0.099846 0.000820 0.031854 0.005190 0.000707 -0.104354 -0.006134 0.016093 0.001377 -0.134757 0.102510 0.007562 0.002732 0.066882 -0.004032 0.001587 -0.002528 -0.012470 -0.136316 0.082536 -0.001955 0.000840 0.015606 -0.001582 -0.001305 -0.003863 0.001525 -0.125773 -0.002813 0.239852 0.031435 -0.000287 -0.238888 -0.065797 0.024030 0.000310 0.017924 0.002022 0.002704 -0.008194 -0.214072 -0.000434 -0.015034 -0.000522 -0.021861 -0.108709 -0.039425 -0.048194 -0.008498 -0.005740 0.004655 -0.003607 0.046815 0.002610 -0.029352 0.025666 -0.031079 -0.001748 -0.042417 -0.170101 0.124734 -0.058908 0.074105 0.071502 0.114056 -0.026818 -0.047885 -0.039756 -0.055506 -0.000348 0.001147
-0.086969 -0.000147 0.338207 0.172853 0.215489 -0.070525 -0.002271 -0.001013 -0.000818 0.000959 -0.001541 -0.123267 0.670589 0.193856 0.001234 0.125652 -0.000399 -0.005927 -0.002660 0.001075 -0.002652 0.439783 0.192408 0.122314 -0.316687 -0.033968 -0.000592 0.131013 -0.001072 -0.004419 0.301981 0.001846 -0.001000 0.286581 0.004095 -0.014845 -0.108345 -0.062321 -0.193374 -0.369782 0.065223 0.084395 -0.000843 -0.002992 0.600725 -0.481325 -0.001701 0.224065 0.404258 0.101034 0.002345 -0.003324 -0.318782 -0.002665 -0.001441 -0.016133 0.334024 -0.001781 -0.193582 0.240051 0.025530 -0.002981 0.075026 0.525121 -0.016523 0.001951 -0.116214 -0.137096 -0.001345 -0.051207 -0.007773 -0.172685 -0.002264 0.132236 0.259167 -0.053442 0.553889 0.452769 -0.002218 0.013450 -0.549886 -0.031224 -0.002974 0.010812 0.447549 -0.000052 0.055073 -0.221264 0.000929 -0.006347 -0.115136 0.045017 -0.000311 -0.001510 -0.270303 -0.177359 -0.082232 0.294913 -0.296086 -0.027931 0.406193 -0.002016 0.060177 0.000512 -0.232984 -0.084028 0.097251 -0.001049 0.026109 -0.220632 0.060782 0.103833 0.104079 -0.001582 -0.001469 0.025174 -0.001426 -0.001673 -0.246389 -0.034811 0.051626 -0.001197 0.149250 0.016727 0.308423 -0.000573 0.008602 -0.388026 -0.140807 -0.462357 0.267531 -0.065357 -0.001526 -0.001159 0.097974 0.135933 0.000616 -0.022836 0.015167 -0.002566 -0.481401 -0.050617 -0.003338 0.040579 0.018440 0.037352 -0.158633 0.031536 -0.002056 -0.381393 0.004832 0.157834 -0.002014 -0.000596 0.015471 0.209215 -0.000991 -0.026545 -0.010715 0.001055 -0.119356 0.148447 0.131564 0.000888 -0.172972 -0.220500 -0.127549 -0.000260 -0.000562 0.151389 0.481650 0.591801 -0.003696 0.379465 -0.494494 0.306482 -0.001101 -0.413951 -0.374304 -0.016170 -0.347000 0.001063 -0.002043 0.072274 -0.000889 -0.021901 -0.001182 0.021723 -0.001681 -0.001102 0.110517 -0.004986 -0.021220 -0.001662 -0.381449 0.465787 -0.361371 -0.001735 0.149300 -0.001678 -0.003582 0.002341 0.243265 -0.348018 -0.267996 -0.062175 -0.000213 -0.020543 -0.000988 -0.003327 0.051134 -0.000238 0.429165 -0.000123 0.095692 -0.262702 -0.000965 -0.189900 -0.169417 0.010699 -0.002152 0.262350 -0.000504 -0.001116 -0.205344 -0.120800 -0.001374 0.001809 -0.000379 -0.328388 -0.041340 -0.009125 -0.308913 -0.003567 0.000488 0.024809 -0.001365 -0.388074 -0.001260 0.548763 -0.144260 -0.315747 -0.000349 -0.054404 -0.061645 0.033898 0.054702 0.140615 0.085100 -0.117109 0.026055 -0.125062 0.007985 0.052200 -0.000888 0.003570
0.003653 -0.007108 -0.009698 -0.002299 0.000820 -0.011978 0.005808 -0.001836 0.007657 0.002909 -0.000125 -0.000556 -0.003839 -0.001502 0.001247 -0.020006 -0.002118 -0.000757 0.003010 -0.000589 -0.003188 -0.004124 -0.008276 0.000533 -0.003949 -0.001884 -0.000494 -0.001978 -0.000857 -0.007536 0.001365 -0.001449 -0.001464 -0.009287 0.002454 -0.003489 -0.014030 -0.007550 -0.002851 0.003939 0.000121 -0.006756 -0.002074 -0.003032 -0.011206 -0.002352 0.004720 0.003754 -0.000018 0.004796 -0.003512 -0.001650 -0.001832 -0.000485 -0.002822 0.005926 -0.004090 0.001045 0.004966 0.004027 0.002204 0.003138 -0.009042 -0.009099 -0.016793 -0.002236 -0.005582 -0.005537 -0.002197 -0.004917 0.001216 -0.005241 -0.001737 -0.001209 -0.006625 -0.002694 -0.003773 -0.010564 -0.000696 -0.001199 -0.002439 0.003047 0.002139 -0.003594 -0.005471 -0.000024 -0.000266 0.001052 -0.001069 -0.009616 -0.003414 -0.008139 -0.001135 0.002295 -0.009133 0.000060 -0.000466 0.002794 -0.006439 -0.005731 -0.006604 0.007603 -0.004417 0.000851 -0.001727 -0.008306 0.002955 -0.002355 -0.006494 0.008174 -0.006599 -0.005733 -0.013626 0.001507 0.003027 -0.004905 0.000495 -0.002584 -0.008098 -0.004693 -0.001273 -0.006483 -0.008839 0.006255 -0.005997 -0.002618 0.001591 -0.012776 -0.005618 -0.024450 -0.019640 0.000679 -0.000233 -0.000632 0.006766 -0.011065 -0.000813 -0.002869 -0.009218 0.000547 -0.004167 -0.009337 -0.003299 -0.014588 -0.002140 -0.004021 -0.004269 -0.001240 -0.002558 -0.004113 0.013625 -0.004939 -0.003697 -0.003057 0.000141 -0.000345 -0.001852 -0.002911 0.000037 -0.002001 -0.001284 -0.007219 0.003498 0.004839 -0.002235 -0.001220 -0.005037 -0.002618 0.000907 -0.007320 0.001392 -0.008242 -0.007069 0.000523 -0.007561 -0.004205 -0.000218 -0.005286 -0.018966 -0.002928 -0.007452 0.000182 0.000891 -0.006765 -0.003325 -0.002577 0.000073 -0.002274 0.002461 -0.000041 -0.015841 -0.002097 -0.000861 -0.000406 0.001500 -0.000017 -0.012215 -0.000010 -0.002038 0.001495 0.009385 0.004676 -0.004033 -0.004948 -0.001261 -0.016553 -0.001720 0.004263 -0.002597 -0.000066 -0.001299 -0.000735 -0.004946 -0.000100 -0.006036 0.004541 -0.007845 -0.013643 -0.015653 -0.000812 -0.000709 -0.002729 0.001420 -0.002332 -0.005187 -0.000875 -0.003613 -0.004961 0.001139 -0.010133 -0.002256 -0.001735 -0.000755 -0.003850 0.001364 -0.003992 0.006273 0.002469 -0.001357 -0.003534 -0.003253 -0.010838 -0.001566 -0.007209 -0.004175 -0.000750 -0.002775 0.001075 -0.003491 -0.001055 -0.002658 -0.007868 0.005396 -0.008673 -0.000278 0.006658
-0.010792 0.006538 -0.013360 -0.007384 -0.008184 -0.005564 -0.001133 0.000273 -0.003813 0.000754 -0.001849 -0.019596 -0.013691 -0.009717 -0.001608 -0.000521 0.003066 -0.001947 0.000222 0.003882 -0.000349 -0.001218 -0.007036 -0.011752 -0.003996 -0.010593 0.000207 0.002676 -0.000367 0.002915 -0.000763 -0.005349 -0.001727 -0.002482 -0.010211 -0.003046 -0.007325 -0.021093 -0.028380 -0.001509 -0.007327 0.000286 0.000589 0.002547 -0.005481 -0.003752 0.001502 0.001539 -0.000117 0.003402 -0.002349 -0.002238 -0.005796 -0.001118 -0.002822 0.000268 -0.027079 -0.001808 0.000917 -0.000271 0.002452 -0.000203 -0.002178 -0.001555 -0.004765 0.001261 -0.016686 -0.006929 0.001100 -0.000192 -0.007324 -0.015967 0.000062 -0.001185 -0.002110 -0.004560 -0.001253 0.006358 -0.002842 -0.000359 -0.004987 -0.000851 0.003143 -0.009531 -0.005471 -0.000906 -0.012746 0.005219 0.001762 0.004409 -0.014743 -0.004933 0.001154 0.001387 -0.012760 0.002012 -0.008857 -0.006805 -0.019200 -0.006247 0.003568 -0.000476 -0.012257 -0.007145 -0.011755 0.001555 -0.000573 -0.001719 -0.006850 -0.009537 -0.005611 -0.002072 -0.024703 -0.002380 0.002184 -0.006355 0.003112 -0.002709 -0.010272 -0.002817 -0.001248 0.004563 -0.013068 0.001999 -0.012055 0.000538 0.015317 -0.011672 -0.026630 -0.017461 0.001059 -0.010846 -0.000597 0.001074 -0.004744 -0.014314 0.002846 -0.008509 -0.003124 0.002097 -0.008207 -0.005943 -0.003796 -0.000966 -0.002252 -0.014430 -0.019264 -0.000520 0.000122 -0.004870 0.013841 -0.003797 0.001879 0.003412 -0.003515 -0.000992 -0.001567 -0.011793 -0.003931 -0.001803 0.001161 -0.001225 -0.002255 -0.002061 -0.025817 -0.008164 -0.023810 -0.002548 -0.001664 -0.000231 0.002592 -0.002036 -0.008941 -0.007196 -0.019992 0.001453 -0.005642 -0.008841 -0.021039 -0.006585 0.002657 0.001469 0.000455 -0.010501 0.000134 -0.008552 0.002324 -0.006611 -0.003127 0.000050 -0.003909 -0.001287 -0.013934 0.000833 -0.021140 0.004074 -0.019499 0.001683 -0.018173 0.002002 -0.000005 -0.000403 0.002115 -0.019564 -0.015417 -0.020623 -0.000864 0.003225 -0.002491 -0.000562 0.001019 -0.000373 0.002206 0.001175 -0.021042 -0.002485 0.002129 0.001102 -0.000576 -0.001164 -0.000567 -0.017353 0.000394 0.003389 -0.012127 -0.014617 -0.000551 0.000470 -0.000065 -0.006516 -0.002367 -0.005685 0.008503 0.001015 0.000346 0.001958 -0.002601 -0.009190 0.002952 -0.005705 0.006279 0.001740 0.002598 -0.004618 -0.029027 -0.003824 -0.004157 0.007708 -0.003843 -0.003854 -0.002938 -0.000143 -0.002349 -0.001180 -0.000219 -0.000099
0.402769 -0.001434 0.928037 -0.188539 0.447862 0.358052 -0.018669 -0.003019 -0.000537 0.002608 0.001802 0.211384 0.023904 0.018133 -0.000653 0.004152 0.005036 0.002699 -0.002378 0.001950 -0.000491 -0.132749 0.164274 -0.411080 0.019260 -0.006441 0.002443 0.000838 0.001593 -0.003397 0.446491 -0.217174 0.001833 -0.038490 0.271743 0.086373 -0.038134 0.124299 0.252283 0.192937 -0.063818 0.040768 0.001904 0.002485 0.353869 -0.186176 -0.001212 0.169987 0.096657 0.260821 0.007884 0.003006 -0.183805 0.001834 0.000012 0.020259 0.175036 -0.002786 -0.230249 -0.052363 0.007076 0.000998 -0.046848 0.117980 -0.322883 -0.002265 -0.102433 0.520766 -0.000761 0.006089 -0.001210 0.052696 0.001145 0.396377 0.507354 0.251708 -0.071822 0.310783 -0.002081 0.004996 0.715253 -0.027353 -0.000305 -0.018484 -0.184439 -0.004295 0.209372 0.086301 0.000833 -0.104676 -0.548005 -0.419481 0.000309 0.002362 -0.011523 0.245776 -0.088448 1.193688 0.482181 -0.006546 -0.418212 -0.004607 -0.120460 0.001959 0.295031 0.065645 0.004278 -0.001451 -0.556103 0.384220 0.019523 -0.085362 0.033233 0.002795 0.003757 -0.000281 0.000662 0.002264 -0.274633 0.015951 -0.004796 -0.056305 0.666310 0.000453 0.647898 0.000181 0.028740 -0.280507 -0.064177 -0.425739 -0.388624 0.464539 0.001618 0.001110 -0.121365 -0.186266 -0.000764 0.283789 -0.012117 0.000264 -0.209096 -0.023718 0.002254 -0.012785 0.005032 0.020989 -0.360745 0.001362 0.002072 0.862679 -0.011590 0.169511 -0.000674 0.001691 0.002773 -0.028033 0.000356 0.006546 0.004817 0.001182 -0.237824 0.510101 0.079018 -0.105661 -0.436229 -0.244044 -0.012037 -0.000548 -0.000096 -0.095569 0.304786 -0.031334 -0.011212 -0.290132 -0.010093 0.258433 -0.016771 0.050447 -0.707944 0.002679 -0.318186 0.001811 0.000923 0.358697 0.012073 -0.158610 0.001907 0.121704 -0.000427 0.001241 0.508819 0.002452 0.016778 0.002330 -0.340927 0.005842 0.371737 -0.000710 -0.064500 0.002802 -0.002730 -0.001952 -0.018445 0.190478 -0.083765 -0.209436 0.001156 0.187368 0.000424 -0.002672 0.002329 0.000615 0.664186 0.001864 -0.263692 0.346806 -0.004424 -0.187297 0.701058 -0.004014 -0.002056 -0.138611 -0.000677 0.000299 -0.072911 -0.021613 -0.004269 -0.008199 -0.001327 -0.324006 0.275515 0.047250 1.039283 -0.037833 0.002473 -0.003845 0.000724 0.036166 0.002884 -0.189561 -0.382229 0.676778 0.000114 -0.011664 0.424671 -0.002828 1.176879 -0.280919 0.526321 0.089103 -0.007595 0.292946 1.230727 0.461648 -0.003655 -0.003174
-0.460186 -0.000843 -0.294435 -0.082249 -1.058700 -0.187111 0.066027 -0.001683 0.003762 -0.002806 0.000973 -0.661482 -0.169973 0.194028 0.001473 -1.043821 -0.000011 0.002864 -0.001878 0.001956 -0.000097 -0.186183 0.283526 -0.598863 0.151421 0.117217 -0.002209 0.071272 0.009995 0.032582 -0.359087 -0.155994 0.002348 -0.163515 -0.360258 -0.458695 -0.223324 -0.233707 0.219642 -0.573429 0.470160 0.107391 0.000741 0.000254 -0.022020 -0.654100 0.012031 0.232346 -0.149597 0.197815 -0.001132 0.002552 -0.365494 -0.001256 0.001709 -0.010951 0.434338 -0.005800 0.612834 -0.168676 0.008113 0.000181 0.279081 0.109376 -0.236713 -0.000192 0.114904 -0.312757 -0.000820 0.009765 0.001704 -0.676623 0.000294 0.418124 0.246406 0.861732 0.018743 0.039435 0.000975 0.006041 -0.607327 0.097108 0.003675 0.022433 0.170951 0.000110 -0.015771 -0.529376 -0.004667 -0.783544 -0.164000 0.483568 0.002625 0.003599 -0.317652 -0.376647 -0.053547 -0.055704 0.133442 0.000304 0.655380 0.003500 0.127411 -0.019773 0.254873 0.074410 0.058810 0.000591 0.527322 0.191055 0.297275 0.056176 0.241992 -0.000064 -0.000233 0.014173 0.000410 -0.001080 -0.677031 -0.039633 0.140210 -0.144577 0.260921 0.038799 0.284138 0.000429 0.089042 0.205491 -0.302831 -0.064092 -0.896093 0.305710 0.000813 0.000101 -0.630082 0.470830 -0.001517 -0.002226 -0.005472 0.000884 -0.319769 -0.051897 -0.003371 0.004871 -0.012421 -0.860455 0.600846 0.181800 0.001656 -0.001983 0.030455 -0.045192 0.000623 -0.002609 -0.002875 0.005503 0.003076 -0.015356 0.008326 0.001382 0.186023 0.407939 0.301942 0.447381 -0.213645 0.403074 0.698347 0.000788 0.001606 -0.496450 0.292297 -0.027051 0.000164 -0.004200 -0.429879 0.107398 0.009814 -0.545850 -0.177193 -0.084614 -0.230990 0.000593 -0.000147 0.114379 0.017112 -0.111716 0.002915 0.472306 -0.003742 0.000184 -0.084809 0.000456 0.102256 -0.004715 -0.204184 -0.213624 0.332252 -0.002027 -0.172188 0.001706 -0.004227 0.006774 0.074200 -0.596476 -0.097419 0.344268 0.000163 0.477176 0.002661 0.001949 0.538869 -0.001094 0.689917 0.000359 0.184284 0.492622 0.000878 -0.971013 0.193527 0.001623 -0.001541 0.252714 0.001240 0.002369 -0.203238 -0.167328 0.000356 -0.005975 0.001551 -1.023764 -0.086861 0.091006 -0.389298 0.434711 -0.003495 0.004560 0.000545 -0.490591 0.002682 0.211269 0.238029 -0.126415 0.002196 0.067729 0.346927 0.048765 -0.281873 -0.134374 0.003315 0.157788 0.028158 -0.350790 -0.374054 -0.094331 -0.000596 0.004459
0.022740 -0.004475 -0.004345 -0.009763 -0.059192 -0.019772 -0.005034 0.000842 -0.000483 -0.003337 -0.000419 -0.010303 -0.045970 -0.009760 -0.001870 -0.013304 -0.001815 -0.005406 -0.008918 -0.002361 -0.002747 -0.018672 0.007989 -0.020417 0.013394 -0.003601 0.003391 -0.006295 -0.006341 -0.000586 -0.009826 -0.072174 0.003116 0.000149 -0.008094 0.004617 0.016294 -0.044210 -0.028703 -0.009407 -0.043856 -0.004624 -0.002179 -0.000575 -0.005171 -0.027509 -0.006005 -0.004398 -0.002430 0.001905 -0.004765 0.000033 0.003207 -0.001910 -0.003343 -0.005304 -0.009427 -0.008953 -0.009150 -0.007007 -0.004584 0.009338 0.039180 -0.003822 -0.044863 -0.000291 -0.044099 -0.022056 -0.001387 -0.002159 -0.004376 -0.035329 0.001941 0.025100 -0.001819 -0.000255 0.002921 -0.020809 -0.001800 -0.006542 -0.006057 0.038819 -0.002848 -0.001036 -0.023319 -0.008208 -0.030883 0.009952 -0.001263 -0.023947 0.003910 -0.047844 -0.000768 -0.000160 -0.068135 -0.002373 -0.006443 0.007998 -0.045614 -0.012276 0.008769 -0.004151 -0.014437 -0.011836 -0.018539 -0.013195 0.017481 -0.001722 -0.069338 -0.001183 -0.011258 -0.040518 -0.051314 -0.002991 -0.004321 -0.023933 0.000010 -0.000791 -0.018368 -0.055208 0.000535 -0.005691 -0.020010 -0.002325 -0.009493 -0.001224 0.004018 -0.045176 -0.000450 -0.103711 -0.016781 0.028265 -0.001174 -0.000840 0.015375 -0.048453 -0.002950 0.000394 0.000509 -0.002713 0.037807 0.025880 -0.000919 -0.012954 -0.005204 -0.043090 -0.009666 0.028676 -0.000880 -0.011754 0.032135 -0.003598 0.008331 0.001074 -0.004528 -0.008517 -0.000252 0.006702 0.007215 -0.002410 0.014630 0.003795 0.006072 -0.003898 -0.043296 0.014630 -0.009733 -0.000480 0.002002 -0.008043 0.031167 -0.021407 -0.000491 -0.010407 -0.047666 -0.025833 -0.002650 0.001689 -0.152744 -0.002106 -0.037346 0.002540 -0.002947 -0.001978 0.003024 -0.008175 -0.000688 -0.002896 0.016588 -0.001311 -0.006556 -0.002022 -0.018798 -0.001077 -0.004017 -0.001679 0.020490 -0.001298 -0.034730 0.001872 0.006316 0.000115 -0.003183 0.031163 0.009057 -0.032761 -0.003011 0.004597 -0.000201 0.001391 0.010370 -0.002591 0.020616 -0.001043 -0.001210 0.034105 -0.007088 0.008306 0.000565 0.001627 -0.001398 -0.005652 0.002483 -0.001305 -0.004205 -0.033196 0.020238 -0.012486 0.003898 -0.019540 0.020874 0.002865 0.004864 -0.010616 0.009418 0.003074 0.017643 0.001774 -0.000627 0.006656 -0.022277 -0.008305 -0.001764 -0.012592 -0.058635 -0.003635 -0.082912 0.003971 0.003231 -0.014951 0.016737 0.010252 0.014106 -0.030151 -0.001265 0.001850
-0.767081 -0.005165 -0.304134 0.061526 -0.141639 -0.003308 0.011273 0.003025 0.002903 -0.001990 -0.003427 0.583626 -0.130699 0.161663 -0.002153 -0.174559 -0.000613 0.002827 0.002061 0.000533 -0.001499 -0.037223 0.375323 -0.643319 -0.430796 0.041697 0.001621 0.025885 -0.000963 -0.031919 0.030724 -0.231156 -0.000785 -0.366734 -0.005924 0.038419 0.555550 -0.000951 -0.046397 0.653459 -0.137826 0.166455 0.000739 -0.008685 -0.157047 -0.458566 -0.000490 0.034610 -0.017996 -0.417228 -0.005264 0.003277 -0.346827 0.000093 0.000345 -0.007626 0.204072 -0.004914 0.309548 -0.417815 -0.000461 -0.000857 -0.446416 0.490395 -0.920329 -0.000286 0.389497 0.959241 0.000846 -0.018459 0.009481 0.364204 0.000721 0.360614 -0.332370 -0.399320 0.518697 -0.194996 0.003426 -0.011598 0.278688 -0.014749 -0.015888 -0.016677 -0.145213 0.002919 -0.120530 0.722853 -0.000356 0.619175 -0.198163 0.532198 0.000915 -0.002169 -0.894061 -0.034619 -0.021981 -0.029435 -0.812276 0.002573 -0.011469 0.003254 -0.678112 -0.000915 -0.676418 -0.160354 -0.085299 -0.000015 0.730980 0.089844 0.063862 -0.335551 -0.221114 0.002167 0.000628 -0.010626 0.000894 0.001946 0.012815 -0.037484 -0.063872 -0.177072 -0.034990 -0.045166 -0.221165 0.001658 0.108476 -0.462193 0.038783 -0.008733 -0.790176 -0.984346 0.001183 0.003279 0.478274 -0.678478 -0.001544 0.105508 -0.090729 0.000267 -0.490848 -0.063569 0.007217 -0.011450 -0.008939 0.086019 0.353510 0.299761 -0.002027 0.089699 0.053630 0.214481 -0.003521 0.001021 -0.011846 -0.047082 -0.003024 -0.010332 0.001398 -0.000028 -0.795704 -0.630743 0.114108 -0.892493 -0.027957 0.077602 0.251356 0.002476 -0.001153 0.324517 -0.050071 0.354857 -0.002221 -0.014815 0.347103 -0.432125 0.006539 -0.052868 0.065883 -0.177929 -0.288137 0.001326 -0.000876 -0.150229 0.012309 0.242182 -0.000702 -0.185650 -0.003744 0.000361 0.320402 0.003318 0.012102 0.001851 0.406338 0.269632 0.454820 0.003164 -0.609105 -0.003627 -0.010531 -0.000415 -0.076251 -0.418089 -0.237156 -0.656251 0.000982 -0.062748 0.000239 -0.000249 -0.393324 -0.000984 -0.611565 0.000324 0.060288 0.038323 0.005008 -0.383677 -0.142649 0.023423 -0.001124 0.324946 -0.000423 0.002272 -0.173886 -0.604108 -0.004597 -0.018409 0.000237 -0.555670 -0.393578 -0.153415 0.202026 -0.086365 -0.002379 0.003110 0.002539 -0.319372 0.003393 -0.457681 0.107534 0.089742 -0.001311 0.036854 -0.143347 -0.015389 0.328186 -0.000613 0.963508 0.248560 0.045763 -0.016899 -0.283375 0.043603 0.001230 -0.016456
-0.004447 -0.007141 0.230931 0.328552 -0.209068 -0.331202 -0.005441 0.001112 -0.000684 -0.000830 -0.000588 -0.167767 -0.189398 -0.008693 -0.000665 0.071683 0.001527 0.003238 -0.000483 -0.000989 -0.000842 -0.118502 0.176600 0.535463 0.006894 -0.012848 -0.001914 -0.002771 0.001482 -0.025068 0.092018 0.317147 -0.000094 -0.054102 0.008437 0.005176 0.151681 0.159842 -0.231877 -0.185158 -0.168612 0.390947 -0.000056 -0.000331 0.057797 -0.200601 -0.002062 -0.038330 -0.006013 -0.007694 -0.002183 -0.000252 0.091324 -0.000135 -0.000426 0.002270 -0.077493 0.000499 -0.006019 -0.004156 0.004863 0.000373 -0.393092 -0.164500 -0.080284 -0.000975 -0.237931 0.086586 -0.000824 -0.003108 -0.001691 -0.351750 -0.000937 0.015998 0.023478 0.214382 -0.066957 -0.145234 -0.004703 0.002118 0.020988 -0.063606 -0.001058 -0.017026 -0.230106 -0.001312 0.044139 0.067737 0.008186 -0.168442 -0.221067 -0.154311 -0.000208 -0.001555 -0.041246 0.019924 -0.005757 0.043549 -0.123698 -0.008609 0.252007 -0.001886 -0.215743 0.002319 -0.019462 -0.020111 0.008887 0.000305 -0.036530 -0.087604 0.118905 0.280222 -0.294001 -0.001079 0.000887 -0.001319 0.000182 0.000642 -0.337298 0.030644 -0.009844 0.075361 -0.153179 -0.001412 -0.154200 0.001524 0.007364 -0.277591 0.001791 -0.339342 -0.098505 -0.053646 -0.000522 -0.000112 -0.009199 -0.193612 -0.000791 -0.001403 0.031793 0.002788 -0.230630 0.031504 -0.000730 -0.008989 0.010044 -0.185066 -0.085426 -0.260986 -0.000563 -0.026086 0.016293 0.155502 -0.000333 0.000240 -0.001182 -0.038956 -0.000362 0.001277 0.030167 -0.000076 -0.282088 0.000607 0.044072 0.215222 -0.227759 -0.063274 0.181185 -0.000519 0.000013 -0.232148 -0.032032 0.124441 -0.004489 -0.189152 -0.295425 -0.086596 0.002129 0.049468 -0.521741 0.001204 -0.183169 -0.000169 0.000120 -0.130755 -0.000076 -0.085214 0.004691 0.103617 -0.000654 -0.003062 -0.127633 0.001965 -0.016081 0.001524 -0.146010 0.009527 0.084974 0.001222 0.083278 -0.002487 0.008439 -0.002585 -0.017103 -0.129654 0.473242 -0.177185 0.000566 0.068406 -0.000255 0.001561 -0.012553 -0.000585 -0.031506 0.001691 -0.269349 0.007168 0.002530 -0.351130 0.195141 0.007911 -0.000665 -0.126768 -0.000239 0.002614 -0.197749 -0.088909 0.001970 -0.024071 0.001462 -0.059116 0.049847 -0.101505 0.248746 0.138729 0.000255 0.001315 0.000942 -0.130925 -0.000456 -0.048868 -0.025746 0.000018 0.000827 0.018589 -0.152487 0.004102 -0.094254 -0.005564 -0.057446 0.137723 0.020070 0.137579 -0.031696 -0.071483 -0.002723 -0.002027
0.725303 -0.001517 0.737200 0.320096 -0.242588 0.262020 -0.001272 -0.001720 -0.001012 0.000623 -0.003224 -0.420738 -0.096350 0.133822 -0.000630 0.674485 -0.001191 -0.002013 -0.001634 -0.002556 -0.002453 0.774122 0.206194 -0.308529 0.624947 0.167144 0.000332 0.060091 0.006488 0.012564 -0.132360 0.158779 -0.002203 0.255233 0.123023 0.436348 -0.158882 0.066929 -0.000123 0.701373 -0.346674 -0.001200 -0.001745 -0.000915 0.042721 -0.130940 -0.003376 0.054576 0.012461 0.141438 -0.002007 -0.002018 0.579180 0.001383 -0.003110 -0.001513 0.072514 -0.000493 -0.155973 0.548296 -0.016153 0.001061 -0.213143 -0.037640 0.008315 -0.000127 -0.199825 0.084367 -0.002217 0.035152 -0.000822 -0.505822 -0.000469 0.348625 0.476295 0.379894 -0.113761 -0.135874 -0.002717 0.006714 -0.191773 0.040472 0.012927 0.004107 0.090159 -0.003119 0.293999 0.382682 -0.000985 0.154480 -0.141606 0.248576 -0.001638 -0.001999 0.088658 0.764529 0.249418 1.061795 -0.045240 -0.002022 -0.308223 -0.001315 0.464282 -0.001199 0.033789 0.116342 0.193357 0.000047 -0.126382 0.195964 0.384188 0.237725 0.243337 -0.002323 0.001783 -0.009437 -0.001160 -0.001284 -0.168917 -0.006795 0.041069 0.434941 -0.070673 -0.002293 0.453188 -0.003203 0.016542 -0.433180 0.217817 -0.274392 -0.172495 -0.170679 -0.000083 -0.001678 0.005134 -0.002520 -0.000755 0.253106 -0.128111 -0.001824 -0.374588 0.029653 -0.000880 -0.000233 0.014224 0.334165 0.183387 0.549037 0.002076 0.985045 0.030868 -0.152000 -0.001516 -0.000348 -0.006749 0.040021 -0.003065 -0.000282 0.000191 -0.002740 0.367345 -0.073460 0.092805 -0.027536 0.111343 0.122040 0.039252 -0.000973 0.000947 0.054706 0.058475 0.104494 0.004404 0.255547 -0.140304 -0.148083 0.009072 -0.058407 -0.656682 -0.010343 -0.360603 0.001609 0.000909 0.291013 0.008532 0.311625 0.000759 -0.183247 -0.000523 -0.001508 0.327383 -0.003253 0.017922 -0.001568 0.270522 -0.128279 -0.201414 0.003386 -0.378740 -0.000099 0.005646 -0.007485 -0.251301 -0.365534 0.072719 -0.104792 -0.000174 -0.272513 -0.001713 -0.002234 -0.665236 0.000654 0.107423 -0.001112 0.226117 -0.201526 -0.003391 0.234639 0.615986 0.005837 -0.000292 -0.323616 -0.001326 -0.002043 -0.181219 -0.460110 0.001222 -0.012170 -0.002014 0.256011 -0.276253 0.301259 0.715457 0.162492 0.005205 -0.002791 0.005790 0.024037 -0.002887 -0.209611 0.136132 0.327795 -0.001029 0.033757 0.121227 0.051289 0.341865 -0.176641 0.061414 0.073469 0.059342 0.086265 0.466628 0.272147 -0.001556 -0.003530
-0.205902 -0.001489 -0.403087 -0.188803 -0.102070 -0.069918 0.056706 -0.001527 -0.003248 0.001095 0.000540 -0.291551 0.060423 0.346477 -0.003171 0.069182 0.000013 -0.009570 -0.003140 0.001721 0.001127 0.104416 0.039767 0.164564 -0.183919 -0.029269 0.001443 -0.052231 -0.003091 0.032950 0.106274 0.281083 0.005507 0.376381 0.037055 -0.289703 0.094254 0.041619 -0.142260 -0.329716 -0.111244 0.110142 0.001655 0.001394 -0.101617 0.119298 0.001903 0.216113 0.042826 -0.480768 0.005830 0.002285 -0.333600 -0.001232 -0.000498 0.008995 -0.261433 -0.003151 -0.039968 -0.323066 0.002166 -0.000941 -0.103301 -0.308008 0.322067 0.000039 -0.494610 -0.464767 -0.000263 -0.016299 -0.008577 -0.494960 0.000085 0.473023 -0.279152 -0.088124 0.380290 0.047544 -0.001783 0.000298 0.379571 0.092593 -0.001996 -0.003866 0.237095 0.000260 0.151159 -0.203687 -0.009878 -0.077900 -0.308294 -0.626422 -0.000805 0.000543 0.444498 0.649901 -0.085845 -0.399974 0.189299 0.011480 -0.423811 -0.000942 0.587955 -0.019246 0.050546 0.113014 0.303247 0.001571 -0.420639 -0.003400 0.139293 -0.171674 -0.072948 0.003241 -0.003953 0.010086 -0.000965 -0.002452 0.157282 -0.017977 0.094611 -0.617370 0.166217 0.008832 -0.164002 -0.001701 0.016976 -0.128512 -0.299496 -0.015523 0.431242 -0.053962 0.001837 0.001216 0.098429 0.425324 0.001609 0.304260 0.134934 0.001346 -0.103933 -0.089306 -0.005178 -0.002887 -0.000123 -0.391879 -0.335214 -0.190007 0.002327 -0.088408 -0.002980 0.644735 0.001496 -0.000117 -0.010046 0.011195 0.000125 0.014940 0.003595 0.001156 0.436944 -0.070763 0.054400 -0.753143 -0.274628 -0.040075 0.161328 -0.002783 -0.001976 0.651220 0.124473 -0.195477 -0.008220 0.430986 0.152987 0.431471 -0.000189 0.127022 -0.174698 -0.004799 -0.010747 0.000399 -0.001831 0.074294 0.000427 -0.507682 -0.001865 0.294868 -0.004991 -0.000225 0.351982 -0.001520 0.102415 -0.000104 -0.478738 0.202673 -0.772685 -0.000670 -0.019560 0.001936 0.001742 0.007681 0.326513 -0.094658 0.239475 -0.466339 0.000296 -0.336211 0.000432 0.000874 0.041573 -0.000783 0.374393 0.001628 -0.266579 0.030126 0.001269 0.209486 0.366909 -0.000691 -0.000907 -0.039665 -0.002649 0.002407 0.382120 -0.187718 -0.003566 0.008448 -0.000556 0.340348 0.097782 0.105840 0.164300 -0.464318 -0.006606 0.001034 -0.003474 0.012354 -0.003072 0.285351 0.401199 -0.066953 -0.000909 -0.039665 -0.247746 -0.074564 0.530264 -0.032865 -0.126754 0.354662 0.001567 0.337520 -0.416097 0.190776 0.002806 -0.002937
0.027451 -0.004163 0.665865 -0.001797 0.108764 0.076753 0.015727 0.003080 -0.001591 -0.000963 -0.000794 -0.045744 -0.144923 -0.039395 0.000352 0.089943 -0.000361 -0.008403 0.005022 -0.002728 -0.001597 -0.200231 0.011064 -0.010516 0.121346 -0.032460 -0.002426 0.019268 -0.000829 0.024068 0.020848 0.189351 0.002904 0.014287 0.028989 0.070528 0.210079 0.126676 -0.067273 0.162805 -0.189969 0.037721 -0.000204 -0.001077 0.235312 0.033886 -0.003393 -0.001113 0.039586 0.016898 0.005252 -0.001484 0.767231 0.001695 -0.003412 0.007004 -0.051390 -0.005749 0.024899 0.023947 0.001741 0.005602 -0.313401 -0.027803 0.151986 -0.003368 -0.204830 0.281829 0.000399 0.025163 -0.008302 -0.334177 -0.000667 -0.090459 0.524647 0.096965 -0.171534 0.039296 -0.000457 0.001019 0.662833 -0.017880 -0.002776 -0.019925 -0.030111 -0.007095 0.079297 0.079308 -0.003108 -0.287406 0.143163 -0.178443 -0.001561 -0.000901 -0.064239 0.783160 -0.006878 0.771104 0.024176 -0.017753 0.000608 -0.006221 0.058627 -0.001940 -0.102551 -0.090234 0.064973 -0.000208 0.160964 -0.101052 -0.201798 -0.030867 -0.629342 -0.001289 -0.007863 0.001149 -0.001601 -0.001331 0.037103 -0.059327 0.002367 -0.291762 0.138967 -0.004850 0.742865 -0.000661 0.001602 0.013637 -0.039108 -0.224657 0.058370 -0.028066 -0.000269 -0.001882 0.002480 -0.116868 -0.001408 -0.038714 -0.205545 0.000446 0.102654 0.000416 -0.003631 -0.031773 0.001613 -0.007733 -0.057529 0.195134 -0.000412 0.919758 0.007863 -0.032644 -0.002500 -0.001940 -0.009944 0.034390 0.001517 -0.011284 0.004651 0.002246 0.188428 0.019887 -0.031203 0.260241 -0.188389 -0.043802 -0.154624 0.001449 -0.001952 -0.237580 0.266408 -0.130433 -0.006423 0.280311 -0.173587 1.099267 -0.001100 0.025876 -0.649367 -0.048019 -0.225011 -0.001166 -0.000213 -0.046958 -0.004846 -0.084838 -0.000820 0.189594 -0.000439 -0.002852 0.006550 -0.001727 -0.018643 -0.001724 -0.140710 -0.143432 -0.123652 -0.002893 -0.088842 -0.000365 0.002778 0.001248 -0.023088 -0.103080 -0.004591 -0.322196 -0.000093 0.215843 -0.002917 -0.002158 0.003044 -0.002869 0.146330 0.002490 0.123341 -0.335110 0.007427 -0.035198 0.132904 -0.000172 -0.000667 0.410130 0.004044 0.001024 0.059084 -0.110351 -0.006381 -0.005698 0.008517 0.212843 0.247930 0.042566 0.357331 0.343511 -0.005266 -0.004075 -0.006417 -0.155927 -0.002066 -0.235391 0.116811 0.475461 -0.000630 -0.032896 -0.027403 -0.033554 0.335541 0.036566 0.197435 0.086993 0.019090 -0.266304 0.643652 0.019260 0.000573 0.000948
-0.010784 0.000549 0.011488 -0.028304 -0.020356 0.017532 -0.006461 0.002629 0.000151 0.002040 -0.000055 -0.030659 -0.003284 0.015154 -0.002170 0.008580 0.001494 -0.001341 -0.002506 0.003314 -0.000540 0.018292 -0.019147 -0.008144 -0.027518 -0.003286 -0.003113 0.005426 0.009147 0.007281 -0.011729 -0.041422 -0.004723 -0.036764 -0.030626 -0.036133 0.006849 0.030774 -0.027682 0.005000 -0.027582 -0.001621 -0.001297 0.002679 0.038622 -0.066701 -0.001012 0.001932 0.013721 -0.004020 0.006896 -0.001236 -0.020105 0.000312 0.000290 0.004310 -0.024910 -0.002874 -0.100939 0.006282 0.000744 0.000520 -0.170105 -0.004940 0.005601 0.001482 -0.111324 -0.004123 0.003058 -0.006537 -0.000198 -0.052752 -0.000178 -0.000523 -0.025054 0.008991 0.010906 0.016069 0.000510 0.008068 -0.032547 0.000450 0.000856 -0.014744 0.021980 0.002864 -0.034329 -0.015931 0.010938 -0.141225 -0.036081 -0.089595 0.001811 0.001675 -0.070555 0.002320 0.015545 0.020779 -0.028418 0.000666 -0.088991 0.001806 -0.045485 0.006870 -0.054199 0.008209 -0.016954 -0.001309 -0.046844 -0.030694 0.041787 0.022500 -0.161163 -0.001713 -0.003519 -0.005126 -0.000693 -0.000711 -0.105947 0.051232 -0.002664 -0.006385 -0.026759 0.031364 -0.005380 0.000582 -0.035468 0.000679 -0.043669 -0.024662 -0.026695 -0.003662 -0.001323 -0.001522 0.018224 -0.056715 -0.000910 -0.004186 -0.019470 -0.000937 -0.014981 -0.011827 0.000428 0.003834 0.006656 -0.010054 0.007386 -0.046549 0.000145 -0.012743 0.009197 0.013182 0.001523 -0.000120 -0.010525 0.010481 -0.000805 -0.009117 0.012251 -0.001502 0.019226 -0.018437 0.003258 -0.036261 -0.039852 0.014068 -0.016779 -0.000171 -0.001291 -0.021830 -0.032655 -0.001166 0.012347 -0.020122 -0.034412 -0.006334 -0.000939 -0.000008 -0.177138 -0.009289 -0.074290 0.001209 0.000930 -0.044175 -0.001104 -0.003717 -0.001680 -0.001124 -0.003050 -0.001662 -0.020440 0.026546 0.022716 -0.001400 -0.033089 -0.002346 -0.051578 0.000558 0.002928 -0.001509 0.003999 0.000784 -0.005424 -0.044275 0.015281 -0.033765 -0.000182 -0.009792 -0.000937 0.001178 -0.022126 0.000495 -0.003157 -0.001560 0.000298 0.020420 0.001254 0.003328 -0.000020 0.016027 0.002694 -0.002753 0.002522 0.002017 -0.005812 -0.040168 -0.002233 -0.005902 -0.001473 0.010214 -0.021087 -0.011525 -0.015193 -0.003003 -0.008609 -0.003518 -0.003105 -0.022805 0.001698 -0.030756 -0.054447 -0.035952 0.000020 -0.016974 -0.022567 -0.012164 -0.013376 0.082076 -0.008380 0.033671 0.009933 0.010021 -0.006807 -0.043292 -0.002482 0.003432
-0.298518 -0.001116 0.191255 0.275159 -0.298647 0.291724 -0.013648 -0.002337 -0.006419 -0.004759 -0.002056 -0.744290 0.946719 -0.164113 0.002121 -0.177581 0.002136 -0.000497 -0.004077 -0.000676 0.000007 -0.379209 -0.211911 0.517684 -0.134770 0.036556 -0.000571 0.101429 0.004771 0.009879 0.072854 0.163341 0.000094 0.899612 0.124080 0.000919 0.049513 -0.136202 0.773063 -1.172657 -0.523028 -0.336813 -0.001339 -0.000767 -0.124231 -0.892359 -0.014217 0.030926 -0.063689 -0.304913 0.005769 0.001559 -0.614606 0.000350 -0.002526 -0.017294 0.331533 -0.006641 -0.929511 0.155570 -0.007175 -0.006712 0.789648 0.745552 0.117982 0.000197 0.584836 -0.235091 0.001707 -0.012273 -0.001023 -0.356833 -0.000665 0.213559 0.516946 -0.093246 -0.319420 0.076699 0.005817 -0.008861 -0.680389 0.002830 -0.016040 0.010177 0.746843 -0.001709 -0.064332 -0.472313 0.003637 -0.711871 -0.112176 0.168470 0.002280 -0.001381 0.432749 0.260611 0.165995 0.274362 -0.620674 -0.008460 0.168500 -0.003814 0.900425 -0.033207 0.500185 0.174313 -0.085881 -0.001316 -0.301894 -0.035618 0.288578 -0.162342 0.661672 0.001632 -0.002238 0.003119 -0.002522 0.000881 0.016847 -0.061386 0.180323 -0.130261 0.125558 0.025047 0.195058 0.000497 0.020728 -0.037497 0.280316 -0.085372 0.207661 0.378837 0.000457 -0.001424 -0.014955 0.741831 0.000940 0.437774 0.241133 -0.003393 0.045769 0.005990 0.003075 0.025790 -0.084732 -0.264441 0.247605 0.641586 -0.001521 -0.483312 0.016606 -0.077474 -0.008313 -0.002384 -0.031801 -0.045481 0.003024 -0.005126 -0.022702 0.002041 0.825739 0.028909 -0.009935 -0.598608 0.097065 -0.224639 -0.265231 -0.000975 -0.002313 0.276634 -0.022052 0.265501 -0.005298 0.507893 -0.354090 0.131714 -0.010523 0.015937 -0.066442 0.020482 0.062617 -0.003096 -0.001160 -0.175501 -0.010087 -0.024115 -0.002753 0.146799 -0.003027 -0.000137 -0.074719 -0.017184 0.009461 -0.000400 -0.980148 -0.624933 -0.560541 -0.003326 -0.826078 -0.001366 -0.001376 -0.005334 -0.087392 0.034995 -0.158023 -0.099598 -0.001696 -0.088096 -0.002188 -0.001902 0.383730 -0.003398 0.488094 -0.001750 0.658461 -0.339855 0.005970 -0.127182 -0.234252 0.028447 -0.001208 0.282333 0.004908 0.003058 0.077621 -0.044468 -0.001535 -0.001692 0.002849 0.103958 -0.182322 0.180159 -0.463533 -0.135389 -0.012182 0.009158 0.000738 -0.122892 -0.001176 0.692586 0.003823 -0.651532 0.000798 -0.094637 -0.465546 0.086134 0.134118 -0.147288 0.671327 0.280393 0.039124 -0.130856 0.295901 0.204912 -0.000704 0.011284
0.040198 -0.001933 0.525997 -0.095001 -0.256945 -0.144679 -0.006851 -0.001853 -0.003703 0.002739 -0.001643 -0.266228 0.057920 0.023678 -0.000363 0.253603 -0.000840 -0.003331 0.003523 0.003485 0.000175 0.554606 0.058307 -0.041913 0.047006 0.018966 0.000497 0.002157 -0.003567 -0.024748 -0.079998 -0.445993 -0.003242 0.138464 0.060681 0.138725 -0.083766 0.194712 -0.317164 0.104317 -0.161379 0.052150 -0.002922 -0.000201 0.069925 -0.370339 0.001488 0.013193 0.066923 0.490139 -0.017588 -0.000560 0.904998 -0.000069 -0.000786 0.003110 -0.168859 -0.002443 -0.157392 -0.126651 -0.002661 -0.009131 -0.177208 -0.025845 -0.098243 -0.000922 -0.657396 -0.441651 0.002541 -0.023119 -0.004559 -0.109208 0.000980 -0.122935 0.158681 0.522834 0.339839 -0.101524 -0.000642 0.001836 0.292984 0.034278 0.005919 -0.011104 0.138450 -0.004081 0.217047 0.621325 -0.004604 -0.161286 0.033289 -0.763846 0.003165 -0.001515 0.155971 0.502113 0.010500 0.338005 -0.065591 0.005005 0.212526 -0.003181 0.230026 -0.005818 0.329516 -0.386685 0.194695 -0.000140 0.283412 -0.133029 -0.000643 0.174669 -0.007187 0.000571 -0.007329 0.016615 0.002854 -0.000853 -0.112362 0.022510 0.154458 0.086981 -0.342581 -0.010294 -0.307314 -0.000332 -0.059140 -0.082807 -0.641112 0.041862 -0.168726 -0.445937 0.001896 0.002360 0.288559 0.371296 -0.001007 0.511906 -0.301303 -0.001745 -0.230480 -0.043476 -0.007796 0.002086 -0.003018 -0.169384 -0.291626 -0.059371 0.001538 0.844415 0.048516 0.753008 0.003501 -0.000231 -0.016266 0.020623 -0.001030 -0.003514 -0.012714 0.000910 0.951601 0.103869 -0.098509 0.091360 -0.178780 0.042281 -0.126404 -0.000593 0.002935 -0.321942 0.281174 0.224194 0.001037 0.187379 -0.338036 0.440793 0.005772 0.079803 -0.270369 -0.044588 0.202945 -0.000449 0.002636 0.052127 0.003352 -0.426687 -0.001353 0.174947 -0.004184 0.002640 -0.052649 -0.011379 0.067242 0.001119 -0.116496 -0.053550 0.029852 -0.003285 -0.588601 0.000949 0.000137 0.001164 0.343807 -0.187958 0.056330 -0.557571 0.001117 -0.326226 -0.002531 0.001423 0.158123 0.003373 0.736943 -0.001734 0.012764 -0.091893 -0.000541 -0.010483 0.355135 -0.012377 0.003121 -0.268436 0.002674 0.000113 -0.015349 -0.036344 -0.004213 -0.006843 0.000953 0.024412 -0.365600 -0.058793 0.959375 -0.099645 0.001447 -0.001931 -0.000034 0.001163 -0.001194 -0.009418 -0.036705 0.135791 0.000345 0.093895 -0.205638 -0.004851 0.156326 -0.077006 0.104927 0.215845 -0.012850 0.094877 0.308255 -0.023631 -0.000712 -0.002312
-0.033528 -0.003387 -0.000534 -0.008613 -0.011430 0.004553 -0.007172 0.001654 -0.009630 -0.002381 0.000232 -0.019420 -0.017687 -0.010110 -0.000714 -0.015650 -0.002019 -0.008005 0.006346 -0.000108 -0.003486 -0.036711 0.010962 0.019157 -0.002084 0.000292 -0.000372 0.007539 -0.000508 -0.010959 0.007009 -0.028536 -0.001062 -0.000950 0.001529 -0.003859 -0.017078 -0.008300 0.004425 0.021972 -0.024310 -0.001486 0.002939 0.000226 0.008174 -0.011197 -0.001459 -0.007086 0.004029 0.010312 0.002616 -0.001647 0.034862 0.000420 -0.003334 0.070313 -0.036238 -0.001006 -0.026513 -0.000045 -0.007566 -0.000455 -0.021252 -0.004923 0.026491 -0.000489 -0.017740 0.014823 -0.000688 -0.016685 -0.002908 -0.011138 -0.002781 0.002523 0.001175 -0.007804 0.002670 -0.006004 0.000974 -0.001063 0.006561 -0.002143 -0.001750 -0.016867 -0.009410 0.019855 0.009940 -0.019275 -0.003395 -0.039110 -0.053165 -0.005932 -0.002852 -0.002079 -0.048779 -0.003313 0.005096 0.022481 0.007159 -0.012174 -0.002105 0.001406 -0.025749 0.002115 -0.014546 0.012882 -0.036297 0.002638 -0.045492 -0.014434 0.017261 -0.042534 -0.010053 -0.003414 -0.001190 0.008747 -0.001939 -0.001101 -0.018798 -0.004539 0.006612 -0.026757 0.007639 -0.007755 -0.033732 -0.000974 0.009465 0.001737 -0.043761 -0.028829 -0.045968 -0.019016 -0.002123 -0.000572 0.010364 -0.035636 0.000789 -0.002676 0.023798 0.002593 -0.013056 -0.001896 -0.000736 -0.009430 -0.011056 0.026608 -0.010573 -0.024401 0.000134 -0.009764 0.042355 -0.012140 -0.000147 -0.002753 -0.007506 -0.007669 -0.002643 -0.006928 -0.002430 -0.002672 -0.014167 -0.005582 0.016862 -0.013047 -0.034665 0.003530 -0.002190 0.002231 -0.001182 -0.021807 -0.015186 -0.015890 -0.000776 -0.005564 -0.070743 -0.005179 -0.001908 -0.020082 -0.089385 0.001815 -0.030517 -0.002776 -0.000847 -0.021233 0.002042 0.024403 -0.001989 -0.042977 -0.003374 -0.000757 0.006316 -0.001783 -0.008222 -0.002720 -0.006380 0.001633 0.002312 0.003032 -0.024879 -0.001953 0.004567 -0.001724 -0.010045 -0.030781 -0.002240 -0.060986 -0.001259 -0.032873 0.002624 -0.000474 -0.008670 -0.002307 0.007472 0.000166 -0.010277 0.004882 -0.003133 0.012670 0.012818 0.000678 -0.002879 -0.003725 -0.000699 0.002311 -0.025860 -0.039969 -0.003162 -0.026999 -0.000712 0.006709 -0.011537 0.014848 0.012678 -0.007797 -0.003183 -0.006251 -0.014718 -0.021385 -0.000864 0.015708 -0.020095 0.014671 -0.000820 -0.018715 -0.021228 -0.002674 0.008615 -0.005751 0.006146 -0.013341 0.009564 -0.022576 0.012184 -0.056174 0.002942 -0.001749
-0.010782 -0.008094 0.000049 -0.001188 -0.013796 0.002680 -0.002455 0.001876 -0.000836 0.003873 -0.002602 0.010835 -0.015685 -0.001538 0.000887 -0.008234 0.002083 -0.003478 0.001719 0.001889 -0.000626 0.001074 0.010892 -0.005347 -0.007412 -0.005915 -0.001369 -0.009414 0.001137 -0.003282 0.000109 -0.013871 0.000996 -0.004671 -0.004661 -0.004143 -0.005443 0.004906 -0.003346 -0.000855 -0.003217 -0.003563 0.000043 -0.000013 -0.000377 -0.005038 -0.003114 -0.004083 0.001166 0.000779 0.000474 0.002565 -0.010606 -0.000466 -0.001221 -0.005741 0.011545 0.003522 -0.003168 0.000409 -0.000226 -0.000071 -0.008233 -0.001619 -0.002373 -0.001179 -0.003275 -0.018190 -0.000543 -0.006272 -0.010461 -0.007472 0.002232 -0.009291 -0.000971 0.000694 -0.007600 -0.003513 0.002881 -0.001679 0.000189 -0.001214 -0.001138 -0.001512 0.002305 0.004436 -0.006516 -0.005658 -0.004415 -0.019056 -0.003163 -0.004390 0.002383 -0.000040 -0.007657 -0.003038 -0.002632 -0.006059 -0.002331 -0.001423 -0.006327 -0.003676 0.000122 0.002223 -0.017115 -0.011683 -0.002615 0.000726 -0.001621 -0.011226 -0.028642 -0.013949 -0.009334 0.000319 -0.003557 -0.009963 0.000508 -0.001305 -0.013639 -0.007345 -0.003507 -0.015132 -0.013179 -0.005930 -0.009500 -0.000462 0.003605 -0.000796 -0.010168 -0.013583 -0.012124 0.001839 0.002987 -0.000044 0.001639 -0.009513 0.001318 0.015407 -0.014524 -0.004479 -0.014459 -0.007070 -0.004724 -0.001879 -0.001916 -0.003321 -0.006649 -0.002093 -0.001141 -0.010575 -0.003313 0.007627 -0.003506 -0.001147 -0.006272 -0.007783 -0.002523 0.002241 0.001906 -0.002271 -0.002350 0.003930 -0.004261 -0.011750 -0.007591 0.015208 -0.003359 -0.001865 -0.002309 -0.015577 -0.001848 0.003130 -0.009543 -0.001229 -0.015342 -0.010747 -0.001382 -0.007833 -0.017323 -0.000933 -0.011194 0.000595 -0.001984 -0.002389 -0.002834 -0.007425 -0.002657 -0.009694 -0.002056 0.003249 -0.010600 -0.000296 -0.006794 -0.002093 -0.012265 0.001964 -0.009145 -0.000578 -0.002961 -0.002040 -0.000037 0.001050 0.003205 -0.006527 -0.004822 -0.020889 -0.001600 -0.000486 -0.000403 0.000385 -0.009938 -0.000674 -0.008039 -0.001193 -0.017181 -0.017977 -0.000391 -0.005626 0.002862 0.000155 0.000156 -0.019238 0.001840 0.003529 0.007382 -0.018587 -0.002327 -0.011950 -0.005919 -0.008840 -0.003081 -0.011726 0.005667 -0.002566 -0.005897 0.001895 0.000039 -0.010424 -0.002424 0.001687 -0.005915 -0.001910 -0.002947 -0.000977 -0.001142 -0.005700 -0.008801 -0.005679 0.001605 -0.001513 -0.003782 -0.001770 -0.001960 -0.019211 0.000858 -0.003145
0.156740 -0.002482 0.226529 0.250997 0.640673 0.558253 -0.016855 -0.001413 0.000428 -0.000438 -0.000645 -0.095747 -0.177951 0.134929 -0.000301 -0.101189 0.001300 -0.003904 -0.006216 0.002995 -0.000671 0.215096 0.352553 0.180235 0.644589 0.023320 -0.001283 0.012236 -0.007392 -0.010829 0.261676 -0.028327 0.000127 -0.237026 0.096105 0.062610 -0.269665 0.374738 0.203056 0.036201 0.085085 0.172006 -0.000066 0.002287 0.283878 -0.318420 0.000306 0.258500 -0.122945 0.058054 -0.006712 0.000544 0.113128 0.002063 -0.000827 -0.004752 -0.032470 0.003727 -0.070245 0.579099 -0.007242 -0.003277 -0.235841 0.062766 0.061295 -0.002530 0.019696 -0.114690 -0.000503 -0.014398 0.000409 -0.122592 -0.002958 0.264918 -0.027410 0.079865 0.124747 -0.045981 0.000430 0.001269 0.063637 -0.001305 -0.000412 0.003664 -0.159518 0.001441 0.217854 -0.245709 0.000201 0.025656 0.163546 -0.461066 -0.001272 -0.001454 -0.132477 0.208243 0.003113 0.082191 0.358667 -0.003819 0.278673 0.016563 0.147952 0.014850 0.239856 -0.089867 0.033567 -0.001127 0.326809 -0.015336 0.135052 0.127959 -0.067365 0.001982 0.002290 -0.014141 -0.000248 0.001634 -0.162861 -0.039477 -0.010638 0.147602 0.280148 -0.016487 0.144934 -0.002664 0.040728 0.047118 0.139770 0.114115 0.207904 0.175481 0.001950 0.000198 0.489278 -0.219210 -0.000281 0.465209 -0.248207 -0.003245 0.332441 -0.026547 0.005367 -0.001434 0.005037 -0.134239 -0.238846 0.353307 0.000124 -0.067555 -0.000477 0.333444 0.001874 -0.000844 -0.006376 -0.035439 -0.002611 0.001142 0.003264 -0.002319 0.077958 0.326286 0.069589 0.145698 -0.163655 0.274004 -0.049565 -0.002838 -0.001043 -0.088010 -0.126125 0.186806 -0.002898 0.317754 0.122073 0.073001 -0.000581 -0.062181 -0.227493 -0.004059 -0.014517 -0.000371 0.001639 0.345237 0.016571 -0.150117 0.002022 0.188904 -0.001873 -0.000009 0.067790 0.002120 0.001805 -0.001186 -0.536798 0.029529 0.168879 -0.000939 -0.206234 -0.002872 -0.001128 -0.008013 0.002211 0.104236 0.313227 -0.064433 0.003582 -0.000259 0.000114 -0.002685 0.399208 -0.002096 0.026766 0.002064 0.417091 0.052517 -0.002061 -0.098096 -0.062063 -0.002670 -0.001275 -0.039801 -0.001017 -0.001967 0.560310 -0.451602 -0.005270 -0.007067 0.000332 0.525006 0.210451 -0.000399 0.211451 0.280369 0.003167 -0.005851 -0.003865 0.346933 -0.003211 0.164532 0.132856 0.077884 0.000055 -0.002088 -0.196858 0.009925 0.193380 0.094408 -0.390368 0.280619 0.009662 -0.299953 0.360582 0.065748 -0.002095 0.003030
-0.085768 0.005047 -0.004146 0.011191 -0.117501 -0.120832 0.017838 0.001120 -0.002378 -0.004410 0.000601 -0.107674 0.044569 0.007393 -0.000461 -0.077690 0.001701 0.002235 -0.002288 0.001928 -0.003423 -0.116557 0.073769 -0.041352 -0.019541 -0.025110 -0.000860 0.010591 -0.002943 0.009101 -0.039569 -0.027123 0.002371 0.027791 -0.088157 -0.155047 0.031108 0.035583 0.080877 0.016660 -0.119796 0.089801 0.002252 0.001174 0.045451 -0.067484 -0.001595 -0.006540 -0.003843 -0.073721 -0.001397 -0.000039 0.032372 0.002559 0.000537 -0.005324 -0.003181 -0.001967 0.042005 -0.006079 -0.002714 -0.000008 -0.169530 -0.007918 0.060336 -0.003435 -0.171826 -0.081331 0.002617 0.006710 -0.003007 -0.059959 0.002920 0.076658 -0.018268 -0.069059 -0.045094 -0.061698 0.000584 0.000222 0.006702 0.057372 0.000618 0.014458 0.127336 0.001602 -0.016882 -0.044699 -0.000262 0.039114 -0.204460 -0.126602 0.003064 0.000679 -0.035506 -0.014449 0.044483 -0.036865 -0.123558 0.004965 0.028471 -0.002631 -0.026008 -0.002304 -0.019105 -0.060669 0.006679 0.001170 -0.135546 -0.004065 -0.052048 -0.183113 -0.067620 -0.000641 -0.002362 -0.007705 0.001725 0.000175 -0.101694 0.028515 -0.000401 -0.084287 -0.079472 0.007067 0.071272 -0.001875 -0.046421 -0.050139 -0.099724 -0.036528 -0.028241 -0.091046 0.000644 0.002077 0.041366 -0.019593 -0.000042 0.058477 0.076923 0.001359 -0.053792 0.028140 0.007936 -0.006327 0.002698 -0.043091 -0.112701 0.006504 0.001624 0.049135 -0.006091 -0.016219 -0.000432 -0.000741 -0.012580 -0.011905 0.000912 -0.004834 -0.014934 -0.001438 0.082643 0.106881 0.143924 0.069661 -0.164149 -0.051109 -0.095844 0.002091 -0.001440 -0.201025 0.051141 -0.067169 -0.006111 -0.061920 -0.150174 -0.041020 -0.000199 -0.038127 -0.157381 -0.005629 0.077243 0.001911 0.003867 -0.141377 -0.005126 0.048422 -0.000533 0.076228 -0.000284 0.001299 0.139868 0.000136 0.070016 0.003070 -0.025530 0.157065 -0.140682 -0.000823 0.026666 0.002743 -0.001870 -0.001247 0.019637 -0.177003 -0.046944 -0.175164 0.000749 0.037717 0.000383 -0.000318 -0.099437 -0.000305 -0.018943 0.001116 0.040282 0.140077 0.001916 0.062529 -0.011396 -0.011540 0.000493 0.069830 -0.000131 0.001381 0.115577 -0.180346 0.002473 -0.006246 -0.000021 -0.184962 0.011860 0.008726 -0.066697 -0.017778 -0.003992 -0.001079 -0.000439 -0.043941 0.000109 0.002625 -0.130346 -0.008760 0.000225 0.029537 -0.086662 0.018580 -0.082205 -0.004799 0.035807 0.079168 0.052552 0.002612 0.063501 0.068122 0.001827 -0.001038
0.092279 -0.006896 -0.054355 0.240964 0.045761 0.577165 -0.000993 -0.000090 0.004179 0.000725 -0.002154 0.270093 -0.019564 0.040800 0.001336 0.395768 -0.000514 -0.007148 0.007355 -0.002467 -0.001059 0.008019 0.112122 0.333661 0.229911 -0.025416 0.002843 -0.000035 -0.002461 0.004377 0.333526 -0.144433 -0.000095 -0.039419 -0.005338 0.558280 0.423154 0.509728 0.191992 0.175320 0.095379 -0.044693 -0.000667 -0.003044 0.297457 0.136263 0.002001 0.012327 -0.075048 -0.032062 0.000898 -0.000151 0.017552 0.000557 -0.000527 -0.000172 0.145993 -0.002657 0.092514 -0.008689 -0.000133 -0.003674 0.240833 -0.224597 0.625700 -0.003311 0.290581 0.157275 0.000816 0.012213 0.002948 0.216270 -0.001782 0.190897 0.061517 0.302453 0.144625 -0.221014 0.005962 -0.012361 0.244886 0.066627 -0.016190 -0.002933 -0.070525 -0.001913 0.196840 0.123759 -0.002884 0.258458 -0.190061 0.029539 -0.001703 0.000018 -0.298212 0.201453 0.004087 0.094787 -0.001389 -0.000985 0.318375 -0.006236 -0.174475 -0.001432 0.094132 0.284041 0.077600 -0.002620 -0.269155 0.034087 -0.045977 -0.078546 0.285581 -0.002378 -0.002477 0.014271 -0.001284 -0.003142 0.024768 0.009538 -0.007365 -0.155813 0.327831 -0.007452 -0.035728 -0.001838 0.003867 0.015261 0.163755 -0.271961 -0.156337 0.105039 -0.000868 -0.002191 0.202968 -0.098634 -0.002099 0.168428 0.104008 0.001393 0.190599 0.003684 0.002078 0.001263 -0.001230 -0.114767 0.133892 0.067178 -0.000849 0.046125 -0.001927 -0.016666 0.001712 0.001624 0.003466 0.036152 -0.001537 0.007554 -0.000121 0.001357 0.063144 0.230516 0.217814 0.389425 0.118960 -0.089085 -0.143805 -0.001071 0.002933 -0.281408 0.160811 0.253810 -0.004628 -0.070652 -0.341751 0.091007 0.007506 0.274331 -0.553423 -0.003733 -0.225206 -0.000248 -0.001518 -0.365882 -0.005794 -0.038139 -0.000443 0.434699 -0.001264 -0.001628 0.058458 -0.002661 0.091280 -0.000569 -0.031138 -0.142960 0.119094 -0.001340 0.411971 -0.001248 -0.001665 -0.004509 0.257293 0.136200 0.284859 -0.384757 -0.003039 0.045299 -0.001564 -0.001662 0.130230 -0.000236 0.081981 0.002718 0.340508 -0.001263 0.006944 0.257973 0.149603 -0.000411 -0.000080 0.251820 -0.000163 -0.001920 0.068309 0.419273 0.000880 -0.013080 -0.000988 -0.133981 0.278988 -0.013317 0.315210 0.206851 -0.003819 0.012904 0.001001 0.277147 -0.000917 -0.102847 0.010986 0.339991 0.000022 0.008135 -0.012954 -0.008185 0.001756 0.327196 0.156688 0.133089 -0.004100 -0.101819 -0.000492 0.170946 -0.003018 -0.009873
-0.007353 0.001387 -0.001565 -0.005328 -0.000324 0.001470 -0.003773 0.000477 -0.001204 0.003631 0.000622 -0.011135 -0.012814 -0.003280 -0.003496 -0.003395 -0.003165 0.001968 -0.000759 0.002482 -0.000559 -0.008107 -0.010578 -0.004668 0.001387 -0.005465 0.002013 -0.002299 -0.000040 -0.001409 -0.009571 -0.006817 0.000594 0.002925 -0.003924 -0.011519 -0.007504 -0.000780 -0.011407 -0.008425 -0.002102 -0.001453 0.002241 0.002095 0.002613 -0.013131 -0.002665 -0.000377 -0.000327 -0.003355 0.007322 0.003192 -0.000304 0.003449 0.001372 -0.006096 0.007878 0.002583 -0.002971 -0.002439 -0.001870 0.000358 -0.002431 -0.003219 -0.005982 -0.002443 -0.004920 0.003172 -0.000041 -0.008656 0.001335 -0.004455 0.001570 0.000002 -0.009095 -0.005884 -0.002199 -0.016953 -0.003107 -0.000360 -0.003932 -0.002084 -0.001555 -0.001992 -0.034297 -0.001341 -0.001624 -0.000655 -0.004352 -0.000841 -0.013011 -0.011105 -0.000952 0.002373 -0.005872 -0.004570 -0.002819 -0.004828 -0.000901 -0.002698 0.000251 -0.004536 -0.006116 -0.003125 -0.001541 -0.008495 -0.004564 0.000989 -0.004968 0.002722 -0.004211 -0.024083 -0.005347 0.000416 0.001609 -0.002314 -0.001163 0.002156 -0.005845 -0.007282 -0.004968 -0.007799 -0.003260 -0.007039 -0.000988 -0.000083 -0.004896 -0.003359 -0.009186 -0.009369 -0.006320 -0.004194 0.002181 -0.000026 0.001875 -0.004901 0.000012 0.004752 0.008010 0.001876 -0.011481 0.001427 0.000592 -0.005054 -0.005594 -0.008102 -0.007446 0.001780 0.000978 -0.005439 0.014778 -0.006601 0.000547 0.002280 -0.003075 -0.010706 0.001785 0.001752 0.000769 0.001025 -0.004246 -0.008906 -0.003537 -0.003833 -0.022288 -0.000712 -0.000388 0.000372 -0.002296 -0.001579 -0.003172 -0.003051 -0.005212 -0.000993 -0.018774 0.007865 -0.001532 -0.001517 -0.016904 -0.004093 -0.001264 0.000511 0.002636 -0.013737 -0.002060 0.001151 0.001363 0.003847 -0.000454 0.001204 0.001797 0.000874 -0.007920 0.001035 -0.026958 -0.011704 -0.001012 0.002515 -0.034937 0.000141 0.005181 -0.003036 -0.001009 -0.007816 0.001312 -0.005580 0.003113 -0.001207 0.001340 -0.001089 -0.001111 -0.000928 -0.007183 0.003229 -0.002211 -0.000683 -0.001667 -0.001286 -0.003229 0.000972 0.000270 -0.005802 0.002040 0.000001 0.001223 -0.019470 -0.002020 -0.006991 -0.003016 -0.006865 -0.006189 0.001591 -0.001679 -0.007282 -0.003939 -0.001807 0.001089 -0.008465 0.001782 -0.000450 -0.006150 -0.006444 0.000355 0.000601 -0.003174 0.001266 0.001359 -0.010976 0.001673 -0.003959 0.004905 0.000729 0.001058 -0.004062 0.002061 0.000443
0.010915 -0.000984 0.006582 -0.091731 -0.101781 0.115950 0.034417 0.002390 0.001135 0.001046 -0.001130 -0.179771 -0.009675 -0.002122 -0.002861 -0.127565 0.001375 -0.000494 -0.000862 0.003213 -0.000392 -0.145030 -0.053220 0.184094 0.020991 0.003027 0.001611 0.037323 -0.001885 -0.005402 -0.049679 0.014142 0.002125 -0.182295 -0.114850 -0.158911 -0.082458 -0.017852 -0.113106 -0.044552 0.052255 0.230472 0.000171 0.001125 0.030552 -0.040911 -0.002274 -0.002567 0.153265 0.172002 -0.001295 0.003155 0.044505 0.001505 -0.000911 -0.000540 0.187879 -0.001455 -0.179513 0.082026 -0.001144 -0.001524 -0.091363 0.221642 -0.075299 -0.001381 -0.133363 0.157890 -0.001255 0.051117 -0.002540 -0.114744 0.003212 0.103671 0.068631 -0.063596 -0.022357 0.026263 -0.002209 0.003087 0.105628 -0.066874 -0.001896 0.007550 -0.117571 0.001066 -0.028207 0.197410 -0.001607 -0.195971 0.058456 0.011701 0.000238 -0.001757 -0.167616 0.035646 0.018540 0.020242 0.070855 -0.010499 -0.108887 0.000079 0.188992 -0.000113 0.099188 -0.000496 0.148123 0.001119 0.081594 0.052322 0.026481 -0.019449 -0.325757 0.001471 -0.002689 -0.004807 -0.001121 -0.002184 0.093969 -0.003393 -0.002098 -0.000074 0.224794 -0.000261 -0.058959 -0.000888 -0.039308 -0.145550 -0.123519 -0.052745 0.121015 -0.117564 -0.000555 0.002650 -0.067184 -0.349400 0.000193 -0.042928 0.212271 -0.002581 -0.145316 -0.018260 -0.003224 -0.000561 -0.000691 -0.133509 0.107915 0.042157 -0.001152 -0.019970 -0.001471 0.004812 -0.000996 0.000742 0.000577 -0.039437 -0.001341 0.002530 0.001563 -0.001314 0.042084 -0.225342 -0.026277 0.055463 -0.219632 -0.102400 0.126987 0.003052 -0.002875 -0.097809 -0.027805 0.203809 -0.001300 0.115677 -0.272279 -0.082408 -0.001621 0.024349 -0.424893 0.042839 -0.165351 0.000257 0.002464 -0.116759 -0.001241 -0.114401 -0.001296 -0.076647 0.002568 0.000330 -0.063689 -0.001415 0.027430 0.002017 -0.022459 0.290801 -0.056717 -0.002810 -0.042945 -0.000950 -0.000233 0.000795 0.115791 -0.042541 0.054262 -0.198908 0.000970 0.007664 -0.002813 -0.000551 0.085055 0.000339 0.048643 -0.003006 -0.094622 0.219571 -0.002168 -0.124455 0.020396 -0.002737 -0.002476 -0.098433 -0.002958 -0.001694 0.068117 0.207441 -0.000136 -0.005477 -0.000482 0.002825 0.047959 0.000152 0.104484 -0.080601 -0.000304 -0.004012 -0.002393 0.013345 -0.001959 0.015813 0.283430 -0.037785 -0.002677 0.020400 -0.089342 -0.005685 -0.017131 0.081458 -0.036498 0.204704 0.000399 -0.067585 0.080036 -0.031576 0.000404 -0.002353
0.792612 -0.001457 -0.596913 -0.239034 0.194016 0.236675 -0.014115 0.000162 -0.006317 -0.000585 0.000494 0.168751 -0.889355 0.149893 0.002486 -0.273769 0.000287 -0.002411 -0.005475 -0.002021 -0.000980 0.785542 0.349736 0.534353 -0.265874 -0.038495 0.001035 -0.065461 0.011684 -0.022441 0.679025 -0.100744 -0.000044 -0.462309 -0.243123 0.906210 0.035940 0.055815 -0.825283 0.362380 -0.645996 -0.116087 0.003425 -0.007565 -0.025745 0.881649 0.007787 -0.076788 0.112293 0.507094 -0.006180 -0.001292 -0.071830 -0.000623 0.003311 0.024358 0.049533 -0.000583 -0.008779 0.643499 -0.004110 -0.001348 -0.803670 -0.601980 -0.477859 0.002133 -0.636234 -0.608268 -0.000542 0.027416 -0.001783 0.375471 0.001306 0.065430 -0.364000 -0.213269 0.080739 0.727832 -0.004131 0.003122 -0.330670 0.153478 -0.008309 0.022046 -0.614387 0.002594 -0.102455 -0.024796 -0.002204 0.374934 0.847117 -0.494177 0.000412 0.000044 -0.145208 -0.058950 -0.062984 -0.462349 -0.032290 -0.019076 -0.076351 0.005648 -0.500473 0.016976 -0.510924 0.126261 0.149108 0.001241 -0.020987 0.053435 -0.203136 0.099875 -0.660381 -0.002630 0.006073 0.001282 0.001155 0.002465 0.541911 0.048799 0.069442 0.047153 -0.341482 0.046039 -0.549068 -0.002937 -0.066833 0.144255 0.499585 0.205431 -0.137069 -0.486353 -0.001995 -0.002906 -0.142438 -0.729978 0.000968 -0.485500 -0.164097 0.001191 0.853278 -0.011973 0.002972 0.029431 -0.003105 0.195677 -0.836113 -0.677648 0.001059 -0.141866 0.020449 0.474381 0.000764 -0.000398 0.010123 -0.061158 -0.000411 -0.008372 0.019799 -0.002884 -0.088221 0.358515 1.105158 -0.477565 0.348038 -0.573696 -0.112313 0.001328 0.000602 0.233761 -0.230088 -0.226377 0.001048 -0.068895 0.177865 0.330786 -0.004768 -0.368481 -0.083810 -0.083997 -0.226808 0.001484 -0.002048 0.726394 -0.007299 0.136044 -0.003784 0.230941 0.003826 0.001810 -0.026537 0.016597 0.231272 0.001057 0.283913 0.301947 -0.082490 0.001698 0.546503 -0.001928 0.004238 0.001188 0.451207 0.388992 0.375787 -0.193931 0.002909 -0.210153 0.001404 -0.000444 0.596828 0.000507 0.047954 0.000879 -0.149483 -0.027446 -0.005852 0.356646 -0.652775 -0.000922 0.000759 -0.313137 -0.001167 0.002688 0.201431 0.631513 -0.011629 -0.003975 -0.002294 -0.524271 -0.821403 0.268244 -0.339064 0.614977 0.015086 -0.012919 0.009651 0.521243 0.001641 -0.012827 -0.094695 -0.183302 -0.001375 0.007552 -0.248188 -0.021478 -0.322901 -0.477034 -0.647107 -0.046089 0.001535 0.079398 -0.076539 -0.004144 0.002082 0.016176
0.236337 -0.003294 0.281499 -0.038686 -0.007304 0.056048 -0.000387 -0.001405 -0.000431 0.002634 -0.001640 -0.089169 0.195303 0.002616 -0.000579 -0.189003 -0.002852 0.003091 -0.001625 -0.000637 -0.002392 0.256694 -0.080573 -0.105021 0.086992 0.025201 0.002273 0.000064 -0.002522 0.051471 0.078061 -0.097233 0.001176 -0.150565 0.094828 -0.043502 -0.015567 -0.025462 0.223407 0.019761 0.047120 0.090045 -0.000640 -0.000276 -0.058423 -0.277435 -0.003102 0.069751 -0.005844 -0.178871 -0.002659 0.000023 0.192645 -0.002562 -0.001201 0.003386 -0.174610 -0.002415 -0.548176 0.227088 -0.002164 -0.001008 -0.127579 0.304663 -0.107088 -0.003344 -0.040764 -0.191151 -0.000177 0.016035 -0.000013 -0.233238 -0.002959 0.057651 0.052482 0.081299 -0.154004 -0.108207 -0.001754 -0.002539 -0.055217 -0.000880 -0.001872 -0.016631 -0.361070 -0.003424 0.101277 0.116305 -0.000531 -0.029973 -0.310764 -0.335647 -0.000682 -0.002369 -0.013637 0.509188 0.176264 0.284373 0.049225 0.003558 0.097906 0.000048 -0.052297 -0.030587 0.159866 0.004772 0.040913 -0.000002 -0.203340 0.077323 -0.043068 -0.261496 -0.227916 -0.001213 -0.003383 0.008252 -0.002075 -0.001973 -0.105759 0.122454 0.148414 -0.317607 0.093652 0.019640 0.102819 -0.003058 -0.014003 -0.144730 -0.267782 -0.431924 -0.112285 0.125611 -0.000726 -0.003195 0.181044 -0.065688 -0.002123 0.268162 -0.034824 -0.002258 -0.367599 -0.009527 -0.001456 0.045559 0.000291 -0.190680 -0.254320 0.198957 -0.002403 0.245148 -0.021614 0.123512 -0.001355 -0.000154 0.022843 -0.061426 -0.002040 -0.001742 -0.001116 -0.002538 0.097571 -0.040381 -0.046091 0.091645 -0.135959 0.070402 0.095929 -0.002605 -0.000321 -0.425598 0.083895 0.019194 -0.001700 -0.013965 -0.322775 -0.101267 -0.001108 -0.129527 -0.502385 0.036064 -0.149460 0.001972 -0.003241 -0.100535 -0.014761 -0.253092 -0.003115 0.161743 -0.000846 -0.000088 0.079746 -0.001496 0.051513 -0.002792 -0.316728 0.081043 -0.204998 -0.002990 -0.186444 0.002996 -0.001379 0.001671 0.025520 0.080317 0.310290 -0.350336 -0.001821 -0.201613 0.001798 -0.001734 0.019540 -0.002728 0.360116 -0.003140 -0.018639 -0.048640 -0.000392 -0.118241 0.491360 -0.003317 -0.001526 -0.375495 -0.001548 -0.000735 0.322383 -0.189135 -0.002092 -0.003018 -0.002256 0.240214 -0.098686 0.266236 -0.070319 -0.026656 -0.000615 -0.000937 -0.000656 0.100322 -0.002121 -0.114417 -0.175718 0.208305 -0.001383 -0.042757 -0.123937 0.019970 0.033415 -0.008800 0.057125 0.101165 0.000119 -0.075366 0.425559 -0.097234 -0.001068 -0.001946
-0.001921 0.000839 -0.003599 0.000745 -0.003551 -0.001002 -0.006043 0.002632 -0.002487 0.002311 0.000628 -0.007850 -0.005050 0.000842 0.001128 -0.012396 0.001783 -0.002736 -0.003259 0.000268 -0.001377 -0.001035 -0.001472 -0.006801 -0.004464 -0.001158 0.000763 0.003624 -0.004419 -0.003396 0.004640 -0.004394 0.000105 -0.028500 -0.010660 -0.018562 -0.003469 -0.001278 -0.010485 -0.015290 -0.004687 -0.002831 0.000594 0.002272 0.000755 -0.003156 -0.002882 -0.000358 0.000836 -0.005068 -0.001188 0.003433 -0.001916 -0.002902 0.001119 -0.003544 -0.002619 -0.003226 -0.003480 -0.001244 -0.001767 -0.001717 0.002624 -0.002249 -0.030661 -0.001701 -0.019540 -0.026200 0.002055 0.002496 -0.000721 -0.034478 0.001250 0.000671 -0.010647 -0.004033 0.001649 -0.003021 0.002060 0.000411 -0.002793 -0.000396 -0.000091 0.004389 -0.016413 -0.002594 -0.004098 -0.046770 0.001056 -0.010274 -0.003541 -0.005506 0.004273 0.002133 -0.008561 -0.000100 -0.002327 -0.002078 -0.032260 -0.000964 -0.000270 -0.000122 -0.016874 -0.005285 -0.020314 -0.005276 -0.008600 0.000757 -0.014509 -0.017747 -0.004157 -0.011110 -0.002886 0.002234 0.006709 -0.004989 0.000699 0.001690 -0.005003 -0.007896 -0.006081 -0.003195 0.000936 -0.004727 -0.005964 -0.001861 -0.001172 -0.006404 -0.034901 -0.009217 -0.001237 -0.003814 0.002690 0.000074 0.000600 -0.003667 0.003142 -0.000410 -0.003694 0.001203 -0.002923 0.000549 -0.005484 0.000861 -0.002460 0.000904 -0.018268 0.003664 0.001277 -0.004037 0.002885 0.001867 -0.000623 0.001532 -0.003911 -0.004344 0.000389 0.001570 0.002009 0.000087 -0.018433 -0.003336 -0.000219 -0.003489 -0.016314 -0.017531 -0.004416 0.002863 -0.002804 0.000292 0.000494 0.000688 -0.002427 -0.013402 -0.010663 0.003285 -0.000983 0.001122 -0.052912 -0.003770 -0.004560 -0.001413 0.001057 0.001071 -0.004672 -0.038097 0.001540 -0.005522 -0.001791 0.002911 -0.004247 -0.003707 -0.001138 0.003794 -0.013884 -0.003336 -0.003320 0.000784 -0.004626 0.002151 -0.002332 0.000401 0.002396 -0.008869 0.000000 -0.037279 0.001763 -0.004073 0.003143 -0.000772 0.000354 -0.000962 0.008096 0.001562 0.002480 0.000476 -0.000652 0.002972 -0.000006 0.000003 -0.001475 -0.012109 -0.002435 0.000566 -0.000315 -0.011799 -0.002807 -0.004857 -0.002094 -0.001372 0.000318 0.002193 -0.002390 -0.001092 -0.001114 0.002011 -0.002102 -0.004124 0.002407 -0.005203 -0.009665 -0.005103 -0.001145 -0.003879 -0.005319 -0.009054 -0.001135 0.001868 0.000988 -0.001207 0.000039 -0.003998 -0.000498 -0.017659 0.002283 0.001468
-0.000948 -0.000382 0.001129 -0.000901 -0.008891 -0.003625 0.014358 0.001626 0.002016 -0.001762 0.000873 -0.004465 0.001913 -0.003413 -0.001828 -0.012294 -0.000962 -0.001684 -0.000088 0.000685 0.001023 0.001076 -0.000975 -0.002592 0.003397 0.002508 -0.002072 0.000321 -0.001523 -0.000666 0.000599 -0.004767 0.002483 -0.006234 -0.004600 -0.004390 -0.003390 -0.008109 0.000638 -0.002440 -0.003731 0.000621 0.001254 0.000744 0.000914 -0.005081 0.001188 -0.002788 0.000965 -0.001946 -0.003150 0.001777 -0.002308 -0.001274 0.002709 0.000167 0.003192 -0.002561 -0.003303 0.001740 0.000961 -0.002084 -0.004586 -0.003311 -0.001877 -0.001412 -0.009560 -0.007463 -0.001128 0.002498 0.002558 -0.002915 -0.001876 0.000120 0.000291 0.003151 0.000620 0.000142 0.001816 0.000091 -0.002379 -0.000337 -0.001472 -0.004918 -0.008915 0.003314 0.001736 -0.002998 -0.007823 0.001202 -0.005723 -0.002259 0.000880 0.000230 -0.014005 -0.001614 -0.005364 -0.001470 0.001257 -0.001727 -0.009117 0.000961 -0.005747 -0.001187 -0.003809 -0.011639 -0.002292 0.000673 -0.009134 -0.007114 -0.000890 0.000500 -0.008783 0.002060 -0.000896 -0.005730 -0.000541 -0.001103 -0.005401 0.003133 0.003873 -0.000917 0.000588 0.000225 -0.001398 0.000477 0.000984 -0.012611 -0.010445 -0.010572 -0.005372 -0.001055 0.002333 0.003001 0.001486 -0.007452 -0.001969 -0.004172 0.003090 0.002254 0.003769 -0.005566 -0.001303 -0.000976 -0.001176 0.001194 -0.004152 0.000192 0.001521 -0.000094 -0.002901 0.001454 -0.004102 -0.001027 -0.002333 -0.001799 0.000269 0.000408 -0.000654 0.001761 -0.006094 0.003134 -0.000243 -0.004607 -0.006405 -0.006762 -0.006104 0.001257 0.000150 -0.008330 -0.002207 -0.000633 -0.000377 -0.002161 -0.010793 0.002317 -0.002739 -0.005443 -0.011657 0.000300 -0.006127 -0.000032 0.002766 -0.003123 0.002981 -0.002825 0.001543 -0.004688 0.004535 -0.000874 -0.001612 -0.002032 -0.000691 0.001268 -0.004506 -0.001137 -0.000060 0.001048 -0.000571 -0.001473 0.006012 0.000419 -0.000478 -0.006872 -0.002307 -0.001100 0.001153 -0.000784 0.002561 0.000318 -0.004931 -0.000455 0.001083 0.000798 -0.002657 -0.001022 0.002989 0.003932 0.000235 -0.002392 -0.000942 -0.005264 -0.003059 -0.002874 0.000026 -0.001069 0.000131 0.000481 0.002404 -0.009783 -0.001229 -0.002081 -0.003275 -0.001825 0.001954 0.000107 0.001028 -0.012618 0.000556 -0.000122 -0.003142 -0.008006 0.001319 0.000453 -0.006994 -0.001620 -0.007787 -0.003867 -0.002031 0.002004 -0.007134 -0.002486 -0.002746 -0.006318 -0.000120 -0.000484
0.465977 -0.000901 -0.051817 0.740946 -0.107263 0.492093 -0.050624 -0.001046 -0.002297 -0.001012 -0.002908 0.445390 0.190414 0.101872 -0.001046 -0.429292 -0.000718 0.001079 -0.002263 -0.003176 -0.000877 0.301248 1.093832 0.239656 0.059666 0.019110 0.000021 -0.048534 0.014731 0.088948 0.149305 -0.313325 -0.001230 -0.134349 0.251947 0.108771 -0.243219 0.343316 0.056250 0.133898 0.309033 0.584411 0.000012 -0.002991 0.375136 0.099746 -0.002000 0.362984 0.139043 -0.395733 -0.007412 -0.001615 0.092503 0.000349 -0.001017 0.000919 -0.147519 -0.000866 0.135310 0.025132 -0.008079 -0.002756 0.175096 -0.175360 -0.215896 -0.002839 -0.349126 -0.500380 -0.002058 0.046989 -0.000421 -0.071836 -0.002324 0.035372 0.385378 0.372038 -0.270590 0.248126 -0.000437 -0.002603 0.029557 0.082366 -0.000762 -0.001090 -0.057889 -0.006683 0.229527 0.259355 -0.003184 0.399786 -0.388831 -0.016682 -0.001923 -0.000010 -0.073709 0.060693 0.043857 -0.126367 0.330944 -0.002178 0.367249 -0.002954 -0.242767 -0.013176 -0.135542 0.106241 0.073574 -0.001096 -0.250721 -0.080331 0.444832 0.178253 -0.163400 -0.001047 -0.008797 -0.004567 -0.001172 -0.000368 0.375664 0.010779 0.077025 0.246570 -0.159012 0.038549 0.018538 -0.001768 -0.055843 -0.254281 -0.054407 -0.303180 -0.434147 -0.093672 -0.000890 -0.002544 0.028120 -0.002410 0.000561 0.214648 0.015937 -0.000579 -0.122899 -0.015117 -0.002601 0.019545 0.008443 -0.086935 0.171394 0.376556 -0.003065 0.017687 -0.001384 0.105316 -0.000339 0.000962 -0.000381 -0.040163 -0.001958 -0.014588 0.003574 -0.000500 -0.132702 0.391558 -0.234124 0.401614 -0.042616 0.279734 -0.138827 -0.000053 -0.001231 -0.423683 -0.161382 0.022430 -0.001869 -0.026676 -0.001189 0.124065 0.015799 0.298188 -0.659595 0.012822 -0.133042 -0.002933 -0.002512 0.096745 -0.013457 -0.471324 -0.002595 0.381104 -0.000937 -0.000674 0.005060 -0.005015 0.159475 -0.002332 -0.236429 0.197577 0.030736 -0.000787 0.246641 -0.002716 -0.002852 -0.001045 0.657476 -0.127337 0.246605 0.043484 -0.002224 -0.003474 -0.001973 -0.000531 0.124176 0.002217 -0.087051 -0.002727 0.188304 0.541500 -0.001355 0.692926 -0.108156 0.014529 -0.002098 0.373226 0.000109 -0.001601 -0.134123 -0.116843 -0.000969 0.002228 -0.002582 -0.274704 0.089597 0.016670 0.231705 -0.158627 -0.002572 -0.006970 0.001407 0.275214 -0.000601 0.076597 0.243503 0.295774 -0.000701 0.005511 0.209348 0.121003 -0.080010 0.075051 0.217446 0.477087 0.009427 -0.191443 -0.039040 0.013831 -0.001954 -0.002038
-0.212910 -0.002373 -0.033957 0.260404 -0.190207 0.059361 -0.005757 0.002917 -0.002941 -0.001027 0.000733 -0.326718 0.195275 0.078918 0.000864 0.074527 -0.001835 -0.005003 -0.010679 -0.000626 -0.000177 0.010653 0.260947 -0.050341 0.040928 -0.015679 -0.000518 0.022125 -0.006840 -0.028097 0.118241 0.085341 -0.000722 0.239550 0.062185 0.109551 -0.132024 0.194468 0.386732 -0.050100 0.031005 -0.058159 0.002144 0.002281 0.037364 -0.118722 -0.004593 0.095610 0.108832 0.093500 -0.004256 -0.001723 0.081008 0.002128 0.000834 -0.001647 0.130168 0.002041 -0.068482 0.165902 -0.000011 -0.002586 0.305516 0.353896 -0.195300 -0.003136 -0.077018 0.227384 -0.002358 0.003750 -0.012564 -0.110361 0.002408 0.324220 0.299322 0.046175 0.304834 0.061490 0.002176 -0.002521 -0.142964 0.103322 -0.000809 -0.016309 0.147964 -0.000523 0.048539 0.256386 -0.001027 -0.079704 0.031454 0.013460 -0.002347 0.001468 0.072007 0.059711 0.144436 -0.075265 0.106608 -0.011033 -0.144053 0.002846 0.317981 -0.001359 0.045076 0.231784 0.010859 0.000855 0.105937 -0.105377 0.068968 -0.385454 -0.108978 -0.000264 -0.000339 -0.031207 -0.001204 -0.001948 -0.021345 -0.033723 -0.179374 -0.037457 -0.064868 0.024007 0.156726 -0.002986 0.134790 -0.280644 0.127984 -0.260100 0.089838 -0.066899 -0.002853 -0.002730 0.015831 0.426588 0.002088 0.350730 -0.195725 0.000082 0.134032 -0.013637 -0.000054 -0.006890 0.005428 0.129216 -0.318186 0.341648 0.002853 0.143974 0.049998 0.088913 -0.000956 0.000580 -0.012492 0.003251 -0.000918 -0.013314 -0.021392 -0.001226 -0.004354 0.292861 0.097229 -0.173026 -0.231491 0.086829 0.337808 0.002531 0.001903 0.144679 0.325103 -0.200845 -0.000431 0.591221 -0.011471 0.481746 0.010068 0.156735 -0.157769 0.037022 0.105784 -0.001620 0.003128 0.156385 -0.001870 -0.149568 -0.000071 0.080272 -0.001619 -0.002651 -0.085601 -0.012526 0.020577 -0.002839 0.070694 0.155670 0.183633 0.000963 -0.254459 0.001082 0.000209 -0.002630 0.575416 0.060853 -0.150344 0.067477 -0.001025 0.141666 -0.003310 -0.000550 0.165281 -0.002875 0.021033 0.000424 0.039024 -0.072432 -0.003946 -0.160166 -0.218131 0.000215 0.003025 0.227123 -0.002957 0.002967 -0.204897 -0.271651 0.001619 -0.000459 0.002071 -0.181739 0.105409 -0.012776 -0.255193 -0.106029 -0.003094 0.004278 -0.009930 -0.032785 0.001511 0.563445 0.058727 0.098197 -0.001018 -0.025593 -0.033733 0.035800 0.320246 0.048975 -0.227455 0.215316 -0.005304 0.178256 0.104161 -0.197446 0.000183 -0.000908
