-0.021840 -0.000136 0.029457 -0.191448 -0.018447 0.004068 -0.004516 -0.000082 -0.000227 -0.000038 -0.000071 -0.065187 -0.032431 0.019537 0.000123 -0.110150 0.000012 0.000819 -0.000184 0.000062 -0.000066 0.020003 0.017950 -0.029865 0.037169 0.009556 -0.000082 0.005808 0.000410 0.003158 0.025660 0.008417 0.000036 -0.030246 0.003299 -0.059915 0.051096 -0.163847 0.093885 0.104119 -0.063799 0.002721 -0.000024 -0.000026 0.036962 -0.007643 0.000667 -0.027896 -0.003614 -0.011780 -0.000200 -0.000036 0.028777 0.000016 -0.000069 -0.000931 0.082073 0.000086 -0.025427 0.019800 -0.000434 -0.000198 -0.004454 0.127631 0.007924 0.000014 -0.078264 -0.249109 -0.000054 0.000743 -0.000347 -0.236181 -0.000012 0.129271 0.045232 0.099796 -0.060268 -0.117603 0.000031 0.001605 0.016279 -0.001189 -0.001053 0.000697 -0.078130 -0.000381 0.035962 0.229385 0.000042 0.010689 -0.042955 -0.089264 0.000001 0.000057 0.018085 0.035882 0.002820 0.053236 -0.062740 0.000979 -0.015317 0.005378 -0.050349 0.000630 -0.010778 -0.006213 -0.001854 -0.000013 -0.011467 -0.116178 0.005941 -0.017450 -0.161595 -0.000115 -0.000188 -0.000870 -0.000172 -0.000129 -0.145940 -0.003670 0.005581 -0.008417 0.077551 -0.001190 0.003787 -0.000064 0.002083 -0.150808 -0.015799 -0.110393 -0.015143 0.087463 -0.000058 0.000081 -0.066620 -0.187559 -0.000124 0.042399 0.251851 0.000129 -0.067674 -0.002153 0.000023 -0.001498 0.000635 -0.024376 -0.169527 0.061706 -0.000118 0.102352 0.000334 -0.007365 0.002839 0.000065 0.000574 -0.003574 -0.000123 0.001007 0.000916 -0.000136 0.017149 -0.079438 -0.047194 0.090265 -0.157072 0.356272 -0.014109 -0.000070 -0.000028 -0.014322 0.004431 0.096253 0.002764 -0.091829 -0.105196 0.002747 -0.000109 0.038565 -0.342262 -0.001331 -0.005541 -0.000126 0.000108 -0.026363 0.000285 -0.024184 -0.000007 0.004625 0.000110 0.000097 0.014092 0.000803 -0.000019 -0.000011 -0.074166 -0.015001 -0.090667 -0.000111 0.022081 0.000096 0.002806 -0.000528 0.002917 -0.049178 0.018286 -0.232143 0.000177 0.042316 0.000001 -0.000162 -0.116582 -0.000067 -0.000079 0.000093 -0.013025 0.025250 -0.000208 0.107614 0.051794 0.000722 -0.000114 0.071040 -0.000063 -0.000100 -0.001668 0.032835 0.000050 0.000142 -0.000202 -0.009814 -0.022555 0.014346 0.012139 0.031071 -0.000062 -0.000977 -0.000619 -0.126869 0.000022 -0.065117 -0.072130 0.040467 -0.000073 0.000744 -0.251153 -0.003559 0.023512 0.003706 -0.098593 0.031553 0.001844 -0.055181 0.062668 0.031235 -0.000121 0.000665
-0.100394 -0.000272 0.193257 -0.239176 0.478144 0.233043 -0.003434 -0.000161 0.000141 -0.000011 0.000176 -0.034899 0.213773 0.012009 -0.000135 0.043823 -0.000028 0.000654 0.000309 0.000064 -0.000173 0.264073 -0.004094 0.206140 0.433959 -0.000870 -0.000079 -0.006282 0.000078 0.001684 -0.007099 0.656397 0.000045 0.130399 0.031548 -0.043611 -0.011370 0.146800 0.203237 -0.157471 0.117772 0.401082 0.000017 0.000156 -0.071647 -0.254411 0.000205 0.084776 0.008779 0.029961 -0.000496 -0.000004 0.055967 0.000230 0.000100 0.000747 0.355936 -0.000050 -0.076529 0.188081 0.000463 -0.000218 0.542137 0.663993 0.169490 0.000066 0.203651 0.110878 0.000009 -0.007884 0.000637 -0.104602 -0.000059 -0.012091 0.361628 0.562014 -0.006682 0.347317 0.000072 -0.000450 -0.041273 0.000086 0.000386 0.000056 0.240658 -0.000272 0.460021 0.281800 0.000820 0.172390 0.040582 0.141382 -0.000037 0.000048 -0.101732 0.016078 0.006922 0.191265 0.068266 -0.000595 0.715901 0.000054 0.138641 0.000294 0.333368 0.028364 -0.003757 0.000039 0.223137 0.556918 0.008253 0.020557 0.112682 0.000150 0.000564 0.000122 -0.000132 0.000034 -0.298532 -0.001509 -0.003275 -0.000977 0.106228 0.001618 0.406380 0.000084 0.005006 -0.233897 0.009363 -0.144413 -0.090276 0.178232 -0.000004 0.000087 0.066202 0.164917 -0.000253 0.102737 0.151822 0.000067 -0.392744 0.000044 0.000273 -0.002661 0.000390 -0.378453 0.400763 0.351571 0.000035 -0.084479 0.001358 -0.022101 -0.000611 -0.000045 -0.001080 -0.002116 0.000129 -0.000357 -0.003532 0.000177 0.204648 -0.052693 -0.015904 -0.193538 -0.040266 0.161202 0.148721 0.000110 -0.000144 0.003243 0.274419 0.416419 0.000106 0.266389 -0.068734 0.561822 0.000533 0.159312 -0.339665 -0.000613 -0.225244 0.000078 0.000118 0.280851 -0.000290 -0.006954 0.000378 -0.008294 0.000507 -0.000111 0.259674 -0.001091 0.004871 0.000051 0.061472 0.165194 -0.079638 0.000024 -0.359316 -0.000027 0.000110 -0.000487 0.034940 0.251458 0.149394 -0.213975 0.000170 0.098258 0.000217 -0.000232 -0.134997 -0.000064 0.355382 0.000220 0.159314 0.016228 -0.000161 -0.027571 0.031877 0.000364 -0.000073 0.411700 -0.000405 -0.000206 0.071733 -0.038538 -0.000137 -0.000229 0.000095 0.214699 0.233413 0.000977 0.465686 0.557221 0.001322 -0.000083 0.000929 -0.200882 0.000042 0.318272 0.377573 0.022301 0.000015 -0.003627 -0.001656 -0.002282 0.091292 0.078347 0.016378 -0.077636 -0.002927 -0.222784 0.094165 0.316253 -0.000010 0.000046
-0.000104 -0.000155 0.001625 0.000041 -0.000806 -0.001289 -0.000400 0.000021 0.000016 -0.000154 0.000177 -0.001480 -0.000390 -0.000498 0.000084 -0.000839 0.000001 0.000323 0.000104 -0.000021 0.000100 0.000679 0.000424 -0.000419 -0.001097 -0.000202 0.000278 0.000033 -0.000180 0.000018 0.000065 -0.002572 -0.000070 0.000029 -0.001507 -0.001098 -0.001030 -0.000613 -0.000913 -0.001592 -0.001331 0.001621 0.000007 -0.000238 -0.000045 -0.001740 -0.000126 -0.000088 -0.000554 0.000055 -0.000349 -0.000055 0.000738 0.000228 0.000207 -0.000032 -0.000716 0.000059 -0.000461 0.000099 0.000280 -0.000292 -0.001043 -0.000218 0.000397 0.000022 -0.001781 -0.000539 0.000063 0.000228 -0.000193 -0.000521 0.000000 0.000218 -0.001697 -0.000431 -0.000142 0.000031 -0.000089 -0.000107 -0.000927 -0.000107 -0.000072 -0.000122 -0.001687 -0.000317 -0.000606 -0.001835 -0.000155 0.000187 -0.001668 -0.003659 0.000127 0.000064 -0.000933 -0.001249 0.000805 0.002322 -0.000458 -0.001017 -0.001398 0.000137 -0.001373 0.001014 -0.000328 -0.002206 -0.000112 0.000083 -0.000616 -0.000707 -0.001768 -0.002124 -0.000951 -0.000267 0.000050 -0.000854 0.000092 0.000162 -0.001208 -0.001744 -0.000140 -0.000270 -0.000266 -0.000392 0.001600 -0.000126 -0.000015 -0.001366 -0.001154 -0.002734 -0.001588 -0.000606 -0.000025 -0.000235 0.000791 -0.000415 0.000128 -0.001435 -0.000595 0.000146 -0.001212 -0.000916 0.000059 -0.000448 -0.000028 0.000066 -0.001480 -0.000153 0.000226 0.000320 -0.001180 -0.000222 -0.000048 0.000195 -0.000187 -0.001597 -0.000115 0.001072 -0.000091 -0.000243 0.000201 -0.001077 0.000170 -0.000740 -0.000632 -0.000135 -0.000933 0.000210 -0.000073 0.000186 -0.000013 0.000090 0.000837 -0.000054 -0.001467 -0.000424 0.000010 -0.001644 -0.002613 -0.000261 -0.000696 -0.000209 0.000180 0.000885 -0.000282 -0.001350 -0.000294 -0.001307 0.000192 -0.000119 0.000108 0.000020 0.000620 -0.000278 -0.000429 0.000185 0.000300 0.000177 -0.000258 -0.000123 -0.000190 -0.000050 -0.000137 -0.001042 -0.000126 -0.002391 -0.000038 -0.000154 0.000002 -0.000115 0.000219 -0.000094 0.001262 0.000260 -0.000049 -0.000138 -0.000075 0.000123 0.000734 0.000025 -0.000042 -0.000686 -0.000088 -0.000158 -0.000210 -0.001872 0.000288 -0.000418 -0.000067 -0.000794 -0.001110 -0.000278 0.000510 -0.000631 0.000065 -0.000196 -0.000265 -0.000187 0.000078 -0.000269 -0.000277 -0.000396 -0.000130 0.000280 -0.000213 -0.000689 -0.000275 -0.000156 -0.000692 -0.000046 0.000197 -0.000830 0.000464 -0.001254 0.000172 -0.000133
-0.235691 0.000496 0.033388 0.164771 0.168138 -0.178377 0.000134 0.000094 0.000120 0.000000 -0.000127 -0.217868 0.001938 0.004091 0.000032 -0.063701 0.000110 0.000199 0.000282 0.000081 0.000057 0.233149 -0.005225 0.020310 -0.133345 0.004115 -0.000023 0.000605 -0.000028 -0.002012 0.124340 -0.121958 -0.000237 0.250292 0.002494 -0.338111 0.419423 0.403331 0.326612 0.070197 -0.038640 0.133562 0.000027 0.000055 0.283793 -0.141990 -0.000099 -0.435080 0.000363 -0.028703 0.000400 0.000047 0.077319 -0.000129 0.000005 -0.000273 -0.016889 -0.000019 0.362072 0.029143 0.000300 -0.000128 -0.072486 -0.126027 0.055945 -0.000002 -0.000779 -0.129756 -0.000073 0.000537 0.000029 -0.205409 0.000052 -0.077407 -0.124046 0.130659 -0.206848 -0.082225 0.000373 0.000451 0.248783 0.003909 0.000026 0.002116 -0.053147 0.000234 0.072713 0.099775 -0.000079 -0.180008 -0.403397 -0.097049 -0.000149 0.000034 -0.074673 0.004082 -0.004602 0.077997 0.122017 0.001811 -0.071931 -0.000202 -0.284464 -0.000610 -0.073524 0.008271 0.000429 -0.000157 0.092386 -0.418654 0.001331 0.092255 -0.085554 0.000226 -0.000090 -0.000637 -0.000247 -0.000219 0.040780 0.001300 -0.000202 -0.011607 -0.106779 -0.000133 0.212647 -0.000067 0.004952 -0.230344 0.059705 -0.461610 -0.225504 -0.020312 0.000060 0.000106 -0.420251 -0.014848 -0.000156 -0.055522 0.253728 0.000151 -0.236358 0.004227 -0.000491 -0.000392 -0.000559 -0.325996 -0.052766 0.097870 0.000057 0.020395 0.004048 0.000249 -0.000243 0.000045 0.000572 -0.000973 -0.000160 -0.001011 -0.000075 -0.000083 -0.359393 0.079694 0.156457 -0.146060 -0.191837 0.164751 0.064608 0.000128 -0.000022 -0.119105 0.023469 0.061700 0.000437 -0.115752 -0.110535 -0.051578 0.001008 -0.051075 -0.416306 0.000360 -0.125456 0.000249 0.000026 0.135717 0.000786 0.228902 -0.000116 0.001341 -0.000092 -0.000074 0.066684 -0.000196 -0.003992 0.000019 -0.231977 0.086713 0.128061 0.000238 0.210667 0.000295 -0.000221 -0.000259 -0.002537 -0.010111 0.198451 -0.017500 0.000207 0.099978 -0.000014 0.000066 0.037932 0.000060 -0.096390 -0.000057 0.136183 0.120044 -0.000090 0.205029 -0.006429 0.001745 -0.000080 -0.244526 0.000153 -0.000382 -0.056312 -0.152913 -0.000095 -0.000265 -0.000012 0.016805 0.456621 0.000928 -0.003917 -0.120866 -0.000112 -0.000145 0.000063 -0.262140 0.000149 0.103980 0.048077 0.168407 -0.000124 0.002558 0.303589 0.001129 0.050801 0.477743 0.217879 0.010272 0.000069 -0.229120 -0.016463 0.317900 0.000142 -0.000214
-0.000491 0.000166 0.000733 -0.000960 -0.002948 -0.000103 -0.000642 0.000050 0.000080 0.000053 0.000155 -0.000906 -0.000648 -0.001759 0.000204 -0.000864 0.000125 -0.000216 -0.000050 0.000124 0.000163 -0.000693 -0.000440 0.000546 -0.000227 0.000309 -0.000000 -0.000646 -0.000233 -0.000155 -0.000766 -0.000556 -0.000069 -0.000065 -0.001637 -0.000130 0.000025 -0.001660 -0.000389 0.000455 -0.003481 0.000269 0.000263 0.000179 0.000607 -0.001101 -0.000409 -0.000888 0.001201 0.000419 -0.000708 0.000128 -0.000361 0.000003 0.000193 0.000280 0.000083 0.000080 -0.003740 -0.000367 -0.000023 -0.000596 -0.000942 -0.000747 -0.000361 -0.000222 -0.000517 -0.000441 -0.000135 0.002680 -0.000463 -0.001969 0.000044 -0.000001 0.000391 -0.004756 -0.000301 -0.000833 0.000017 0.000523 -0.000263 -0.000072 0.000027 0.000589 0.000739 -0.000170 -0.001036 -0.001587 0.000182 -0.001656 0.000219 -0.000358 -0.000011 0.000029 -0.000757 -0.000920 0.000381 -0.000101 0.000197 -0.000848 -0.004704 0.000060 0.000830 0.000317 -0.001307 0.000774 -0.000192 0.000210 -0.000943 -0.000570 -0.000837 -0.001018 0.000018 -0.000091 -0.000559 -0.000090 -0.000014 0.000155 -0.000833 -0.002024 -0.000209 -0.001111 -0.001317 -0.000956 -0.000817 -0.000099 -0.000175 -0.002065 -0.001900 -0.002427 0.000179 0.000319 0.000255 0.000116 0.000432 -0.000189 -0.000023 -0.001531 0.000352 0.000223 -0.001010 -0.000568 0.000213 -0.000530 -0.000390 -0.001540 -0.001161 -0.000926 0.000200 0.000476 -0.000564 0.001151 0.000294 -0.000073 0.000776 -0.000920 -0.000178 0.000390 0.000179 -0.000114 -0.001814 -0.001783 -0.000365 0.000083 -0.001648 -0.000730 -0.000175 0.000032 -0.000185 -0.003045 0.000032 -0.000553 -0.000366 -0.000741 -0.002151 0.000094 -0.000384 -0.000321 -0.002455 -0.000353 -0.000086 -0.000206 0.000201 -0.001023 -0.000085 -0.002349 0.000083 -0.001879 -0.000091 -0.000030 -0.001212 -0.000227 0.000245 0.000047 -0.002756 -0.000406 -0.003951 -0.000236 -0.000208 -0.000139 0.000236 -0.000307 -0.000154 -0.000418 0.000146 -0.001535 0.000063 -0.000615 0.000167 -0.000044 -0.001428 -0.000135 0.000804 0.000190 -0.000686 0.000071 0.000662 -0.000080 0.000044 0.001090 -0.000057 0.000601 0.000226 0.000237 -0.000267 -0.001230 -0.000440 -0.000418 -0.000231 -0.000841 -0.000315 0.000003 0.000285 0.000016 0.000288 0.000190 -0.000017 -0.000476 0.000216 -0.000748 0.000372 0.000394 0.000103 -0.000313 -0.002675 -0.000181 0.000356 -0.000070 0.000390 0.000844 0.000269 -0.000090 0.000427 -0.000784 -0.000003 -0.000137
0.035382 -0.000182 0.001515 -0.083458 -0.009546 -0.015715 0.001153 -0.000179 0.000102 -0.000045 -0.000162 -0.033648 -0.031327 -0.011101 0.000135 -0.025994 0.000064 0.000211 -0.000069 -0.000009 -0.000045 -0.003148 0.009974 -0.057145 -0.000079 0.000866 -0.000047 -0.003981 -0.000002 -0.003278 0.006285 -0.018385 -0.000128 0.001576 0.004603 -0.040295 -0.027611 -0.081091 0.001746 -0.008791 0.014328 0.047494 -0.000008 -0.000081 0.003712 -0.063452 -0.000027 0.054161 0.004714 0.024092 -0.001107 -0.000083 -0.047253 -0.000131 0.000000 0.000196 -0.034751 -0.000128 -0.003102 -0.040617 -0.000175 0.000089 -0.000625 0.010272 -0.009627 0.000261 -0.075096 0.032793 0.000013 -0.004005 0.000069 -0.011949 -0.000157 -0.002297 0.032344 0.020839 0.026886 -0.050983 -0.000063 -0.000174 0.005385 -0.003983 -0.000236 -0.000190 0.001589 -0.000129 -0.092841 -0.017205 0.000215 0.014867 -0.028887 -0.046457 0.000101 -0.000198 -0.025689 0.017867 0.005661 0.014376 0.059250 -0.000507 0.007423 -0.000112 -0.017576 0.000636 0.006437 0.033691 -0.000820 -0.000098 -0.023711 0.036851 0.036474 -0.008403 -0.016764 0.000127 -0.000551 -0.000051 -0.000308 0.000145 -0.000576 -0.002260 -0.000322 -0.033327 0.004286 -0.000599 -0.003833 -0.000196 -0.000087 -0.008293 0.052383 -0.015837 -0.056783 -0.026053 -0.000262 -0.000125 0.026041 -0.054991 -0.000155 0.015994 0.005393 -0.000114 0.019019 0.003574 -0.000428 0.000520 -0.000091 0.016440 -0.030185 0.015511 -0.000111 0.000768 -0.000604 -0.008750 0.000083 -0.000111 0.000246 0.001905 0.000054 -0.000785 0.000006 0.000066 0.012936 -0.025576 0.015115 0.030443 -0.125879 -0.124814 0.028328 -0.000100 0.000116 0.044640 0.018351 -0.014189 0.000232 -0.002082 -0.010073 -0.012855 0.001173 -0.008656 -0.105404 -0.001350 -0.007002 -0.000038 -0.000086 -0.002836 -0.000290 -0.064569 -0.000180 0.056854 0.000054 -0.000109 0.001743 -0.000740 0.005927 -0.000161 0.001968 0.003828 -0.009452 -0.000151 -0.026832 -0.000154 -0.000210 -0.000083 0.007157 -0.058447 0.039979 -0.062762 0.000004 -0.001461 -0.000208 0.000083 0.037216 0.000191 0.045259 -0.000127 -0.081472 0.028354 0.000023 -0.094548 0.044025 -0.000212 -0.000115 0.018731 -0.000050 -0.000081 0.071374 0.010464 -0.000183 -0.000418 0.000168 -0.027983 0.002078 0.000101 -0.002361 -0.002577 0.000052 0.000314 0.000421 -0.041220 -0.000242 -0.025663 -0.040094 0.014119 0.000096 -0.007990 -0.041777 -0.000780 -0.011578 -0.006973 -0.004818 0.023387 0.000025 0.010644 -0.008940 -0.032363 -0.000136 -0.000194
0.029702 0.000427 0.567907 -0.062674 -0.040151 0.134307 0.004578 0.000020 0.000067 -0.000126 -0.000255 -0.152095 -0.025583 0.032474 -0.000053 0.022339 -0.000386 -0.000780 -0.000847 -0.000230 -0.000073 -0.085539 0.050468 0.118938 0.238427 -0.000748 0.000042 0.006448 -0.000236 -0.000209 0.184224 0.133464 -0.000085 0.295822 0.004295 0.031651 -0.266964 -0.144913 -0.000830 -0.117329 0.182307 0.069747 0.000003 -0.000253 0.123385 -0.475285 0.000150 0.649277 0.001129 -0.046181 -0.001112 -0.000132 -0.054000 -0.000087 -0.000029 0.000135 0.051098 -0.000477 0.067032 0.319268 -0.000145 -0.000231 -0.013465 0.087665 -0.223673 -0.000054 -0.017101 0.088918 -0.000148 -0.000162 0.000240 -0.204385 0.000076 0.018628 0.253380 0.232616 -0.060157 0.303432 0.000171 0.000084 -0.071739 0.002669 -0.000029 -0.000109 -0.200417 -0.000489 -0.018405 0.140639 -0.000059 0.099550 0.380467 0.089641 -0.000031 0.000176 -0.142177 0.057870 0.000849 -0.032611 -0.112912 -0.000414 0.078954 -0.000263 -0.062926 0.000262 0.055465 -0.000769 0.018811 -0.000085 -0.166663 0.295022 -0.016822 0.258598 -0.143785 -0.000086 -0.000014 -0.000164 -0.000160 -0.000238 -0.087019 -0.000502 0.016521 -0.020765 0.287667 0.004534 0.152573 -0.000079 -0.000312 -0.065664 -0.038055 -0.231916 -0.208172 -0.019144 -0.000255 -0.000201 0.409155 -0.220003 0.000016 0.643070 0.122559 0.000082 -0.470566 0.000158 -0.000074 0.002781 -0.000145 -0.200314 -0.131749 0.460969 -0.000200 0.077876 -0.000059 -0.010673 -0.000137 0.000030 -0.000002 0.001722 0.000003 0.000922 -0.000176 -0.000057 -0.012879 0.122680 0.039820 0.072060 0.034702 -0.171826 0.157248 -0.000094 -0.000067 0.049600 0.420109 0.316500 -0.000274 -0.034476 -0.104908 0.376542 -0.000085 -0.131157 -0.410952 -0.000692 0.060431 0.000114 0.000221 -0.151262 -0.000503 0.049352 -0.000016 0.008494 0.000091 -0.000193 0.107110 -0.000300 0.000252 -0.000205 -0.151934 0.217160 0.138826 0.000044 -0.435232 0.000067 -0.000530 -0.000454 0.006076 -0.444170 0.285978 -0.073698 -0.000223 0.233518 0.000111 -0.000119 -0.025427 -0.000101 0.252975 0.000054 0.250555 0.010545 -0.000252 -0.250395 0.266829 -0.000046 -0.000205 0.291421 0.000000 0.000040 0.056737 -0.244266 -0.000013 -0.001461 0.000008 -0.412511 0.125834 0.011926 -0.060745 0.115624 -0.000111 -0.001003 0.000594 -0.235445 0.000074 0.498849 0.108951 0.283727 -0.000201 0.004928 0.009873 -0.000296 -0.088533 0.036283 -0.153696 0.017314 0.000474 -0.137561 0.022412 -0.043088 -0.000111 -0.000016
-0.000959 -0.000144 -0.000071 -0.000095 -0.003975 -0.000521 -0.000507 -0.000138 -0.000650 0.000071 -0.000061 -0.000673 -0.001137 -0.000234 0.000016 -0.000262 -0.000164 -0.000584 -0.000093 0.000193 -0.000232 -0.001686 -0.000957 -0.000979 -0.000737 -0.001003 -0.000082 -0.000223 -0.000390 -0.000218 -0.000387 -0.000760 0.000215 -0.000737 -0.000120 0.000092 -0.000736 0.000274 -0.000565 -0.001543 -0.000620 -0.000771 -0.000002 -0.000062 0.000058 -0.003625 -0.000155 0.000485 -0.000078 -0.000778 -0.000313 -0.000095 -0.000489 -0.000230 -0.000030 -0.000074 -0.000171 0.000248 -0.002080 -0.000015 -0.000431 0.000165 -0.001054 -0.000124 0.000414 -0.000239 -0.001790 -0.000641 -0.000071 0.000453 -0.000694 -0.000316 -0.000006 -0.000195 0.000368 -0.000273 0.000304 -0.000245 -0.000137 -0.000157 -0.003030 -0.000013 -0.000096 -0.000620 -0.000294 0.000283 -0.001279 -0.001165 -0.000161 -0.000160 -0.001132 -0.001762 -0.000105 -0.000069 -0.000940 -0.000341 -0.000484 -0.000303 -0.001413 -0.000424 -0.001249 -0.000226 -0.000387 0.000117 -0.000063 -0.000823 -0.000204 -0.000021 -0.001012 -0.000353 -0.000875 -0.000405 -0.000698 0.000061 -0.000223 -0.000280 -0.000044 -0.000255 -0.000399 -0.001022 -0.000575 -0.000603 -0.000101 -0.001466 -0.000271 -0.000156 -0.000526 -0.000623 -0.000660 -0.001004 -0.000436 -0.002481 -0.000091 -0.000155 -0.000152 -0.001230 -0.000089 -0.000631 -0.000849 -0.000057 -0.000876 -0.000745 -0.000089 -0.000630 -0.000210 -0.000807 -0.001807 -0.000026 -0.000262 -0.000139 -0.000233 -0.000576 -0.000662 -0.000044 -0.000696 -0.000508 -0.000099 -0.000658 -0.000395 0.000029 -0.000460 -0.000372 -0.000118 -0.000871 -0.000959 -0.000344 -0.000537 0.000003 -0.000103 0.000192 -0.000207 0.000083 0.000279 -0.000459 -0.000476 -0.001053 -0.000143 0.000462 -0.002064 -0.000562 -0.000506 -0.000104 -0.000049 -0.001833 -0.000239 -0.001180 -0.000072 -0.001081 -0.000010 -0.000017 -0.000969 0.000004 -0.000123 -0.000167 -0.001787 0.000168 -0.000432 -0.000054 -0.000426 -0.000138 -0.000127 -0.000495 -0.000218 -0.003220 -0.000044 -0.000312 -0.000014 -0.000426 -0.000030 -0.000241 -0.000567 -0.000221 -0.000489 -0.000052 -0.000980 -0.000113 -0.000198 -0.000025 0.000425 -0.000203 -0.000133 -0.001369 -0.000217 -0.000037 -0.000099 -0.000438 -0.000136 -0.000841 -0.000001 -0.000395 -0.000344 -0.000233 0.000085 -0.000140 -0.000041 -0.000623 -0.000190 -0.001225 -0.000061 -0.000915 0.000067 -0.000933 -0.000101 -0.000478 -0.000459 -0.000569 -0.001058 -0.000655 -0.000276 -0.000095 0.000391 -0.000198 -0.000920 -0.000449 -0.000031 0.000233
-0.151574 -0.000251 0.179533 0.095727 -0.102985 0.346511 0.000305 0.000019 0.000177 0.000086 -0.000140 0.145038 0.229251 0.000479 -0.000027 -0.165293 -0.000217 0.000520 -0.000223 -0.000147 -0.000151 0.109415 0.010031 0.709257 0.021749 -0.001830 0.000031 -0.001399 -0.000182 -0.002683 0.139504 0.461583 -0.000204 0.171475 -0.008535 0.219760 0.448678 -0.115240 0.480743 0.255152 -0.415270 0.209856 0.000004 -0.000227 -0.000452 0.029913 -0.000067 0.056590 0.015553 0.202178 -0.000110 -0.000054 0.132365 -0.000026 -0.000032 -0.001252 0.207093 0.000457 0.008426 0.175548 -0.001501 -0.000032 -0.078848 0.004878 0.550051 -0.000086 -0.010905 0.467681 -0.000244 0.000018 -0.000727 0.116273 0.000227 0.015642 0.568815 -0.039296 -0.044969 -0.132676 -0.000263 -0.000263 0.089990 0.002875 0.000005 -0.000911 -0.120027 -0.000230 0.086558 -0.114584 -0.000060 -0.388791 -0.023707 -0.042562 -0.000231 -0.000036 0.122152 -0.007063 0.002678 0.224117 0.004229 -0.001173 0.269137 -0.000248 0.090761 -0.000764 0.056169 0.006028 -0.002125 0.000242 0.391668 -0.024751 0.028761 0.304909 -0.017198 0.000093 -0.000267 -0.001228 -0.000139 0.000118 0.196978 -0.000603 -0.000372 -0.091194 0.288743 0.002726 0.536173 -0.000017 0.002820 0.237990 -0.004827 -0.497877 0.026896 -0.019313 -0.000011 -0.000190 -0.038640 -0.322675 0.000068 0.148160 0.603096 -0.000003 0.118577 -0.002909 -0.000203 0.002775 -0.000202 -0.165913 0.261502 0.106122 -0.000011 0.193503 0.001068 0.013749 -0.000712 -0.000202 -0.000198 0.003689 -0.000267 -0.000865 -0.000075 -0.000050 0.027300 0.063216 0.046682 0.160406 -0.132273 0.075042 0.081460 -0.000127 -0.000205 -0.117157 0.072703 0.017285 0.001444 0.147200 0.088013 0.145619 -0.000232 0.420076 -0.510593 -0.001725 0.117703 0.000108 -0.000240 0.395427 -0.000151 0.363941 -0.000183 0.009939 -0.000015 -0.000049 -0.144353 0.000080 0.000597 -0.000226 -0.184053 0.193248 -0.030850 -0.000112 -0.245604 -0.000231 0.000936 -0.000319 0.001863 -0.269177 0.021512 -0.215771 -0.000106 0.049482 -0.000052 -0.000215 0.424119 -0.000227 0.053542 -0.000086 0.055044 0.025311 -0.000150 0.443474 0.262740 -0.000264 -0.000193 -0.195040 -0.000119 -0.000108 -0.181004 -0.124811 -0.000119 0.000368 -0.000186 0.043836 0.583625 -0.000288 0.043277 -0.151852 -0.000068 -0.000046 -0.000186 -0.030162 -0.000119 0.167294 -0.213784 0.395224 -0.000021 0.004927 0.050731 -0.000362 -0.203279 0.100694 0.348116 0.046398 -0.000054 0.081230 -0.009442 0.439193 -0.000235 0.000031
-0.128313 0.000144 -0.014096 -0.231691 -0.025934 -0.237828 0.000274 -0.000051 -0.000211 0.000106 0.000092 -0.323859 -0.349183 0.027792 -0.000186 0.288415 0.000209 -0.000108 -0.000171 0.000187 -0.000043 0.033364 0.053725 0.044715 -0.181340 0.009995 0.000131 -0.002547 -0.000055 -0.002010 0.218844 0.305637 -0.000287 0.387415 0.007737 0.166036 -0.168663 0.039960 0.203374 -0.182841 -0.067252 -0.026981 -0.000157 -0.000206 0.076500 -0.069724 0.000058 0.039999 0.017751 -0.155551 0.001093 -0.000211 0.392701 -0.000216 -0.000218 -0.000641 -0.067945 -0.000333 0.134171 0.036417 0.000443 -0.000222 0.158157 -0.201218 -0.172592 0.000008 0.081426 0.315101 -0.000174 -0.001878 -0.000767 -0.155756 -0.000146 0.076387 0.095249 -0.164028 -0.088389 -0.269247 0.000091 0.000107 0.328247 0.006910 -0.000105 -0.000152 -0.184606 0.000119 0.314844 0.157780 -0.000904 -0.112426 0.307424 0.015775 0.000175 0.000079 -0.240893 0.036899 0.000710 0.069749 -0.061926 -0.000782 0.285380 0.000139 0.155447 0.000544 -0.108354 -0.008536 0.004869 -0.000101 -0.416612 -0.034228 0.082185 0.024502 -0.249046 0.000189 0.000105 -0.000484 -0.000109 -0.000082 0.049876 0.001118 0.016748 -0.218256 -0.060123 0.001295 0.567211 0.000158 0.000033 -0.179522 0.031615 0.143906 -0.122429 0.008187 -0.000031 0.000073 -0.329125 -0.143397 0.000249 -0.021946 -0.029606 -0.000300 0.069242 0.010288 0.000026 0.000440 -0.000428 -0.128573 0.157943 -0.017197 -0.000046 0.453452 -0.000160 0.040361 -0.000055 0.000104 0.000990 0.003217 0.000079 0.000822 0.001123 0.000014 -0.296895 0.043082 -0.148195 -0.110172 -0.237408 -0.053402 0.268862 -0.000115 -0.000009 -0.054733 -0.297374 -0.073175 -0.001374 -0.029561 -0.511545 -0.077435 -0.000259 -0.047428 -0.319969 -0.002645 -0.260463 -0.000084 -0.000036 0.298277 -0.001439 -0.121024 -0.000021 0.056463 -0.000390 0.000020 -0.071650 -0.001264 0.002945 -0.000065 -0.182831 -0.015351 -0.431170 0.000126 -0.094669 0.000251 0.000638 -0.000594 -0.017101 0.110770 -0.018005 -0.280576 -0.000001 -0.129107 -0.000128 0.000029 0.135413 0.000177 -0.183028 -0.000048 -0.029162 0.027594 0.000021 -0.135814 0.025593 -0.001049 0.000258 0.132700 0.000233 0.000168 0.193632 0.028872 -0.000399 -0.000360 -0.000011 -0.085771 0.158328 -0.000835 -0.165577 -0.305492 -0.001245 0.000252 -0.000476 -0.268686 -0.000075 -0.150021 0.256224 0.254304 -0.000025 0.000985 -0.189100 -0.002658 0.032543 -0.008075 0.125885 -0.043168 -0.000798 -0.053954 -0.007044 -0.150581 0.000277 -0.000305
0.012189 -0.000040 0.072752 -0.032568 -0.175589 -0.042336 0.002270 -0.000149 -0.000330 -0.000120 -0.000241 -0.050740 -0.075262 0.004060 0.000171 -0.072468 0.000007 -0.000042 0.000066 0.000117 0.000226 0.057801 0.004972 0.012341 -0.149669 0.001571 -0.000078 0.003617 -0.000109 -0.000973 -0.119386 0.018677 0.000105 -0.103083 0.015570 -0.112870 0.050533 0.043353 -0.039364 -0.050354 -0.057331 -0.005496 0.000150 -0.000872 0.011178 -0.043066 0.000179 0.000551 -0.002445 -0.041281 0.000305 0.000048 -0.122747 -0.000073 0.000139 0.002002 0.006662 -0.000492 -0.137227 0.034220 0.000070 0.000542 -0.049780 -0.089234 -0.116055 0.000131 -0.047705 -0.006465 0.000061 0.004898 -0.000607 -0.035735 -0.000049 0.004904 -0.097646 -0.001549 -0.227135 -0.074445 0.000122 0.000069 -0.076421 0.013813 0.001058 0.001362 -0.066306 -0.000019 0.007247 -0.066548 -0.000235 -0.044122 -0.000710 -0.143388 0.000269 0.000236 -0.142346 -0.001321 0.001713 0.097959 0.027925 -0.001642 0.067809 -0.000080 0.013706 0.000536 0.064904 0.028312 0.004768 -0.000226 -0.240548 0.000467 -0.004190 -0.037899 0.020108 0.000022 -0.000085 0.001016 0.000188 -0.000143 -0.122407 0.003400 0.013700 0.048434 0.113498 0.008875 -0.039711 -0.000013 -0.001127 -0.188309 0.000511 0.019280 -0.082150 -0.070441 0.000252 0.000025 -0.110375 0.025354 -0.000120 -0.006168 0.000425 -0.000028 -0.039603 -0.001644 -0.000465 0.007818 -0.000108 0.016949 -0.014813 -0.108974 -0.000090 -0.056313 -0.000075 0.001119 0.000082 0.000049 0.001272 -0.002905 0.000177 0.000989 0.003731 0.000083 -0.005617 -0.107272 -0.019659 -0.068817 -0.023873 -0.018953 -0.002380 -0.000135 0.000101 -0.007042 -0.025779 0.024951 0.000431 -0.050504 -0.061050 0.006208 -0.000754 -0.003660 -0.219150 -0.009104 0.011674 -0.000064 -0.000123 0.002435 -0.000170 0.060249 0.000027 0.011441 0.000130 0.000160 0.035513 -0.001052 0.001535 -0.000059 -0.121260 0.093206 -0.021570 -0.000177 0.061229 0.000302 0.000030 0.000412 0.001580 -0.082058 0.000783 -0.089823 -0.000216 -0.021104 -0.000173 0.000075 -0.049910 0.000160 0.066995 -0.000244 -0.004494 -0.000330 -0.000321 -0.140870 0.119285 -0.001539 -0.000151 -0.072707 -0.000097 -0.000054 0.071014 -0.013467 -0.000163 0.001147 -0.000357 -0.150710 -0.088729 0.001505 -0.008142 0.149965 0.000418 0.000694 -0.000341 -0.034790 0.000138 -0.136430 -0.040437 -0.079112 0.000091 -0.004556 0.021418 -0.001649 0.069218 0.073688 0.012063 0.002420 0.000189 -0.090588 -0.063358 -0.093603 0.000054 0.000523
-0.000527 0.000179 -0.002279 0.000688 -0.000972 -0.001553 0.000107 0.000044 -0.000205 0.000492 0.000204 -0.000949 -0.000736 0.000714 -0.000020 0.000753 0.000113 -0.000331 -0.000066 0.000059 0.000067 -0.002761 -0.000263 -0.000374 -0.001181 -0.000574 0.000193 0.000319 -0.000041 0.000160 -0.000797 0.000380 -0.000396 -0.003489 -0.003338 -0.005368 -0.000169 0.000898 -0.004222 0.001922 -0.002979 -0.000550 0.000101 -0.000002 -0.001511 0.001105 0.000012 -0.000121 0.000510 0.000954 0.000662 0.000151 0.001495 -0.000092 0.000065 -0.000213 -0.000233 -0.000289 -0.001610 0.000149 0.000123 -0.000005 -0.002936 -0.000908 -0.000696 0.000136 -0.002202 0.001865 -0.000172 -0.001414 -0.000027 0.001435 -0.000112 0.002874 -0.000769 0.000033 -0.002007 0.000769 -0.000137 0.000237 -0.002348 0.000215 0.000206 -0.001261 -0.002378 0.000131 -0.000392 -0.001922 0.000840 -0.001529 -0.002633 -0.003283 -0.000060 -0.000014 -0.002441 0.000071 -0.000168 -0.001868 -0.005779 -0.000813 -0.001983 -0.000079 0.000158 -0.000107 -0.003063 -0.002833 0.000472 -0.000095 -0.003352 -0.000643 0.001523 -0.001806 -0.003597 0.000229 -0.000218 -0.000396 -0.000038 0.000053 -0.002361 -0.000477 -0.000283 -0.003365 0.000654 -0.000104 0.001943 0.000124 0.000686 -0.002694 -0.002287 -0.005897 -0.001555 -0.000840 0.000202 0.000071 0.001122 -0.001913 -0.000069 -0.001353 -0.000769 -0.000056 -0.003591 -0.002565 0.000564 0.000016 0.000045 -0.000584 0.000485 0.001964 0.000246 -0.000286 0.003413 0.000360 -0.000273 0.000114 0.000043 -0.001740 0.000019 0.002457 -0.000272 -0.000051 -0.003604 -0.000067 -0.001607 -0.003251 -0.003507 -0.003311 -0.000929 0.000147 0.000219 -0.002424 -0.000007 -0.000301 -0.001386 -0.000413 -0.003412 -0.001841 0.000535 -0.000494 -0.005410 -0.000123 -0.004814 -0.000146 0.000182 0.000548 0.001540 -0.001389 -0.000091 -0.000697 0.000035 -0.000148 -0.003891 -0.000534 -0.001373 -0.000097 -0.001879 0.000026 -0.001825 0.000264 0.000153 0.000246 -0.000384 -0.000268 0.000379 -0.000751 0.000891 -0.003549 0.000192 0.000188 0.000101 0.000004 -0.000561 0.000038 -0.000595 -0.000005 0.002125 0.001719 0.000006 -0.002939 -0.002507 -0.000135 0.000025 -0.000283 -0.000119 0.000194 -0.002349 -0.000880 -0.000463 0.000018 0.000015 -0.001455 -0.000124 -0.001713 -0.000332 0.000379 -0.000058 0.000473 -0.000131 -0.002104 0.000176 0.000323 0.001246 -0.000640 -0.000075 -0.000973 -0.004512 0.000086 -0.001708 -0.000236 0.000024 -0.003338 -0.000238 0.000680 -0.001271 -0.003589 0.000065 -0.000253
0.053167 0.000128 0.298326 -0.263379 0.769181 1.023332 0.003245 0.000036 -0.000117 0.000512 0.000076 -0.849170 -0.435877 0.005635 0.000241 0.704530 -0.000148 -0.001213 0.000377 0.000109 0.000084 0.015165 -0.062193 -0.314561 0.571704 -0.004195 0.000094 0.003234 -0.000470 -0.000358 0.108438 0.503807 0.000136 -0.535957 -0.021302 -0.582330 -0.192180 0.408568 -0.538744 -0.211020 0.003295 -0.058186 -0.000182 0.000203 -0.063716 -0.106577 0.000806 -0.238312 -0.002914 0.424996 -0.000605 0.000032 0.356344 0.000202 -0.000246 -0.000211 0.153862 0.000039 -0.536330 0.161937 0.000191 -0.000592 -0.669372 -0.030190 -0.146664 -0.000011 0.001668 -0.099084 0.000053 -0.001923 -0.000896 -0.375010 0.000039 -0.003202 0.059436 -0.270160 0.239857 0.004866 0.000003 -0.000560 0.388714 0.004082 -0.000402 -0.001235 -0.383319 0.000051 -0.309982 -0.051332 -0.000633 -0.719545 0.118880 -0.063118 0.000026 0.000111 0.487075 0.031045 -0.002867 0.842316 0.168888 -0.000274 0.269580 0.000112 -0.820328 -0.000548 0.076706 0.004623 0.001616 -0.000240 -0.050910 0.363582 -0.012727 -0.006637 -0.390774 0.000075 -0.000270 -0.000209 0.000110 0.000036 -0.132507 -0.004467 -0.005979 -0.138855 0.357341 0.001054 0.455882 0.000013 -0.005492 0.199884 -0.032008 0.351201 0.161984 0.292924 -0.000061 0.000006 0.691806 -0.537999 0.000081 0.118084 -0.001771 -0.000189 -0.128239 -0.002273 0.000662 0.001183 0.000960 0.640021 -0.417824 0.284451 -0.000067 0.213823 -0.002729 -0.001922 -0.000266 0.000150 0.000479 0.007334 0.000221 0.000526 -0.002206 -0.000204 0.097686 0.099837 -0.396423 0.200236 -0.140524 -0.253941 -0.198216 -0.000010 -0.000092 -0.349721 -0.223784 0.037926 0.000962 0.472120 -0.016811 -0.406332 0.000000 -0.188697 -0.054756 0.000888 -0.444176 0.000025 0.000254 -0.387897 -0.000723 -1.280199 0.000027 -0.012920 0.000044 0.000133 0.052016 0.000202 0.011314 -0.000048 -0.159317 0.380083 -0.503091 0.000033 -0.423881 0.000090 -0.000334 0.000186 0.025910 -0.129458 -0.196254 -0.032218 0.000221 -0.025787 -0.000059 -0.000207 0.035735 -0.000045 0.061350 0.000189 -0.263884 -0.001652 0.000181 0.188817 0.563960 -0.001225 -0.000097 -0.598814 -0.000008 0.000080 0.592211 -0.168774 -0.000028 -0.000457 -0.000062 0.859181 -0.371269 0.003592 0.187844 -0.499178 -0.001033 0.000587 -0.000561 0.479140 -0.000192 -0.160407 -0.108682 0.508430 0.000088 0.002561 0.091217 -0.007060 0.162925 -0.356968 -0.700826 0.017047 0.000894 0.807854 0.127306 -0.603883 0.000240 -0.000479
-0.165135 -0.000027 0.816844 0.405915 0.080311 0.659993 -0.000283 -0.000054 -0.000457 0.000036 -0.000082 -0.007805 0.437563 -0.046647 -0.000073 -0.082072 -0.000055 0.000167 -0.000262 -0.000030 -0.000248 0.151786 -0.013157 -0.320468 0.371858 0.000168 0.000193 -0.000440 -0.001646 0.002706 0.235944 0.541617 -0.000049 0.454161 0.015947 0.376214 0.072447 -0.232662 0.451707 -0.332727 -0.400112 0.666527 0.000144 -0.000008 -0.147310 -0.290490 -0.000160 0.245912 0.005499 -0.074524 0.000306 0.000071 -0.024481 -0.000132 -0.000173 0.000094 0.346614 -0.000236 0.049467 0.352122 0.000307 0.000525 0.171598 0.734446 -0.084242 -0.000599 0.618340 0.669396 -0.000121 0.001806 -0.001042 -0.341230 -0.000000 -0.042241 0.809844 0.006228 -0.035554 0.067080 0.000481 0.000042 0.083531 0.012100 -0.000425 0.001867 0.048361 -0.000295 0.252027 -0.188355 0.000061 -0.369886 -0.159357 -0.171275 -0.000085 -0.000125 0.366097 0.076015 0.004970 0.298905 -0.082691 -0.000542 0.391865 0.000062 0.574605 -0.000017 0.024180 0.018650 0.004351 0.000050 0.154207 0.287263 0.033781 -0.004786 0.332028 0.000080 -0.000762 -0.001564 0.000024 0.000093 -0.281368 -0.001778 -0.011148 -0.111465 0.280060 -0.000641 0.212531 -0.000129 0.004654 -0.436577 0.052899 -0.227095 0.002717 0.611502 0.000011 0.000162 0.215462 -0.357305 0.000051 0.021243 -0.003931 -0.000181 0.025883 -0.000960 0.000178 -0.002047 -0.000146 -0.731160 0.075078 0.497612 0.000246 0.099324 0.004694 0.002028 0.000138 0.000060 -0.000576 -0.004755 -0.000101 0.001154 0.000493 0.000016 -0.167875 0.056123 -0.254405 -0.047993 -0.325146 0.320500 0.003453 -0.000194 0.000229 0.309569 -0.087214 0.354907 -0.000395 0.409164 0.102750 0.315469 -0.000352 -0.182748 -0.385146 0.000154 0.225968 -0.000258 0.000100 0.261943 -0.000100 0.158349 -0.000088 0.041232 0.000041 0.000099 0.138933 0.000061 0.000009 -0.000086 -0.268105 -0.337966 -0.291364 0.000222 -0.736234 0.000010 0.000507 0.001128 0.037267 0.252650 0.013817 -0.110841 0.000025 0.118510 0.000160 -0.000310 0.376372 0.000024 0.499709 -0.000106 0.278598 -0.063892 0.000403 0.005668 0.633465 0.000949 -0.000003 0.391649 -0.000038 0.000063 -0.204856 -0.130992 -0.000612 -0.000908 -0.000087 -0.338214 0.082736 -0.002385 0.459202 0.097059 -0.000824 -0.000323 -0.000353 -0.409496 0.000070 0.527837 0.384833 0.389804 0.000050 -0.003177 0.017092 -0.001247 -0.021665 0.043118 0.431488 -0.039176 0.001023 -0.410421 0.461369 0.274414 0.000057 -0.000330
-0.014488 -0.000339 -0.010603 0.001658 0.002026 0.000444 0.000700 0.000005 -0.000317 0.000113 0.000084 -0.012953 -0.000309 0.008111 -0.000093 -0.015071 0.000097 -0.000077 -0.000229 -0.000215 -0.000108 -0.015025 0.006209 0.000300 -0.005189 -0.004944 -0.000052 0.017989 -0.000242 0.002184 0.002088 -0.012725 -0.000239 -0.012285 0.010996 -0.001442 -0.001360 -0.000473 -0.006048 -0.006706 -0.007777 0.005512 0.000248 0.000257 0.007273 -0.006537 -0.000123 -0.000705 -0.005173 -0.009313 -0.000766 0.000109 -0.003221 -0.000204 0.000023 0.000034 0.012143 0.000118 -0.010058 -0.000607 -0.000620 -0.000223 -0.017347 -0.007739 -0.011805 -0.000227 0.002703 -0.007792 -0.000256 -0.000321 -0.000359 -0.008709 0.000324 0.007856 0.003001 -0.004399 0.000873 0.004754 0.000024 0.000608 -0.002263 0.002853 0.000699 -0.000481 -0.002401 0.000021 0.000217 -0.007422 -0.000028 -0.007617 -0.007060 -0.008031 -0.000169 -0.000178 -0.006480 -0.000795 0.000188 -0.009309 -0.010786 -0.000901 -0.017144 -0.000306 -0.020100 -0.000169 -0.008346 0.002608 0.005216 0.000225 -0.006957 -0.003840 -0.004498 -0.000084 -0.003211 -0.000220 -0.000270 0.000560 0.000070 0.000150 -0.016075 0.001295 0.000232 -0.008847 0.005337 0.003976 -0.002251 -0.000236 0.000901 -0.003196 -0.005955 -0.009502 -0.003615 -0.013477 0.000070 0.000203 0.000311 -0.011080 0.000267 -0.006045 -0.001470 0.000195 0.002935 0.003303 -0.000047 -0.002420 -0.000599 -0.008070 -0.017256 -0.005854 -0.000140 0.000361 -0.004310 0.013980 -0.000084 0.000033 -0.000129 0.002878 0.000263 -0.000410 0.000133 -0.000139 -0.001706 -0.003942 0.002759 -0.008707 -0.002959 -0.001162 0.005684 0.000146 0.000002 -0.006698 0.003509 0.003859 -0.000711 0.000353 -0.004967 -0.002399 -0.000908 0.009392 -0.010235 -0.001518 -0.007936 -0.000107 -0.000057 0.000437 -0.000347 -0.006016 -0.000072 -0.002826 0.000252 -0.000211 0.001378 -0.000025 -0.000105 0.000171 -0.006595 0.015685 0.002809 -0.000202 0.003730 -0.000149 -0.000334 -0.000470 -0.011650 -0.004526 0.006654 -0.014388 0.000072 -0.004726 0.000086 0.000062 -0.005844 -0.000308 0.000232 0.000231 -0.002161 0.000523 0.000280 -0.013045 -0.011942 0.001230 -0.000218 -0.010213 0.000001 0.000246 0.006750 0.004625 -0.000393 0.001332 -0.000745 -0.004704 0.002081 0.006285 -0.000571 -0.008891 0.000566 0.001308 -0.000130 -0.002849 -0.000212 0.003625 -0.007970 -0.006955 -0.000180 -0.003584 -0.021537 0.000691 -0.003803 -0.001198 -0.002555 0.006815 0.001160 -0.004654 -0.002274 -0.005828 0.000171 -0.000423
-0.120097 -0.000289 0.112693 0.149518 -0.043886 -0.049966 -0.001073 0.000088 -0.000106 -0.000001 0.000112 -0.001135 0.027319 0.085802 -0.000108 -0.197174 -0.000072 -0.000214 -0.000062 -0.000191 -0.000219 -0.034093 0.038997 -0.003050 0.220267 0.001615 0.000194 -0.000433 -0.000020 -0.000171 0.022506 0.077055 -0.000064 0.031365 0.017454 0.078702 0.078396 -0.022938 0.144210 -0.041620 0.151866 -0.002307 0.000032 -0.000040 0.071673 -0.054393 -0.000289 0.004149 -0.004223 0.217536 0.000402 -0.000025 0.012683 -0.000239 0.000219 -0.001055 0.002695 -0.000145 0.070870 0.123088 -0.000235 0.000056 -0.028559 -0.202456 0.187130 -0.000079 -0.231925 -0.044850 -0.000009 -0.001257 0.000028 -0.087909 0.000130 0.024087 -0.008589 0.136752 -0.075466 0.007149 -0.000288 -0.001034 0.045794 -0.002049 -0.001141 0.000251 0.091630 -0.000035 -0.066562 0.075003 -0.000271 -0.072420 -0.172854 -0.121277 0.000063 0.000185 0.168292 -0.010286 -0.001054 0.256190 0.019688 0.000279 -0.058608 -0.000142 0.060389 0.000597 -0.005232 0.012151 0.020862 0.000030 -0.108945 -0.000813 0.000784 -0.091870 -0.142542 -0.000169 -0.000031 0.000168 0.000124 -0.000006 -0.007594 -0.005170 0.006363 0.118970 -0.000315 0.002499 0.157629 -0.000089 0.001711 -0.122118 -0.037240 -0.046893 0.038806 0.104336 -0.000139 -0.000203 -0.086034 -0.073528 0.000059 0.066161 0.114877 0.000083 -0.127590 0.000451 0.000143 -0.000976 -0.000475 0.123833 -0.058717 0.136715 -0.000181 0.011709 0.001593 -0.028369 -0.000116 0.000232 0.000223 0.001370 -0.000124 -0.001341 -0.001563 -0.000004 0.138386 -0.054156 0.037304 0.210319 -0.083860 0.039755 -0.001030 0.000136 -0.000128 -0.065399 -0.052843 0.014598 0.000331 0.055565 0.278465 0.058694 0.000342 0.287778 -0.492759 -0.000037 -0.045430 0.000259 -0.000121 0.046756 -0.000280 -0.091671 -0.000156 0.044136 0.000034 -0.000221 0.076960 0.000508 0.000395 0.000034 -0.027357 0.056266 -0.030359 0.000085 0.029680 0.000045 -0.000246 -0.000181 0.039823 -0.171462 0.057075 -0.240028 0.000046 -0.000174 0.000153 -0.000120 -0.063064 -0.000036 0.064893 0.000010 0.095576 0.170253 0.000206 0.123516 -0.011197 0.001775 -0.000168 -0.050692 -0.000001 -0.000039 -0.016932 -0.025595 -0.000514 -0.000392 0.000045 -0.262531 0.043495 0.007996 0.013637 0.026542 -0.000170 -0.000554 -0.000011 -0.202185 -0.000167 0.118593 -0.018455 0.096813 -0.000069 0.001556 -0.018261 0.000665 0.279847 -0.002750 0.082997 0.163808 0.001829 0.070204 0.081661 0.040869 0.000098 0.000242
-0.003976 0.000127 0.032622 0.060701 -0.001837 -0.002945 -0.003171 0.000179 -0.000205 0.000271 0.000022 -0.011021 -0.016646 0.006629 0.000081 -0.028966 -0.000014 -0.001018 0.000095 0.000128 0.000135 0.025249 0.032405 0.053231 0.025515 0.001333 -0.000010 -0.003519 -0.000213 -0.000084 -0.020966 -0.017292 -0.000060 -0.003517 0.021433 0.024962 -0.018168 -0.022240 0.013427 0.012361 -0.079974 0.005489 0.000074 0.000211 -0.015029 -0.101039 0.000239 0.002742 0.003971 -0.021461 -0.000305 0.000177 -0.013966 0.000148 0.000159 -0.000259 0.016703 0.000148 -0.045344 0.007814 0.000094 0.000082 -0.016005 -0.008736 -0.091754 -0.000248 -0.092721 -0.074097 -0.000087 0.000704 -0.000082 -0.117852 0.000232 0.009603 0.091455 -0.024906 -0.004144 -0.031238 0.000042 0.000528 0.006570 -0.000086 -0.000007 -0.000050 0.022863 -0.000133 0.056977 0.006949 -0.000061 -0.099468 -0.031994 -0.087769 0.000069 0.000132 -0.013711 0.015536 0.020700 0.031255 -0.092673 -0.000455 -0.053930 0.000300 -0.101387 0.000510 -0.023016 0.005135 0.004101 0.000156 -0.041190 -0.027708 0.013802 0.015492 0.049314 0.000256 -0.000157 -0.000220 0.000061 0.000026 -0.083777 -0.000419 0.006036 0.068556 0.009153 0.000412 0.023358 -0.000064 0.000985 -0.069941 0.007352 -0.044649 0.003610 0.004143 0.000086 -0.000003 -0.010435 -0.020331 0.000085 0.056771 -0.005958 -0.000094 -0.017767 -0.003775 -0.000362 0.000102 -0.000236 -0.018153 -0.025352 0.080406 0.000019 0.020515 0.000107 -0.002507 0.000135 -0.000180 0.000355 0.011716 -0.000256 -0.000131 0.000073 0.000036 -0.016244 -0.075777 -0.008311 0.020104 -0.007721 0.001613 0.023438 0.000257 -0.000061 -0.009614 0.032422 0.044345 -0.000058 0.026636 -0.028864 0.007253 0.000023 -0.032858 -0.169194 -0.000136 0.019598 0.000054 0.000228 0.003149 -0.000691 -0.092888 0.000195 -0.010845 0.000147 0.000179 -0.011254 -0.000068 -0.003463 0.000131 0.002900 0.031722 -0.100678 0.000198 -0.032613 0.000219 -0.000165 -0.000034 -0.010577 0.000650 0.002515 -0.105602 0.000102 -0.020119 -0.000237 -0.000105 -0.017998 -0.000186 -0.005311 0.000000 -0.006422 0.002809 0.000073 -0.085704 0.009840 -0.000081 -0.000151 0.039904 -0.000149 0.000284 0.019004 0.003907 -0.000111 0.000066 0.000069 -0.056352 -0.011736 -0.000865 0.007068 0.010089 -0.000058 0.000096 -0.000137 -0.002871 0.000049 -0.067401 0.001603 0.016203 0.000009 -0.003065 -0.032029 0.000647 0.007792 0.018119 0.014859 -0.003211 0.000757 -0.015948 0.027784 0.003700 0.000154 -0.000007
0.054310 -0.000105 0.418021 0.056981 -0.110815 0.172169 -0.003652 0.000069 0.000142 -0.000264 -0.000136 -0.266933 -0.289992 -0.051378 -0.000004 0.613025 -0.000174 0.000188 -0.000137 0.000120 -0.000321 -0.076100 0.005487 0.012705 0.065520 -0.002609 0.000091 -0.000169 -0.000460 -0.000011 0.190841 0.023879 -0.000266 -0.069559 -0.010301 0.043908 -0.110891 0.078917 0.108278 0.413145 -0.494902 0.047653 -0.000047 -0.000000 0.136571 0.034550 -0.000125 -0.031555 -0.000075 -0.175821 -0.000671 -0.000151 0.386091 -0.000133 -0.000233 -0.002211 0.729065 0.000097 0.068056 -0.082054 -0.000162 -0.000037 0.057488 -0.212635 -0.075097 -0.000068 0.096160 -0.012233 -0.000127 -0.001813 -0.000634 -0.158446 -0.000265 0.036600 -0.101291 -0.379174 -0.141211 -0.052940 -0.000051 -0.000166 -0.025347 0.002604 0.000107 0.000179 0.193849 -0.000916 -0.013658 0.227523 0.000052 -0.124966 -0.076384 0.072295 0.000069 -0.000216 -0.057537 -0.010715 0.000028 -0.033753 0.115311 0.001102 -0.277662 0.000176 0.201704 -0.000024 -0.053316 -0.012041 -0.003075 0.000061 -0.111956 0.063875 0.009984 -0.156660 -0.038576 -0.000180 0.000243 0.001494 0.000101 0.000159 0.024827 0.000721 -0.000399 -0.031021 0.407106 -0.001377 -0.010888 -0.000052 0.000288 -0.294831 -0.019150 -0.317035 0.064337 0.584637 -0.000225 -0.000129 -0.212544 -0.134213 0.000159 0.075580 0.096182 -0.000068 -0.281541 -0.004518 -0.000073 -0.002096 -0.000472 0.492466 0.367421 0.346257 -0.000096 0.601684 -0.002542 0.013519 -0.000022 0.000097 -0.000201 -0.001968 -0.000086 0.000449 -0.000032 -0.000047 -0.211539 -0.305520 -0.128775 0.071873 0.260224 0.170026 0.001502 0.000091 -0.000234 0.060676 -0.222526 0.061553 -0.000710 -0.354138 0.241530 -0.174383 0.000582 0.048674 -0.485658 0.008960 -0.027749 -0.000206 -0.000087 0.233479 -0.002722 -0.015434 -0.000253 -0.020366 -0.000007 -0.000104 0.322242 0.001864 0.007405 -0.000126 0.552478 -0.128629 -0.686922 -0.000150 0.170466 -0.000013 -0.000493 -0.000130 -0.018332 -0.165491 0.096931 -0.218481 0.000063 -0.044854 -0.000163 0.000015 -0.042523 -0.000174 -0.075041 -0.000176 0.054867 -0.004971 -0.000006 0.136667 0.201239 0.003415 -0.000040 -0.326650 0.000040 0.000103 -0.119250 0.064977 -0.000245 -0.000629 -0.000321 0.292517 0.096107 -0.001039 0.563964 -0.111804 0.000645 0.001480 0.000313 -0.029722 -0.000093 0.624444 0.420331 0.369435 -0.000209 0.000708 -0.061843 0.001173 0.209186 -0.115524 -0.385640 0.008671 0.005441 0.160289 0.005914 -0.103943 0.000156 -0.000495
0.000966 0.000064 0.001006 -0.000790 0.000138 -0.002906 -0.000301 0.000196 0.000009 -0.000147 0.000149 0.000798 0.000511 -0.002198 0.000251 -0.004004 0.000078 -0.000000 -0.000152 -0.000267 0.000204 0.002079 -0.002234 0.001614 -0.000204 -0.000305 0.000113 0.001172 -0.000111 -0.000245 -0.001571 -0.002032 -0.000260 -0.005799 -0.000848 -0.001116 -0.002499 -0.002170 -0.001254 0.000465 0.000251 0.001072 0.000031 0.000534 -0.001650 -0.002231 0.000371 -0.000354 0.000677 -0.000646 -0.000691 -0.000062 -0.000361 0.000036 0.000033 -0.000178 -0.002844 0.000085 -0.006684 -0.000831 -0.001356 0.000105 -0.001501 -0.005773 -0.002859 0.000165 -0.005269 -0.003667 -0.000087 -0.001815 -0.000167 -0.004027 0.000040 0.003269 -0.000032 0.001908 0.000300 -0.007765 0.000103 0.000992 -0.002901 -0.000003 0.000069 -0.001066 -0.003841 0.000053 -0.000311 -0.004740 -0.000308 -0.002812 -0.005114 -0.007241 0.000369 0.000202 -0.002217 0.000022 0.002601 0.004003 -0.006970 0.000397 -0.002841 -0.000067 -0.002367 0.000582 0.000170 0.000216 -0.001543 0.000189 -0.006348 -0.000173 -0.003485 -0.003228 -0.002444 0.000015 -0.000263 -0.000856 -0.000084 0.000106 0.000154 0.000393 0.000220 -0.001097 0.000052 -0.000971 -0.002596 -0.000052 -0.000242 -0.008360 -0.000765 -0.007843 -0.000397 -0.000114 -0.000114 0.000099 0.001441 0.000084 0.000041 -0.002137 0.000113 -0.000151 -0.002360 -0.002793 0.000716 0.001204 -0.000521 0.001310 -0.000450 0.002145 0.000091 -0.001069 -0.001013 -0.000769 0.000212 0.000072 -0.000137 -0.000981 0.000082 0.000048 -0.000934 -0.000162 -0.002142 0.000147 -0.002121 -0.002302 -0.007175 0.001210 -0.000598 0.000240 0.000157 -0.000154 -0.000662 0.000415 0.001016 0.000313 -0.001985 0.001090 -0.000104 0.003206 -0.004199 -0.000760 -0.003941 -0.000257 0.000116 -0.000647 -0.000256 -0.005472 -0.000017 0.000988 0.000215 0.000107 -0.003113 -0.000248 -0.003260 -0.000050 -0.004330 0.001625 0.000554 0.000188 -0.001952 -0.000126 -0.000010 0.000154 -0.000259 -0.001401 -0.001263 -0.005804 0.000215 -0.001544 0.000047 0.000145 -0.002367 -0.000187 -0.003632 -0.000002 -0.000614 -0.000290 0.000077 -0.000625 -0.000949 -0.001170 -0.000061 -0.000117 0.000045 0.000113 -0.000576 -0.003772 0.000327 -0.000351 -0.000062 -0.000088 -0.003492 -0.000283 0.001864 0.001348 0.000094 -0.000128 -0.000139 -0.001432 -0.000037 -0.003044 0.000367 0.001177 0.000178 0.000977 -0.006734 0.001198 -0.000279 -0.002907 0.001270 0.000127 0.000278 0.000126 0.001551 -0.000867 0.000127 0.000340
-0.000372 0.000504 -0.001123 -0.004731 -0.007061 -0.007752 -0.000401 0.000020 0.000058 0.000077 0.000194 -0.005234 0.001582 -0.000884 -0.000010 -0.001088 0.000025 0.000025 0.000137 0.000058 0.000048 -0.000181 0.000420 0.000047 -0.004356 -0.000135 -0.000015 0.000052 0.000164 0.000078 -0.001920 -0.009472 -0.000005 -0.002089 -0.000208 -0.003581 -0.001731 -0.001755 -0.007241 -0.006941 -0.000437 0.000481 0.000058 0.000090 -0.002364 -0.001651 -0.000058 -0.000122 0.001321 0.001723 0.000341 0.000109 0.001756 -0.000101 0.000184 -0.000578 -0.001760 -0.000036 -0.003971 -0.000298 -0.000020 0.000137 -0.002179 -0.002992 -0.001830 0.000015 -0.000613 -0.003484 -0.000008 -0.001942 0.000281 -0.004689 0.000142 0.000076 0.000805 -0.001328 -0.000350 -0.001990 0.000041 0.000091 -0.001888 0.001992 0.000107 -0.000241 -0.002061 0.000146 -0.002539 -0.003918 -0.000035 0.002137 -0.002713 -0.002405 -0.000083 0.000009 -0.004408 0.002517 -0.000493 0.000714 0.002758 -0.000558 0.001028 -0.000256 -0.001324 -0.000451 -0.004321 -0.000212 0.000024 0.000183 -0.000888 0.000447 -0.000719 -0.005128 -0.002387 0.000184 0.000261 -0.000958 -0.000042 0.000024 -0.006387 -0.000551 0.000123 0.003772 0.000511 0.000061 -0.000290 0.000151 -0.000276 -0.001382 -0.003517 -0.007494 0.000633 0.000768 0.000081 0.000168 0.001321 -0.003689 0.000074 -0.000014 -0.000599 0.000204 -0.004820 -0.000168 -0.000277 -0.000474 -0.000229 -0.007029 -0.004648 -0.001432 0.000262 0.005240 0.000009 -0.000516 -0.000211 0.000050 -0.000205 -0.000252 0.000118 -0.000492 -0.000116 0.000211 -0.001864 -0.000335 -0.001407 0.000253 -0.009110 -0.000560 -0.000022 0.000176 -0.000043 -0.005167 0.000147 -0.000075 -0.000438 0.000242 -0.003494 -0.000537 0.000364 0.003751 -0.004933 0.000357 -0.002117 0.000254 0.000199 -0.002702 -0.001172 -0.004011 0.000147 -0.000368 -0.000054 0.000045 -0.000329 -0.000367 -0.003599 0.000051 -0.003436 -0.000073 -0.003530 0.000072 -0.005407 0.000101 -0.000649 -0.000430 -0.000325 0.001268 0.000832 -0.008791 0.000186 -0.000387 0.000069 0.000155 -0.004054 0.000072 -0.004420 0.000151 0.000237 -0.000477 0.000005 -0.000850 0.002090 0.000265 -0.000201 -0.001190 0.000138 0.000160 -0.002522 -0.001858 -0.000222 -0.000479 0.000199 0.002282 -0.000779 -0.000499 -0.000171 -0.000582 0.000068 -0.000165 -0.000379 -0.001649 0.000182 -0.000100 -0.001646 0.000241 0.000075 0.000644 -0.003399 -0.000084 -0.002560 -0.000201 -0.002340 -0.001811 0.000669 0.000564 -0.001673 -0.001371 -0.000037 0.000205
0.212521 -0.000006 0.149696 0.304722 -0.118560 0.579390 -0.002032 0.000149 -0.000022 0.000164 -0.000058 -0.204384 0.408586 0.009180 0.000058 0.270526 -0.000062 -0.000240 -0.000261 -0.000039 -0.000237 0.088214 0.024480 0.390183 0.127529 0.002652 0.000184 0.004309 -0.000449 0.000777 -0.225464 0.395015 -0.000159 -0.004223 -0.015809 0.031535 0.210361 0.186509 0.434897 0.116615 0.169275 -0.041249 -0.000236 -0.000227 0.269762 0.231946 -0.000089 0.355832 0.018792 -0.196839 -0.000818 -0.000175 0.067777 -0.000257 -0.000133 -0.000419 0.405433 -0.000193 0.262181 0.264905 -0.000851 0.000010 0.221833 -0.218302 0.422156 -0.000237 -0.022945 0.187384 0.000121 -0.001383 0.000237 -0.295654 0.000068 0.030008 0.319716 0.065771 -0.279921 0.118384 -0.000264 -0.000143 0.622180 0.002663 -0.000661 0.001287 0.215231 -0.000036 -0.228020 0.472191 0.000141 -0.018400 0.000998 -0.300535 -0.000063 -0.000061 0.035191 0.094214 0.000551 0.376134 0.290521 0.000425 0.226061 -0.000461 -0.074929 -0.000637 0.325656 0.135316 0.008300 0.000014 0.296500 -0.067181 0.070532 0.114803 0.103423 -0.000209 -0.000516 -0.001931 -0.000268 0.000140 0.180719 -0.003928 -0.000529 0.057646 0.027749 -0.000154 0.134835 -0.000176 0.004542 -0.314807 0.047714 -0.294769 -0.297550 -0.063971 -0.000025 -0.000175 0.206616 -0.134600 -0.000018 0.646258 0.497279 -0.000088 -0.080694 -0.000539 -0.000236 -0.000871 0.000032 -0.046145 -0.141169 0.183116 -0.000204 0.537893 0.002376 0.039274 -0.000086 0.000003 0.001251 -0.004476 0.000001 -0.001270 0.000285 0.000221 -0.163725 0.048593 -0.111720 0.086070 -0.070586 0.144651 0.261561 -0.000069 -0.000027 -0.056110 -0.326110 0.308257 -0.000230 0.038813 -0.003326 0.345450 0.000633 1.019732 -0.387518 0.003277 -0.256685 0.000161 -0.000198 0.338899 -0.001640 -0.327312 -0.000162 -0.006821 -0.000045 -0.000206 0.291887 0.000953 -0.000977 -0.000053 -0.055743 0.251707 -0.289826 0.000126 0.102455 -0.000210 0.000116 -0.000539 0.026138 0.081204 0.038370 0.085340 -0.000263 0.192674 0.000014 0.000026 0.010510 -0.000015 0.365331 -0.000262 0.213771 0.046108 0.000142 0.766441 0.131580 -0.000164 -0.000032 0.063993 0.000012 -0.000165 -0.145894 -0.330313 -0.000122 -0.001528 -0.000224 0.157689 -0.176746 0.000436 0.170817 -0.174204 -0.000104 -0.000102 -0.000240 0.187087 -0.000115 -0.035410 -0.095460 0.460483 -0.000072 -0.001694 0.176320 0.001516 0.023281 0.263494 -0.044544 0.046768 0.000839 0.123535 0.517560 0.043570 -0.000101 -0.000657
0.118324 -0.000237 0.074530 -0.070028 -0.391197 0.072229 -0.000568 -0.000003 -0.000308 -0.000146 -0.000157 0.016190 0.100186 -0.012403 -0.000174 0.020807 -0.000075 0.000093 0.000373 0.000097 0.000054 -0.054034 0.021640 0.082208 0.196858 0.000763 0.000144 0.000177 -0.000543 -0.001074 0.266995 0.031080 -0.000219 0.017316 0.013914 -0.016649 -0.123909 0.010434 0.114522 -0.038232 -0.015263 0.003501 0.000144 0.000110 -0.031592 0.141236 -0.000504 0.003184 -0.004626 0.031485 -0.000628 -0.000225 0.008459 0.000237 -0.000244 0.000278 -0.010442 -0.000041 -0.052893 0.060170 0.000024 -0.000062 -0.091699 0.097457 -0.195017 -0.000216 -0.122343 0.250546 -0.000075 0.000110 0.001523 -0.326523 -0.000116 -0.101002 0.154082 -0.297666 -0.114772 -0.293368 0.000215 -0.001141 0.089075 -0.000903 0.000072 0.000038 -0.165013 -0.000937 -0.006825 -0.072914 -0.000213 -0.033004 0.020416 -0.060920 -0.000059 -0.000154 0.071138 0.044041 0.001570 0.311268 0.012059 0.000821 -0.022758 -0.000208 -0.209248 -0.000896 -0.061999 -0.008293 0.001279 -0.000210 -0.150711 -0.092468 0.014502 -0.131744 0.091384 -0.000142 0.000325 -0.001178 -0.000051 0.000127 -0.005539 -0.002544 -0.000614 0.218062 -0.011821 -0.000936 0.085951 -0.000124 0.002389 -0.202701 -0.031006 -0.215476 -0.102421 0.209956 -0.000091 0.000087 0.123591 -0.032314 -0.000148 -0.041083 -0.071764 0.000027 -0.029099 -0.001645 0.000058 -0.001708 0.001082 -0.126187 -0.100045 0.012625 0.000054 0.338318 0.003709 0.006132 -0.000778 0.000219 -0.000085 0.013015 -0.000204 0.000019 0.000534 -0.000151 -0.225109 -0.224887 0.344600 0.116662 -0.200245 0.014197 0.102348 -0.000179 0.000138 0.001320 0.133575 0.161994 0.000615 0.191802 -0.123624 0.007611 0.000668 0.115347 -0.464602 -0.000764 -0.067013 -0.000132 0.000129 -0.007281 -0.000311 -0.048991 -0.000145 -0.005642 0.000001 0.000223 -0.019633 0.000345 -0.003390 0.000242 -0.112490 -0.031502 -0.090877 -0.000144 -0.045014 -0.000143 0.000321 -0.000563 -0.027069 -0.286310 -0.002366 -0.239652 0.000259 0.030140 0.000107 -0.000118 0.094355 0.000046 0.006054 0.000172 0.076822 -0.036359 0.001242 -0.107871 0.505324 0.002889 -0.000062 -0.160150 0.000066 -0.000080 0.023681 -0.008112 -0.000735 -0.001060 -0.000049 0.131344 0.005598 -0.001193 0.161040 -0.117407 0.000089 -0.000088 -0.000677 -0.047397 -0.000192 0.147008 0.028798 0.295497 -0.000114 -0.000046 -0.247441 -0.000551 0.183157 -0.039475 -0.000004 -0.036629 0.001935 0.165968 0.125173 -0.134059 -0.000190 0.000618
-0.555975 0.000222 0.002005 0.253084 -0.300990 -0.371774 -0.004583 -0.000042 0.000100 -0.000388 -0.000043 -0.059705 -0.176426 0.057900 -0.000214 0.047258 0.000134 0.001204 -0.000681 0.000003 -0.000062 -0.186262 -0.012168 0.548635 0.039135 -0.000388 -0.000184 0.003507 0.000070 -0.001658 0.053420 -0.017888 0.000002 0.046285 0.030937 -0.395873 0.230397 0.212824 0.441156 0.731146 -0.220056 -0.323457 0.000206 0.000023 0.109249 -0.527128 -0.000127 0.051574 -0.001250 -0.510895 -0.000309 -0.000250 0.008827 0.000005 -0.000010 -0.000326 -0.192858 0.000140 0.199503 -0.014616 -0.000305 -0.000184 -0.116691 0.130251 -0.246214 -0.000045 0.373587 -0.841586 0.000007 0.003750 0.000338 -1.018271 0.000117 0.201098 0.251695 -0.288374 0.033619 0.164328 0.000403 -0.000845 0.320045 0.000954 0.000150 0.001462 -0.337940 0.000209 -0.195638 -0.027283 -0.000479 0.051743 -0.297871 -0.031625 0.000051 -0.000060 0.025921 -0.026826 0.006316 -0.215782 0.018028 0.000424 0.047777 0.000088 0.358401 -0.000955 0.161799 0.019960 -0.023473 -0.000092 -0.122327 0.127245 0.062115 0.273878 -0.136645 -0.000262 0.000307 0.000850 0.000157 -0.000053 -0.568426 -0.010730 -0.004653 -0.073770 -0.283034 -0.004860 -0.203261 -0.000016 0.013548 0.076801 0.133309 -0.362522 0.084973 -0.207058 -0.000056 0.000101 -0.173919 0.299306 0.000090 -0.113144 -0.144684 0.000016 -0.007303 -0.000976 -0.000528 -0.003694 -0.000716 0.486508 0.391387 -0.104904 -0.000138 0.046976 0.004950 0.027179 0.000010 -0.000005 -0.000320 0.006651 0.000232 -0.001647 0.002459 -0.000168 0.072322 -0.347874 -0.007843 -0.184657 -0.110510 -0.344192 0.116070 -0.000134 -0.000275 -0.317784 -0.022843 0.122802 -0.001509 0.064145 -0.132739 0.071282 0.000251 0.192507 -0.179537 -0.010797 0.184020 -0.000012 -0.000157 -0.493561 -0.000323 -0.080095 -0.000164 0.015682 -0.000000 -0.000278 0.129684 0.000762 -0.006701 0.000049 0.197223 -0.428473 -0.196084 0.000011 -0.032162 -0.000107 -0.000578 -0.000052 -0.037400 -0.276698 0.039734 0.279050 0.000112 -0.266179 0.000104 -0.000132 0.166033 -0.000043 -0.020915 0.000099 0.183020 -0.099498 0.000156 -0.102461 -0.235496 0.000702 0.000076 0.176645 0.000084 0.000241 -0.191030 0.487640 0.000333 -0.001049 -0.000128 0.074116 -0.220088 -0.002830 -0.211740 -0.175130 -0.000303 -0.000819 0.000053 -0.507020 0.000163 -0.375448 0.076945 -0.608929 -0.000009 0.003237 -0.827200 0.007842 0.237994 0.225747 -0.470972 -0.104471 0.004247 -0.083363 0.018535 -0.131777 -0.000208 0.000199
-0.003697 0.000607 -0.001722 0.000147 -0.002697 -0.000747 -0.001135 -0.000024 -0.000364 0.000263 0.000137 0.001877 0.000524 0.000256 0.000063 -0.007018 0.000201 -0.000080 -0.000272 0.000261 -0.000183 0.001532 0.002242 -0.002009 -0.001410 0.001951 0.000210 -0.000734 -0.000322 0.000811 -0.000345 0.002436 0.000379 -0.003206 -0.001641 -0.003721 -0.004473 -0.002564 -0.002683 -0.007255 -0.001404 0.000201 0.000263 0.000074 0.001809 0.000086 0.000207 0.000223 -0.001597 0.000127 0.000019 0.000241 -0.000367 -0.000045 0.000113 -0.000187 -0.002654 0.000108 -0.001845 0.000236 0.000030 -0.000250 -0.002770 0.002602 0.000126 -0.000010 -0.002333 -0.002166 0.000212 0.001309 -0.000189 -0.004119 -0.000116 0.002623 0.000247 -0.001099 0.000112 0.001254 -0.000193 0.000088 -0.002122 -0.000034 -0.000031 -0.000271 -0.002794 -0.000380 -0.001452 -0.000375 0.000074 -0.001690 -0.002064 -0.003539 -0.000041 -0.000112 -0.002847 0.001481 -0.001351 0.000161 -0.001300 -0.000941 0.001744 -0.000127 -0.000494 -0.000200 -0.001318 0.000904 0.005610 -0.000099 -0.002763 -0.001612 0.000947 -0.001541 -0.004300 -0.000233 -0.000097 0.000079 -0.000030 0.000067 -0.003790 -0.002201 -0.000257 -0.000680 0.000368 -0.001659 -0.000098 -0.000149 -0.002145 0.000441 -0.005309 -0.002571 -0.000424 -0.002172 -0.000148 0.000012 -0.000383 0.000686 -0.000094 -0.001420 0.002627 0.000028 -0.004880 0.003068 -0.000339 -0.000822 -0.000144 -0.003250 -0.003869 0.002655 0.000144 0.000182 -0.001208 -0.001064 -0.000002 -0.000143 0.000421 -0.000472 0.000094 -0.001051 -0.001543 0.000257 0.000644 0.001433 -0.000618 -0.000161 -0.003265 -0.001892 0.000309 -0.000046 0.000056 -0.000062 0.004063 0.000033 -0.000273 -0.000084 -0.004518 0.000827 -0.000254 -0.005345 -0.006432 -0.000432 -0.001499 0.000230 0.000202 -0.002574 -0.000184 0.000210 -0.000126 -0.002387 0.000116 -0.000017 0.000531 -0.000421 0.003294 0.000202 -0.002569 0.001027 -0.002193 -0.000127 -0.000048 0.000150 -0.000695 -0.000318 0.000016 -0.006658 -0.000340 -0.001524 0.000062 -0.000610 0.000032 -0.000069 0.001365 0.000101 0.000352 0.000034 0.000400 0.000236 0.000052 0.003434 0.000236 -0.000248 -0.000042 -0.001191 -0.000029 -0.000341 -0.001126 -0.007630 -0.000049 -0.000715 0.000066 0.000637 -0.001145 0.000528 -0.000151 -0.000626 -0.000190 0.000527 -0.000085 -0.002777 0.000149 -0.001186 -0.001084 0.001449 0.000079 -0.000117 -0.005390 -0.001255 -0.000217 -0.001371 -0.003831 -0.000052 -0.000228 0.001308 -0.000537 -0.000980 0.000032 -0.000089
0.393377 0.000129 0.175237 0.145905 -0.083407 0.304325 0.000568 -0.000107 0.000032 0.000231 0.000251 0.654033 -0.411571 -0.026215 -0.000165 -0.036080 0.000076 -0.000455 0.000468 -0.000047 0.000272 -0.441998 0.014244 0.207496 -0.776982 -0.003149 0.000002 0.000795 0.000018 -0.006735 0.052429 -0.211187 0.000043 0.003089 0.014466 0.021304 0.713301 0.160895 -0.004177 0.373709 0.361474 -0.038547 -0.000001 0.000017 0.001835 0.500577 0.000440 0.082572 -0.005304 -0.101444 0.000228 -0.000033 0.293292 0.000173 0.000181 0.000433 -0.041924 0.000095 -0.054651 0.483024 0.000740 0.000095 -0.026412 -0.041009 1.081003 0.000047 -0.355033 0.165686 -0.000020 0.003352 0.000217 0.331524 -0.000132 0.032107 -0.459417 -0.289894 -0.462588 0.033581 0.000088 0.000443 0.471608 0.000827 0.000057 -0.002021 -0.363190 -0.000076 -0.306995 -0.033454 -0.000153 0.396720 -0.280739 -0.190926 -0.000039 0.000167 -0.443091 -0.021321 -0.007000 0.301165 0.669274 -0.001096 0.199101 0.000178 -0.385765 0.002019 -0.695822 -0.012690 0.005883 -0.000111 -0.096247 0.052604 -0.018523 -0.289563 -0.283149 0.000451 0.000108 -0.000435 -0.000225 -0.000191 0.531858 0.000530 -0.003425 -0.596579 -0.078416 -0.004014 -0.014497 0.000141 0.000208 0.293884 0.161359 -0.389351 -0.185739 -0.673741 -0.000224 0.000018 -0.069197 -0.281674 -0.000164 -0.209526 0.414163 0.000057 -0.431921 0.006752 0.000105 -0.002033 0.000600 -0.229910 -0.736548 -0.436625 0.000076 0.371083 -0.005169 0.042331 -0.000061 -0.000061 0.000612 -0.007514 -0.000101 0.001481 0.002133 0.000102 -0.173506 0.525368 -0.478767 0.675820 -0.276940 -0.455428 -0.365771 0.000056 0.000016 -0.814712 -0.090263 0.173102 -0.001024 -0.692664 -0.159401 0.478389 -0.001918 0.757084 -0.200459 0.015833 0.354725 0.000150 0.000060 -0.165889 -0.000205 0.439753 0.000157 0.056538 0.000383 -0.000138 0.103416 -0.000513 -0.002423 -0.000201 0.466379 0.051618 -0.468671 0.000156 0.099091 0.000130 -0.000440 -0.000195 0.116645 -0.036219 -0.223069 0.365112 -0.000026 -0.202135 -0.000161 0.000044 -0.048217 0.000137 -0.309636 0.000132 -0.076587 0.042049 -0.000041 0.872488 -0.455777 -0.000108 -0.000235 -0.762144 -0.000144 0.000028 -0.335170 0.065049 -0.000622 -0.000557 0.000351 0.155293 0.050892 0.017360 0.082375 -0.603013 0.001508 0.000747 0.000268 0.816971 0.000107 -0.399749 -0.096550 0.347955 0.000223 -0.010183 0.202251 -0.006386 -0.758540 -0.309774 -0.655842 0.069733 -0.004948 0.307741 -0.064538 0.819262 0.000155 0.002215
0.001510 -0.000105 0.001800 -0.002164 0.002306 -0.000793 -0.000173 0.000212 0.000013 0.000180 0.000106 -0.002444 -0.001188 -0.000945 0.000184 -0.002226 0.000062 -0.000051 -0.000277 -0.000016 -0.000242 0.000756 -0.000822 -0.004298 0.000072 -0.000726 0.000084 0.000088 -0.000190 0.000420 0.000140 -0.003475 0.000088 -0.001366 -0.000826 0.000109 -0.001542 0.000590 -0.001951 -0.001441 -0.000792 0.001121 0.000114 0.000169 -0.000344 -0.002875 -0.000192 -0.000249 -0.001141 0.000504 -0.000363 -0.000102 -0.000593 0.000006 0.000178 0.000005 -0.001598 0.000143 -0.000471 -0.001554 -0.000229 0.000154 -0.000580 -0.000813 -0.001116 0.000091 -0.002567 -0.000632 0.000051 -0.001589 0.000021 -0.001440 0.000063 -0.005358 -0.000568 -0.000194 -0.000793 0.001959 -0.000278 -0.001117 -0.000981 -0.000207 0.000177 -0.000083 -0.004696 0.000447 0.001854 -0.000924 -0.000073 -0.004519 -0.003666 -0.004285 0.000088 0.000086 -0.000792 -0.001045 -0.000155 0.002277 -0.000665 -0.001276 -0.003248 0.000244 -0.002135 0.001360 -0.000086 -0.001318 0.000128 -0.000052 -0.001535 -0.000989 -0.000453 -0.001733 -0.002041 0.000055 -0.000421 -0.000748 0.000143 0.000176 -0.003475 -0.000138 -0.000200 -0.001015 -0.001967 0.000282 -0.001410 -0.000175 0.001238 -0.003009 -0.002463 -0.004290 -0.001998 0.000330 0.000121 0.000096 -0.001312 -0.000526 0.000039 -0.000581 0.000239 0.000185 -0.001694 -0.000403 -0.000133 -0.000350 -0.000478 0.001164 -0.004125 -0.000793 -0.000131 0.000254 0.000046 -0.000475 0.000204 -0.000072 -0.000024 0.000218 -0.000117 0.000048 -0.000489 -0.000098 -0.000336 0.002130 -0.000688 -0.000434 -0.002511 -0.000181 -0.002820 0.000006 0.000041 0.000495 -0.003062 0.001841 0.000964 -0.000835 -0.001261 0.000263 0.000130 -0.000239 -0.004102 -0.000665 -0.003173 -0.000013 0.000033 -0.000453 -0.000804 -0.001765 0.000059 -0.000689 0.000324 -0.000071 -0.001008 -0.000057 -0.000738 0.000134 -0.002112 -0.000169 -0.001329 -0.000053 -0.000834 -0.000205 0.000111 -0.000103 -0.000218 -0.001675 -0.000898 -0.003562 0.001149 -0.001964 -0.000034 -0.000212 -0.000904 -0.000202 -0.002191 0.000133 -0.000437 0.000013 -0.000147 -0.000190 0.000532 -0.001973 0.000038 -0.003658 -0.000066 0.000093 -0.000062 -0.002248 0.000124 -0.000357 -0.000025 -0.001881 0.003880 -0.000331 0.001401 0.000110 0.000001 -0.000042 -0.000232 -0.002706 0.000284 -0.001236 0.001327 0.000562 0.000070 -0.000504 -0.002948 0.001020 -0.001367 0.000007 0.000379 -0.000100 0.001244 -0.002301 0.000814 -0.001451 0.000136 -0.000209
-0.000135 -0.000190 -0.000057 -0.000552 0.000028 0.000719 0.000144 0.000080 -0.000153 -0.000169 -0.000008 -0.000215 0.000625 -0.000402 -0.000044 -0.001033 -0.000096 -0.001718 -0.000130 -0.000003 0.000356 -0.000128 -0.000582 -0.000166 -0.000027 -0.000331 0.000138 -0.000054 -0.000208 -0.000204 -0.000131 -0.000302 0.000038 -0.001029 -0.000159 -0.001537 -0.001268 -0.001891 -0.000140 -0.000974 -0.000790 0.000188 -0.000241 0.000249 0.000012 0.000393 0.000044 -0.000114 0.000286 -0.000382 -0.000172 -0.000179 -0.000069 -0.000070 -0.000263 0.000567 0.000587 -0.000075 -0.000106 -0.000356 -0.000180 -0.000199 -0.000212 -0.000071 -0.000507 0.000219 -0.001119 -0.001172 -0.000237 0.000268 -0.000046 -0.001092 -0.000009 -0.000005 -0.000117 -0.001100 -0.000026 0.000172 -0.000039 -0.000254 -0.000296 0.000177 -0.000166 -0.000248 -0.000969 -0.000389 -0.000131 -0.000978 -0.000176 -0.001427 -0.000642 -0.000997 -0.000246 0.000190 -0.000554 -0.000050 -0.000474 -0.001709 0.000210 -0.000702 -0.000030 0.000071 -0.000784 0.000233 0.000464 0.000229 -0.000248 -0.000060 -0.000721 -0.001130 -0.000618 -0.001371 0.001103 -0.000113 0.000021 -0.000459 -0.000232 -0.000097 -0.000581 -0.001182 -0.000266 0.000095 0.000375 -0.000325 -0.000980 0.000120 -0.000599 -0.002244 -0.001491 -0.002392 -0.000717 -0.000578 -0.000098 0.000003 -0.000186 -0.000192 -0.000214 -0.000007 -0.000065 -0.000097 0.000242 -0.000678 -0.000252 -0.000316 -0.000237 -0.000244 -0.000124 0.000029 -0.000129 -0.000140 -0.000015 0.000472 -0.000112 -0.000254 -0.000110 -0.000162 -0.000089 -0.000231 0.000116 -0.000120 -0.000048 0.000075 -0.000735 -0.000304 -0.001447 0.000075 -0.001093 0.000220 -0.000090 0.000087 -0.000066 -0.000637 0.000007 -0.000293 -0.001555 0.000182 -0.000168 -0.000032 -0.003042 -0.000231 -0.000913 0.000116 -0.000236 -0.000276 -0.000195 -0.000504 -0.000094 -0.000396 0.000170 -0.000236 -0.001463 -0.000033 0.000057 -0.000255 -0.001488 -0.000488 -0.001157 -0.000232 0.000341 -0.000122 -0.000423 0.000131 -0.000202 -0.000698 -0.000475 -0.002275 -0.000193 -0.000257 -0.000116 -0.000008 -0.000292 -0.000140 -0.000105 -0.000105 -0.000048 -0.000081 -0.000190 -0.000004 -0.000912 -0.000332 -0.000228 0.000176 -0.000120 -0.000012 -0.000336 -0.002343 0.000224 -0.000347 -0.000035 -0.000813 -0.001262 -0.000279 -0.001224 -0.000128 0.000292 -0.000153 0.000229 -0.000321 -0.000110 -0.000178 0.000468 -0.000445 -0.000133 -0.000827 -0.000542 0.000022 0.000153 -0.001072 -0.000103 0.000013 0.000045 -0.000133 -0.000116 -0.002185 0.000234 -0.000046
-0.000110 0.000008 -0.000068 -0.000047 -0.000207 -0.000274 -0.000014 -0.000112 -0.000028 0.000156 0.000183 -0.000222 -0.000140 -0.000057 -0.000015 -0.000056 0.000240 -0.000081 -0.000119 0.000142 -0.000202 -0.000093 -0.000191 0.000100 0.000121 0.000018 -0.000214 -0.000166 -0.000200 0.000050 0.000069 -0.000173 -0.000137 -0.000094 -0.000184 -0.000200 -0.000073 -0.000057 -0.000723 0.000041 -0.000139 -0.000065 -0.000194 -0.000008 -0.000184 -0.000084 -0.000133 0.000103 -0.000210 -0.000211 -0.000052 0.000002 0.000020 -0.000068 0.000020 -0.000232 -0.000060 -0.000159 -0.000092 -0.000211 -0.000126 -0.000194 -0.000049 0.000053 -0.000094 -0.000092 -0.000193 -0.000079 0.000029 -0.000316 0.000050 -0.000096 0.000068 0.000031 -0.000117 -0.000228 -0.000061 -0.000069 -0.000227 0.000197 0.000070 -0.000129 -0.000046 -0.000165 -0.000096 0.000078 0.000026 -0.000143 0.000258 -0.000050 -0.000155 -0.000945 -0.000116 -0.000206 0.000002 -0.000037 0.000039 -0.000155 -0.000181 -0.000046 -0.000191 -0.000115 -0.000145 0.000026 -0.000194 -0.000032 -0.000199 0.000014 -0.000231 -0.000176 -0.000138 -0.000075 -0.000209 0.000195 -0.000024 -0.000058 -0.000136 -0.000131 0.000046 -0.000201 0.000006 -0.000123 0.000024 -0.000133 -0.000037 -0.000201 -0.000028 -0.000120 -0.000099 -0.000221 -0.000115 -0.000047 0.000028 0.000182 0.000092 -0.000125 -0.000018 -0.000005 0.000161 -0.000264 -0.000089 -0.000280 0.000025 -0.000039 -0.000081 -0.000125 -0.000040 0.000115 0.000101 0.000079 0.000075 -0.000017 -0.000215 -0.000093 -0.000177 -0.000233 0.000191 -0.000050 -0.000273 0.000028 -0.000034 -0.000175 -0.000016 -0.000009 -0.000074 0.000009 -0.000203 0.000037 -0.000209 0.000038 -0.000162 -0.000096 -0.000011 -0.000111 -0.000780 0.000033 0.000005 -0.000057 -0.000256 0.000021 -0.000124 0.000044 -0.000243 -0.000157 -0.000207 -0.000264 -0.000122 -0.000143 -0.000227 0.000160 -0.000132 -0.000110 -0.000245 0.000013 -0.000087 0.000098 -0.000025 -0.000073 -0.000087 0.000048 -0.000107 -0.000187 0.000001 -0.000113 -0.000104 -0.000109 0.000092 -0.000189 0.000128 -0.000152 -0.000212 -0.000045 -0.000092 -0.000110 -0.000223 0.000021 -0.000172 0.000202 -0.000160 -0.000129 -0.000126 -0.000155 -0.000024 0.000077 0.000048 -0.000963 -0.000074 -0.000265 -0.000214 -0.000170 -0.000394 -0.000180 -0.000176 -0.000074 -0.000157 0.000091 -0.000161 -0.000129 0.000058 0.000173 -0.000065 -0.000248 -0.000133 0.000039 -0.000128 -0.000135 0.000164 0.000019 -0.000192 -0.000077 -0.000136 -0.000288 -0.000174 -0.000065 0.000197 -0.000090
-0.001124 -0.000240 0.000261 0.000069 -0.003898 -0.002764 -0.000293 0.000244 0.000312 -0.000186 0.000119 -0.001454 0.000471 0.005096 0.000142 -0.001164 0.000005 0.000278 -0.000264 0.000271 0.000040 -0.002799 0.001371 -0.003226 -0.001088 -0.001152 0.000128 -0.000241 -0.000095 -0.000251 -0.000068 -0.002756 0.000186 -0.008823 0.001947 -0.003227 -0.002985 -0.000463 -0.000524 -0.000480 -0.003833 0.000299 0.000196 -0.000028 0.000829 -0.005844 -0.000201 -0.000170 0.001539 -0.000933 -0.000031 0.000048 -0.000075 0.000137 0.000062 -0.000153 -0.003339 -0.000164 -0.000457 -0.000673 -0.000047 0.000071 -0.004631 -0.004229 -0.002760 0.000005 -0.001389 -0.000969 0.000072 -0.000433 0.000362 -0.005565 0.000161 -0.000169 -0.000460 -0.000808 -0.000783 -0.001152 0.000002 -0.000213 0.000364 -0.000110 -0.000371 0.002288 -0.000980 -0.000009 0.001861 -0.001428 0.000113 -0.000267 -0.004051 -0.005315 0.000032 0.000239 -0.006244 -0.000224 0.000964 -0.001545 -0.000064 -0.000370 -0.004979 0.000234 -0.002822 0.000331 0.004778 0.000078 0.000796 0.000001 -0.001681 0.000674 -0.005625 -0.001603 -0.000714 0.000145 -0.000164 0.001088 0.000113 0.000074 -0.005538 -0.001804 0.000014 -0.006688 -0.000314 -0.001088 0.000121 -0.000073 0.002867 -0.001785 -0.003174 0.000871 -0.004596 -0.000152 0.000116 0.000051 0.000114 -0.001884 -0.000005 -0.002247 -0.002499 0.000177 -0.002132 0.000156 0.000606 -0.000621 0.000374 -0.002057 0.003208 0.001275 0.000230 -0.002785 -0.000175 -0.001959 0.000162 0.000233 -0.000275 -0.000191 0.000215 -0.000217 -0.000756 0.000035 -0.005546 -0.001715 -0.001628 0.003248 -0.003868 -0.000165 -0.001744 -0.000005 0.000129 -0.000570 -0.001671 -0.002036 -0.000268 -0.000515 -0.005858 -0.002585 0.000524 -0.000498 -0.006777 -0.000195 -0.000629 0.000122 0.000045 0.001157 -0.000763 0.002488 -0.000361 -0.000939 0.000343 0.000150 -0.000345 -0.000665 -0.001582 0.000128 -0.001628 0.000707 -0.000292 0.000126 0.000660 0.000005 -0.000411 -0.000124 0.000310 -0.001931 -0.000116 -0.004160 0.000005 -0.002256 0.000061 0.000003 0.001572 -0.000039 -0.001532 0.000082 -0.000477 0.001274 0.000344 -0.000405 -0.000916 -0.000021 0.000104 -0.006640 0.000376 -0.000033 -0.001401 -0.002943 0.000055 -0.001048 -0.000180 -0.005085 -0.004900 0.000137 0.001234 -0.000892 -0.000264 0.000026 -0.000070 -0.001354 0.000228 0.000942 -0.000746 -0.000262 0.000018 -0.002202 -0.003692 -0.000574 -0.001590 0.000212 0.000765 -0.000153 -0.000144 -0.001423 0.000029 0.001663 0.000061 0.000213
0.030774 0.000478 0.074636 0.155766 -0.247805 -0.183337 0.005966 0.000044 0.000429 -0.000245 0.000011 0.346184 -0.098054 0.001104 -0.000227 0.133897 -0.000181 0.000319 0.000224 -0.000055 0.000038 0.005557 0.012822 -0.122570 -0.074432 0.002531 -0.000055 0.003938 0.000741 -0.007841 0.138976 -0.016999 0.000197 -0.013814 0.014630 0.106202 -0.062522 0.066967 0.096329 -0.115262 0.094971 0.015501 0.000128 0.000253 -0.076555 -0.011746 -0.000480 -0.044000 0.025615 0.072500 0.000747 0.000024 -0.032775 0.000306 0.000106 -0.001546 -0.079918 0.000166 0.022663 0.046342 0.000198 0.000090 -0.093008 -0.312288 -0.117223 0.000059 -0.309734 -0.133109 -0.000168 -0.003398 0.000495 -0.075978 0.000268 -0.040659 0.033467 -0.058287 -0.038370 0.036124 -0.000242 0.000618 0.236857 -0.001268 0.001249 -0.000421 -0.374529 -0.000075 -0.017070 0.102851 -0.000073 -0.120944 -0.128298 -0.157366 -0.000141 0.000254 -0.170446 0.034971 -0.005479 -0.142736 0.071193 0.001020 -0.137869 -0.000125 -0.110365 0.001699 -0.167394 -0.044434 -0.004548 0.000103 0.192654 0.023167 -0.003810 -0.110196 -0.210731 -0.000111 -0.000070 -0.000923 -0.000063 0.000122 0.082023 -0.005062 0.007568 0.112445 0.077504 -0.004300 0.120217 0.000016 -0.004063 0.127817 -0.019776 -0.207625 -0.160669 -0.019591 -0.000068 -0.000208 -0.001358 -0.002016 0.000163 0.069351 0.046516 -0.000055 0.242611 -0.002687 -0.000119 -0.002480 -0.000373 -0.131110 0.165514 0.069411 0.000040 0.075357 -0.001537 0.000073 0.000107 -0.000248 -0.000119 -0.000981 -0.000076 -0.001652 -0.004601 -0.000116 -0.235396 0.056533 0.220777 0.078758 -0.007367 0.020908 0.438442 0.000030 -0.000127 -0.526073 -0.108382 0.012222 0.000623 -0.139771 -0.040657 -0.074073 0.001873 0.151826 -0.306168 0.017272 -0.037652 0.000237 0.000024 -0.107436 0.001064 0.044304 0.000131 -0.046619 0.000257 -0.000095 -0.012655 -0.000530 0.007497 0.000119 0.088125 0.141357 -0.097071 0.000118 -0.117011 -0.000122 -0.000049 0.000099 0.106307 0.045404 0.055303 -0.037984 0.000227 0.277867 0.000101 0.000072 -0.000053 -0.000083 -0.006403 0.000111 -0.019744 0.005459 0.000264 -0.158446 0.099473 0.001157 -0.000116 -0.096571 -0.000123 0.000224 0.021100 0.127977 0.002119 -0.001182 -0.000019 -0.195162 0.253685 -0.004051 0.114408 0.006463 0.002043 0.000323 0.000413 0.001883 0.000205 0.082104 0.069147 0.243112 0.000026 0.004331 -0.127042 0.009839 -0.106990 -0.104963 0.228612 0.032089 -0.002783 -0.075937 0.036223 -0.014089 -0.000031 -0.003051
0.241010 -0.000529 0.329988 0.151376 0.184490 0.273292 0.000696 -0.000255 -0.000130 0.000059 0.000128 0.011569 0.047536 0.043216 0.000147 0.014594 0.000044 -0.000323 0.000032 0.000066 -0.000108 -0.088390 0.006798 0.140900 0.340609 0.004052 -0.000032 0.004823 -0.000043 0.001850 0.288698 -0.151312 0.000078 0.118855 0.020586 0.024977 0.100953 0.085554 0.241047 0.271951 0.252958 0.218034 0.000168 0.000021 0.112382 -0.086339 0.000050 0.271644 0.009034 0.305966 -0.001271 0.000129 0.102572 -0.000051 0.000001 -0.000816 -0.068500 -0.000305 0.197596 0.017936 -0.000051 0.000338 0.005215 0.048322 -0.100085 0.000391 -0.136373 0.283822 0.000096 0.001975 -0.000358 -0.110531 0.000137 0.003085 0.324501 0.495989 -0.036857 0.303766 -0.000128 -0.000096 0.196815 0.017046 -0.000043 -0.000066 -0.213145 -0.000325 0.194234 0.061174 0.000136 0.161429 -0.095821 -0.149744 0.000082 -0.000085 0.171274 0.065909 0.004156 0.177330 0.180096 -0.000127 0.229701 -0.000222 -0.031865 0.000327 0.168787 -0.000090 0.009836 0.000168 -0.171621 -0.003219 -0.024951 0.134851 -0.292871 0.000170 -0.000281 0.000064 -0.000202 -0.000042 0.032697 0.006200 0.012720 0.242362 0.140112 -0.000069 0.167968 0.000006 0.002140 -0.075429 -0.091874 -0.313562 0.076495 0.121872 0.000022 0.000161 -0.307279 -0.087115 -0.000222 -0.205920 -0.053627 -0.000417 -0.029342 0.002706 -0.000674 -0.000305 0.000211 0.022710 -0.071199 0.248916 -0.000157 0.427765 -0.001142 -0.011746 -0.000070 -0.000247 -0.000327 0.000351 0.000237 0.000190 0.000111 0.000148 -0.015764 0.523529 -0.056911 0.158194 -0.197116 0.555253 0.196201 0.000018 -0.000068 -0.020562 0.515120 0.163167 0.000834 0.066073 0.121579 -0.025159 0.000187 0.315677 -0.268391 -0.000456 -0.153126 0.000130 -0.000070 0.005149 -0.000304 -0.051201 -0.000140 0.007270 0.000003 -0.000040 0.050571 -0.000353 0.005427 0.000047 -0.150310 0.265734 0.244352 0.000143 -0.154457 0.000040 -0.000002 -0.000055 0.010111 0.062262 0.020549 -0.144788 0.000182 -0.121573 -0.000016 -0.000007 -0.077230 -0.000069 0.110045 -0.000214 0.241112 -0.021914 0.000034 0.094696 0.356655 0.000029 -0.000095 0.140287 0.000095 -0.000335 -0.059718 0.147176 0.000138 0.001106 -0.000146 0.022583 0.056200 -0.002510 0.489662 -0.158792 -0.000055 -0.000053 0.000649 0.340367 0.000176 0.195005 -0.096272 0.491603 0.000112 0.001417 0.268909 -0.001452 0.672259 0.185004 0.208994 -0.038490 0.001755 0.151572 0.193786 0.169385 0.000020 -0.000022
-0.148629 -0.000245 -0.145270 0.152433 -0.227182 -0.077080 0.002886 0.000021 0.000122 -0.000129 -0.000187 0.137924 0.077112 0.030285 -0.000030 0.074005 -0.000261 -0.000042 -0.000018 -0.000205 -0.000094 -0.185407 0.027664 -0.220352 0.214231 0.009266 -0.000249 0.003347 -0.000119 0.008428 0.133337 0.088657 -0.000052 0.036613 0.000922 0.323966 -0.169220 -0.284478 -0.309626 -0.282851 -0.078370 -0.163240 -0.000258 -0.000066 0.221356 0.042885 -0.000025 0.154765 0.000909 -0.202685 -0.002806 -0.000089 0.042893 -0.000114 -0.000060 -0.001509 -0.083095 -0.000189 -0.233753 0.192661 -0.000040 -0.000174 -0.082066 -0.051764 -0.046572 -0.000042 -0.174616 -0.196011 -0.000074 -0.002049 -0.000128 -0.282338 -0.000166 0.004815 -0.048346 -0.159896 -0.167479 0.265359 -0.000199 -0.000028 -0.066621 0.013641 -0.000117 0.001143 0.144545 -0.000212 -0.075763 0.101059 -0.000097 0.011499 0.165520 -0.260379 -0.000194 -0.000062 0.141324 -0.003367 0.000286 0.025903 -0.019007 -0.002404 -0.093336 -0.000208 0.144477 0.001632 -0.172998 0.045392 0.003803 0.000060 0.102614 -0.062205 -0.014754 0.343148 -0.164050 -0.000141 -0.000128 -0.000753 -0.000061 -0.000118 -0.115700 -0.000327 -0.000060 0.238074 -0.244143 0.002506 0.262440 -0.000235 0.005522 -0.088938 -0.149528 -0.005791 0.438645 -0.098439 -0.000215 -0.000259 -0.216037 -0.032382 0.000097 -0.113280 0.038332 -0.000016 0.056162 -0.005859 -0.000077 0.002852 -0.000225 0.488773 -0.262097 0.127558 -0.000054 -0.302831 0.003693 0.015554 -0.000016 -0.000092 -0.000193 -0.001983 -0.000207 -0.001269 0.001301 -0.000029 0.038840 -0.132993 -0.010622 -0.181227 -0.084843 -0.110349 0.063517 -0.000199 -0.000057 -0.229198 -0.324341 0.077259 0.000055 -0.215050 -0.031099 -0.376509 -0.000902 0.139131 -0.426155 0.000946 -0.293040 -0.000095 -0.000001 -0.106559 0.000826 -0.080532 -0.000244 -0.026041 -0.000200 -0.000164 0.152043 -0.002157 0.004156 -0.000261 -0.294505 0.243218 -0.099780 -0.000241 0.125794 -0.000197 -0.000054 0.000723 0.018728 -0.232212 -0.075913 -0.015753 -0.000012 0.228974 -0.000084 -0.000264 0.303216 -0.000231 -0.249327 -0.000022 0.044918 0.080320 -0.000070 -0.129503 -0.067448 -0.000205 -0.000202 0.018642 -0.000115 -0.000060 -0.116259 -0.019751 -0.000110 -0.000666 -0.000025 0.253826 -0.240974 -0.005839 -0.070331 0.136445 -0.000263 0.000156 -0.000001 -0.005632 -0.000111 0.778075 0.080729 -0.153877 -0.000100 0.002637 -0.174685 -0.000212 0.052498 0.491437 -0.092359 -0.010714 0.002657 -0.058633 0.152980 0.314589 -0.000204 0.001389
-0.577054 -0.000362 -0.009948 0.146939 0.158523 -0.472505 -0.001799 0.000178 -0.000186 0.000153 0.000039 -0.305274 -0.039191 -0.051666 0.000158 -0.241000 0.000059 -0.000027 0.000076 -0.000006 -0.000060 0.339206 -0.012714 -0.126907 0.023575 0.004649 -0.000086 0.004359 0.001435 0.000342 -0.019776 0.487685 0.000148 0.097321 -0.001466 0.010353 -0.151823 -0.276644 -0.058850 -0.042722 -0.024427 0.025623 0.000023 -0.000614 -0.083537 -0.714609 0.000102 -0.193761 -0.002315 -0.211107 -0.000031 0.000009 -0.103754 0.000016 0.000085 -0.000171 0.230251 -0.000411 -0.034624 -0.794149 -0.000190 0.000033 0.250252 -0.111195 -0.171061 0.000240 -0.641945 -0.105168 0.000023 -0.004412 0.000521 -0.313599 0.000101 0.114054 -0.042109 0.277834 -0.305301 -1.011573 0.000367 -0.000188 -0.595276 -0.000092 -0.000351 -0.000933 -0.066847 -0.000044 0.646686 0.160812 -0.000150 0.004401 -0.079000 -0.674470 0.000069 0.000006 -0.086207 0.008483 0.000731 -0.193456 -0.166012 0.000958 -0.856963 -0.000406 -0.300465 0.000340 -0.172799 -0.006559 0.015539 -0.000042 -0.886468 -0.204384 0.019842 0.494492 -0.097869 0.000220 0.000010 0.000082 -0.000155 -0.000190 -0.449613 0.004036 -0.001641 0.633437 0.651459 -0.001017 -0.466275 0.000103 0.006093 -0.748434 -0.048400 -0.647921 -0.186308 -0.354494 0.000073 0.000024 -0.027451 -0.111974 0.000046 0.348595 -0.329328 -0.000019 -0.071285 -0.004625 -0.000008 -0.001550 -0.001151 0.312083 -0.321060 -0.271135 0.000198 0.047773 0.001627 0.109028 0.000099 0.000176 -0.000506 0.006361 0.000057 -0.000853 -0.000652 0.000129 -0.284421 -0.344262 -0.815382 -0.296007 -0.348123 0.140424 -0.011466 -0.000040 0.000012 0.085863 -0.261690 0.139303 -0.000532 -0.021382 0.392968 -0.165024 0.000655 0.100737 0.218023 0.003986 0.073438 0.000094 -0.000098 -0.246640 -0.000676 -0.230414 -0.000095 0.002108 -0.000450 -0.000186 0.194684 -0.000192 -0.000014 -0.000013 -0.878143 -0.157710 0.189075 -0.000010 -0.657167 0.000155 0.000169 0.000324 -0.009007 0.796211 -0.051770 -0.372241 0.000076 0.029081 -0.000113 0.000160 -0.343503 0.000039 -0.594539 0.000067 -0.513349 -0.090315 0.000487 0.082521 0.247424 -0.000149 0.000123 0.544463 -0.000002 -0.000198 0.305694 -0.181183 -0.000163 -0.000063 0.000160 -0.115133 -0.486194 -0.007264 0.115873 -0.173088 -0.000100 -0.000452 0.000010 -0.495682 -0.000141 -0.043466 0.666479 -0.579308 0.000045 0.002850 -0.264754 -0.000673 0.218625 -0.612426 0.037027 0.024197 -0.000105 -0.110530 -0.011355 0.155690 0.000085 0.002696
-0.061271 0.000479 -0.008081 0.092914 -0.047851 -0.070058 0.001793 0.000221 -0.000363 0.000169 -0.000081 -0.090526 0.043239 0.029678 0.000005 0.086738 -0.000232 -0.000324 -0.000094 0.000247 -0.000092 0.045773 0.194422 0.147234 -0.020244 -0.001029 -0.000046 0.001034 -0.000546 0.001757 0.049791 -0.027858 0.000263 0.031665 -0.007594 -0.177800 -0.034128 0.061829 -0.037420 -0.054285 -0.115678 0.022897 0.000082 0.000137 -0.061321 -0.136278 -0.000233 -0.002668 -0.008043 -0.161141 -0.000162 -0.000045 -0.004689 -0.000063 0.000228 -0.000269 0.009669 0.000042 0.048457 -0.041071 0.000088 0.000063 0.094726 -0.090993 -0.065291 -0.000309 -0.091364 -0.236159 0.000024 0.001556 -0.000143 -0.072638 0.000198 -0.008648 -0.006335 -0.033849 -0.125378 -0.136685 -0.000099 0.000018 -0.011127 -0.003986 0.000328 0.000957 -0.071844 -0.000526 0.050240 -0.061748 0.000217 -0.169031 -0.285798 0.012183 0.000033 0.000056 -0.077361 0.005042 -0.002735 -0.022643 0.021133 0.000865 -0.129088 -0.000286 -0.193586 -0.001072 -0.007752 -0.036354 0.001652 -0.000110 -0.076939 0.068549 -0.003552 -0.127953 -0.012907 0.000119 0.000125 -0.001066 0.000293 -0.000008 -0.111238 -0.002916 0.012888 -0.111389 0.004697 0.001974 -0.071609 -0.000023 -0.005639 -0.178537 -0.006299 -0.093649 0.166038 0.008079 -0.000105 -0.000078 0.008533 -0.096687 0.000016 -0.012408 -0.006854 0.000160 0.043969 -0.000066 -0.000532 -0.000601 -0.000338 -0.161418 -0.052932 0.080407 -0.000023 -0.002397 -0.001387 0.005690 0.000037 -0.000109 -0.000302 0.007666 -0.000035 -0.000300 0.001308 0.000070 0.165904 0.051991 -0.014104 0.008934 -0.031683 -0.106580 0.096344 0.000037 -0.000124 -0.057266 0.115124 -0.005746 -0.000970 0.047002 -0.058947 -0.029047 0.001166 0.101468 -0.316499 -0.001672 0.091849 0.000074 0.000083 0.020072 -0.000298 0.000682 0.000037 -0.042609 -0.000528 0.000091 0.013589 -0.000612 -0.001965 0.000165 -0.053946 -0.034952 -0.102761 0.000116 -0.143056 0.000130 0.000130 0.000096 0.030616 -0.196037 -0.023921 -0.127020 0.000007 0.002223 0.000096 0.000026 0.187008 -0.000157 0.043526 0.000115 0.088118 -0.087793 0.000172 0.049202 -0.035677 -0.001106 -0.000089 -0.102905 -0.000080 0.000082 -0.057321 -0.113445 -0.000134 -0.000383 -0.000290 -0.053036 0.184207 -0.002863 -0.014955 -0.004012 -0.000156 0.000983 -0.000201 -0.145549 0.000085 0.002620 -0.005369 -0.026217 0.000014 -0.004349 -0.016915 0.003309 -0.010813 0.054528 0.080708 0.001044 0.000811 0.113891 0.021118 -0.010238 -0.000120 0.000061
-0.043185 -0.000525 -0.046693 0.007696 0.004665 -0.009330 0.000012 -0.000083 -0.000003 -0.000129 -0.000240 0.006863 -0.015122 0.037116 -0.000037 -0.030840 0.000095 -0.000591 0.000091 0.000186 -0.000235 -0.032698 0.023072 -0.059564 -0.155271 0.004874 0.000121 0.000480 -0.000015 -0.000084 0.042124 -0.203851 0.000145 -0.077108 0.000073 -0.047423 -0.158867 -0.045213 -0.057816 0.027564 -0.144807 0.026910 -0.000140 0.000248 -0.087012 -0.041211 0.000112 0.047973 0.004035 0.049339 -0.000230 0.000205 0.019375 0.000225 0.000040 -0.001586 0.000891 -0.000233 -0.240016 0.055960 -0.000023 0.000012 -0.107679 -0.040657 -0.092834 0.000030 -0.181436 -0.179445 -0.000067 0.001936 -0.000017 -0.003250 0.000091 -0.027396 0.043300 -0.055949 -0.096058 -0.036674 -0.000314 -0.000248 -0.025937 0.008478 -0.000076 0.000597 -0.057197 -0.000521 -0.081450 -0.143495 0.000502 -0.184723 -0.095244 -0.134213 0.000192 0.000259 -0.168025 0.030579 0.000661 0.013657 -0.064768 -0.000310 -0.117865 -0.000150 -0.096256 0.000080 -0.145606 -0.016608 0.000803 0.000150 -0.015095 -0.011215 -0.002163 -0.055933 -0.089441 -0.000031 -0.000586 0.002187 -0.000032 -0.000056 -0.030703 -0.000327 -0.002917 -0.144755 -0.003614 0.000510 0.088129 0.000017 0.002720 -0.228279 -0.051715 -0.073290 0.019704 0.109130 -0.000145 -0.000190 0.010989 -0.132612 -0.000154 0.036529 -0.086087 -0.000173 0.131674 -0.000750 0.000274 0.000551 -0.000527 -0.066388 -0.111651 -0.040431 0.000043 0.010418 0.000705 0.036963 0.000054 -0.000082 0.000089 0.001107 -0.000070 -0.000197 -0.000365 -0.000263 -0.190458 0.006394 -0.062978 -0.099035 -0.038755 -0.084253 0.065836 0.000231 -0.000209 -0.205850 0.009921 0.005198 0.000010 -0.081173 -0.108956 0.027600 0.000635 -0.060214 -0.219219 -0.001566 -0.143423 -0.000125 0.000153 0.092227 -0.000431 -0.030651 -0.000155 0.110665 0.000152 0.000045 0.013493 0.000857 -0.000790 0.000551 -0.012486 0.004464 -0.080731 -0.000026 -0.108712 -0.000006 0.000590 -0.000110 0.043613 -0.065948 0.065762 0.021745 0.000058 -0.012551 -0.000025 -0.000056 0.030991 0.000079 0.083856 0.000204 -0.113279 0.009357 0.000193 -0.114185 0.050116 -0.000960 -0.000155 -0.099896 -0.000042 -0.000345 -0.051053 -0.122121 0.000029 0.000844 0.000199 -0.069046 -0.091808 0.004342 -0.046456 0.021113 0.000103 -0.000034 0.000216 -0.179714 -0.000025 -0.081390 -0.058566 0.013596 0.000221 -0.001259 -0.127211 -0.000727 -0.076358 -0.089987 0.049788 0.020695 -0.002642 -0.091090 0.012518 -0.049884 0.000187 -0.000041
0.180979 -0.000353 0.071356 -0.015096 -0.248189 -0.028034 0.000449 0.000083 -0.000058 0.000067 0.000147 -0.178363 -0.037122 0.022331 -0.000241 -0.162743 -0.000066 -0.000750 0.000419 0.000181 0.000079 -0.231607 0.024989 -0.024135 -0.054668 0.003903 -0.000099 0.004070 0.000227 0.011203 -0.028378 0.077307 0.000129 -0.047526 0.005287 -0.001247 -0.022850 -0.010998 -0.033224 -0.131419 -0.036855 0.041964 0.000210 0.000231 -0.010554 0.028202 -0.000062 0.184072 0.001046 -0.334488 0.000652 0.000147 -0.036257 0.000094 0.000171 0.000513 0.044976 0.000158 0.079293 0.064637 0.000694 -0.000118 -0.088167 -0.027300 0.019283 -0.000029 -0.014131 0.071437 0.000026 0.000766 -0.000037 -0.146207 0.000042 0.049759 0.406266 -0.216111 -0.031739 -0.166539 -0.000495 0.000081 0.120514 0.000810 -0.000029 -0.003582 -0.049535 -0.000334 -0.040317 -0.031005 0.000211 -0.222280 -0.253399 -0.080502 -0.000244 0.000226 -0.119634 -0.007177 0.001074 -0.257506 0.004886 -0.001702 0.094602 0.000045 -0.094914 0.000282 -0.249845 0.010044 0.000113 0.000094 -0.089790 -0.008164 0.027739 0.022955 -0.095125 0.000392 0.000202 0.000299 -0.000081 0.000041 -0.056902 -0.002787 -0.000147 0.070167 -0.089605 -0.003371 -0.094615 -0.000039 -0.000115 -0.279434 0.004639 -0.153108 -0.100959 -0.156561 0.000257 0.000187 0.021906 -0.040220 0.000024 0.019756 0.117402 0.000193 -0.024984 -0.001808 0.000185 -0.002861 0.000314 -0.284921 0.029376 0.025935 0.000142 -0.027810 0.002297 -0.005850 -0.000087 -0.000153 0.000146 0.009211 0.000045 0.000787 -0.000351 0.000132 -0.181268 0.235344 0.056033 -0.018055 -0.074371 -0.034800 -0.084112 0.000113 -0.000168 -0.116816 0.037384 0.003195 -0.000516 -0.030777 -0.092344 0.003799 -0.000818 0.308853 -0.288911 0.000407 -0.031922 0.000063 0.000139 -0.034531 -0.000587 -0.162900 0.000350 0.022242 0.000245 -0.000116 -0.013789 0.000847 0.000394 -0.000032 -0.067772 -0.012878 -0.115692 0.000176 0.037199 0.000109 0.000353 -0.000369 0.000788 -0.123162 0.030032 -0.087025 0.000172 0.047099 -0.000111 0.000001 0.065230 -0.000038 -0.073956 0.000208 0.037005 0.049826 0.000229 -0.068901 -0.085654 0.001370 -0.000091 -0.125354 0.000120 0.000227 0.020783 0.063796 0.000176 -0.000300 0.000073 0.127815 0.027266 0.009427 0.050493 -0.020055 -0.000099 -0.000017 0.000330 -0.327631 0.000069 0.068693 0.047768 -0.005979 0.000087 -0.001540 -0.089036 0.003895 -0.247033 0.036690 0.071094 -0.004397 0.002035 -0.124705 -0.024560 0.053764 -0.000070 -0.000236
-0.002037 -0.000218 -0.000684 0.001468 -0.001736 -0.002494 -0.000085 -0.000251 -0.000099 0.000089 0.000216 0.000127 -0.000013 0.001188 0.000005 0.000816 0.000204 -0.000015 0.000230 0.000004 -0.000123 0.002130 -0.000145 -0.004664 0.001180 -0.001395 -0.000164 -0.000001 0.000268 -0.000521 0.000025 -0.002706 0.000242 -0.001767 0.002629 0.000483 -0.001694 -0.002656 -0.000705 -0.000479 -0.001835 -0.000087 0.000030 0.000079 -0.001143 -0.001540 0.000029 -0.000387 0.000768 -0.002777 -0.000178 0.000155 -0.000315 -0.000046 0.000117 -0.000280 -0.000074 -0.000076 -0.000761 -0.000199 -0.000003 -0.000174 -0.002044 -0.001350 -0.002010 0.000230 -0.001337 -0.000843 -0.000271 -0.001569 0.000311 -0.003521 0.000355 -0.001365 0.004581 0.000045 0.003201 -0.002540 0.000184 0.000318 -0.005694 -0.002521 -0.000105 -0.000104 -0.001455 -0.000238 0.001285 -0.004449 0.000303 0.003304 -0.008274 -0.002397 0.000005 0.000044 -0.000733 -0.000280 -0.000678 -0.000781 -0.001899 0.000231 -0.003466 0.000394 0.000933 0.000298 0.002189 -0.002532 -0.001341 -0.000258 -0.002205 -0.000639 -0.001313 0.001919 -0.002803 0.000134 0.000388 0.001492 -0.000004 -0.000121 -0.005464 0.000735 0.000159 -0.001457 0.006608 0.000091 -0.000799 0.000078 0.001060 -0.000765 -0.005811 -0.002158 -0.003031 -0.000755 0.000172 0.000012 -0.000455 0.000727 -0.000223 -0.000973 0.001487 -0.000180 -0.003843 -0.000455 -0.000276 -0.000079 0.000147 -0.003218 -0.002326 -0.010966 0.000091 -0.000697 -0.001178 -0.001914 -0.000293 -0.000210 -0.000505 -0.000389 0.000264 -0.000881 -0.000115 0.000058 -0.003127 -0.000364 -0.000169 -0.003235 -0.001520 -0.000724 -0.000511 -0.000113 -0.000009 -0.000544 0.000167 0.003746 0.000230 -0.001392 -0.003874 0.000936 0.000064 0.000203 -0.007299 0.000076 -0.003329 0.000249 -0.000012 -0.002564 0.000364 -0.004472 0.000066 -0.000583 0.000005 -0.000099 -0.003317 -0.000319 -0.002350 0.000259 0.000392 0.000134 -0.002616 0.000018 0.003055 0.000203 0.000400 -0.000248 -0.000006 -0.000295 0.000093 -0.004616 0.000121 -0.000623 0.000058 -0.000121 0.001017 0.000060 -0.000185 0.000189 -0.000917 -0.001373 0.000111 -0.002457 -0.000350 -0.000103 -0.000150 -0.001549 0.000041 -0.000088 -0.001119 -0.000709 0.000112 -0.000963 0.000137 0.001590 -0.001110 -0.000697 -0.000682 0.003688 -0.000022 -0.000027 0.000162 -0.001849 0.000152 0.000687 0.000110 -0.000197 0.000162 -0.001755 -0.001070 0.000353 0.000597 -0.000232 -0.000216 -0.001785 -0.001242 -0.001509 0.000329 -0.000150 0.000179 -0.000141
-0.001972 0.000000 -0.000651 0.000830 -0.005392 -0.002111 -0.000001 -0.000075 -0.000125 -0.000207 -0.000137 -0.002062 0.002473 0.001954 0.000148 -0.001633 -0.000035 -0.000130 -0.000112 -0.000064 -0.000262 -0.000979 -0.003112 0.000647 -0.000692 0.000614 -0.000220 -0.000041 -0.000128 -0.001207 -0.000069 -0.003971 0.000150 -0.001696 0.001468 -0.001249 -0.002329 -0.003716 -0.000984 0.000004 -0.001580 -0.000096 -0.000223 -0.000234 -0.001906 -0.003839 -0.000080 -0.000245 0.002336 -0.001093 -0.000159 -0.000074 -0.002770 0.000115 -0.000225 -0.000582 -0.000310 -0.000000 0.000056 0.002439 -0.000191 -0.000021 -0.000962 0.001277 -0.001102 -0.000098 -0.001712 -0.000699 -0.000242 -0.001062 -0.000121 -0.000503 -0.000164 0.001229 -0.001270 -0.000001 -0.000189 -0.003746 -0.000017 0.000256 -0.002805 -0.000394 -0.000214 -0.000052 -0.000324 -0.000138 0.000840 -0.005030 -0.000172 -0.003892 -0.002855 -0.002669 -0.000044 -0.000164 -0.003070 -0.000248 0.000008 -0.001286 0.000002 -0.000092 0.002183 -0.000035 -0.002169 -0.000214 -0.000816 -0.004191 -0.000081 -0.000046 -0.002178 -0.000347 -0.003719 -0.003983 -0.000442 -0.000093 -0.000180 -0.001482 -0.000262 -0.000149 -0.001493 0.000210 -0.000074 -0.002419 -0.001746 0.000174 -0.001685 -0.000256 0.001261 -0.002678 -0.004007 -0.005218 -0.002142 0.001967 -0.000009 -0.000201 -0.001232 -0.003760 -0.000233 -0.000764 0.002422 -0.000174 -0.002151 0.001677 -0.000085 -0.000120 -0.000039 -0.001116 0.001035 -0.001469 -0.000056 -0.000068 0.001219 0.001611 -0.000246 -0.000204 -0.000163 -0.000722 -0.000120 -0.000004 -0.000261 -0.000112 -0.003316 -0.001329 0.004220 -0.002240 -0.004770 -0.000313 0.000977 -0.000216 -0.000152 -0.002486 -0.002584 0.003013 -0.000205 0.004072 -0.003575 -0.001730 -0.000157 -0.001076 -0.004683 0.000002 -0.004021 -0.000057 -0.000113 -0.001857 -0.000917 0.001452 -0.000030 0.001551 -0.000180 -0.000225 -0.002327 -0.000258 0.000832 -0.000008 0.000212 -0.000506 -0.003568 -0.000057 0.002437 -0.000002 -0.000024 0.000054 -0.000261 -0.001075 -0.001412 -0.003921 -0.000084 0.000025 -0.000161 -0.000226 -0.001511 -0.000171 -0.002100 -0.000257 0.002254 -0.000235 -0.000010 -0.003824 -0.001026 -0.000153 -0.000239 0.000573 -0.000154 0.000154 0.000369 -0.002835 -0.000073 -0.000159 -0.000124 -0.000524 0.000883 -0.000396 -0.000190 -0.000067 -0.000034 -0.000258 -0.000039 -0.000101 -0.000167 0.000003 0.000217 -0.001138 -0.000123 -0.002350 -0.004101 -0.000144 -0.001236 0.005826 -0.001062 0.000585 0.001167 -0.001647 0.000774 -0.001072 -0.000243 -0.000091
0.314000 -0.000082 0.235467 -0.022298 -0.036133 0.037121 0.000180 0.000145 0.000039 0.000461 0.000219 -0.226552 0.024120 -0.001072 0.000168 0.104701 0.000122 -0.000121 -0.000055 0.000222 0.000235 -0.317152 0.021791 0.079036 0.244900 -0.009107 0.000103 0.001195 -0.000278 0.003442 0.008241 0.041556 0.000015 0.071935 -0.002381 -0.261047 0.165487 0.377194 0.134532 -0.164684 -0.311528 0.384114 0.000224 0.000265 -0.011101 -0.130755 -0.000178 0.040032 -0.002315 -0.185989 0.000748 0.000242 0.131573 0.000103 0.000234 -0.000008 0.250649 -0.000026 -0.437073 0.449044 0.000119 0.000004 -0.076923 0.045129 -0.089078 -0.000099 -0.082420 -0.068810 0.000020 0.002893 -0.000375 -0.259045 0.000090 0.017768 0.092574 0.096307 0.053764 -0.137083 0.000012 0.001189 0.151722 -0.008084 -0.000090 -0.000194 -0.075116 0.000020 0.084200 -0.038723 0.000052 -0.326404 -0.049287 -0.087932 0.000087 0.000168 -0.071332 -0.002224 0.001036 0.507055 -0.019747 0.001434 0.191073 -0.000027 0.132967 -0.000327 0.178465 -0.003980 0.006960 0.000019 -0.024627 0.222824 -0.001337 0.256543 -0.332463 0.000169 -0.000236 0.000091 -0.000097 0.000056 -0.350421 0.000825 0.010813 -0.141157 0.135665 -0.000054 -0.042117 0.000163 0.003418 -0.056119 -0.087182 -0.166497 -0.219126 -0.071283 0.000149 0.000226 0.008585 -0.209108 0.000050 -0.054003 0.213045 0.000033 -0.133672 -0.006314 0.000054 -0.001285 0.000300 -0.126821 -0.203782 0.090155 0.000160 -0.036709 0.002186 0.009588 0.000151 0.000075 -0.000156 -0.000909 0.000254 0.000247 0.000009 0.000168 0.005036 -0.213780 -0.032566 0.046930 -0.063577 0.653811 0.049236 0.000006 0.000031 -0.107657 -0.070220 0.188241 -0.000229 0.258688 0.138237 0.025130 -0.000556 0.180753 -0.511067 -0.005256 -0.122379 0.000039 -0.000162 -0.078111 -0.000575 -0.131622 -0.000152 0.000196 0.000386 -0.000150 0.043107 -0.000667 -0.002590 0.000023 -0.262800 0.841565 0.067521 0.000003 -0.187343 0.000114 0.000173 -0.000003 0.010744 -0.132376 -0.015436 -0.096414 0.000098 0.315337 0.000034 0.000131 -0.182035 -0.000130 0.135837 0.000132 -0.141033 -0.000127 -0.000079 0.008428 0.326311 0.001148 -0.000037 -0.103544 0.000106 -0.000226 0.133058 0.108292 0.000471 -0.000748 -0.000084 0.211734 -0.127691 -0.004174 -0.098362 0.042160 0.000258 0.000093 0.000033 -0.209289 0.000042 -0.106716 -0.333640 -0.007183 0.000117 0.007824 0.069122 -0.000496 0.796459 0.199685 -0.144395 -0.009501 0.000659 -0.076047 0.061623 -0.053792 0.000177 -0.000080
0.287296 -0.000009 0.291725 0.082758 -0.108927 0.145605 0.001025 -0.000149 0.000167 -0.000226 -0.000169 -0.161125 0.303744 0.048862 -0.000002 0.105026 0.000243 -0.000228 -0.000338 0.000190 -0.000093 0.305158 0.064272 0.176355 0.145321 -0.000125 -0.000098 0.000968 -0.000043 -0.003394 0.346878 0.057949 -0.000251 0.066162 -0.015952 -0.031405 0.025858 0.009640 0.150521 0.232000 -0.275824 0.173130 -0.000166 -0.000184 -0.042275 -0.144693 -0.000146 0.263585 -0.000114 0.129627 -0.000513 -0.000248 -0.112061 -0.000209 -0.000183 -0.001076 -0.035889 -0.000210 -0.126131 -0.167806 -0.000465 -0.000216 -0.168476 -0.220363 -0.088989 -0.000239 0.016981 0.051912 -0.000228 -0.000121 0.000543 0.021124 0.000115 0.001333 0.241866 0.140381 -0.028192 0.162429 -0.000114 0.002766 0.227573 -0.000072 0.000187 0.001735 -0.157988 -0.000149 0.209816 0.150363 0.000011 0.005027 0.230890 -0.371929 -0.000163 -0.000217 -0.041581 -0.011320 -0.011557 0.030308 0.132726 -0.000908 -0.040379 0.001956 0.059606 0.002793 0.209029 0.057288 0.003929 -0.000132 -0.243796 0.023839 0.046382 0.280334 -0.226288 0.000022 -0.000513 -0.000917 0.000090 0.000246 0.108610 -0.002430 -0.003648 -0.018630 0.132483 -0.000678 0.021877 0.000066 -0.005799 -0.257450 -0.008478 0.024459 -0.363778 0.082128 -0.000080 0.000006 -0.137107 0.121425 0.000166 0.220365 0.029209 -0.000005 0.197681 0.000462 -0.000135 0.002270 -0.000333 0.088265 -0.206144 0.323467 -0.000222 0.149909 0.003926 -0.006792 0.000507 -0.000048 -0.001399 -0.005526 0.000215 0.000231 0.001514 -0.000029 -0.164050 -0.298802 0.048813 -0.266614 -0.197069 -0.084241 0.031493 -0.000267 -0.000160 0.110976 0.093505 -0.152637 0.002169 0.022115 0.105894 -0.096574 -0.001164 -0.004748 -0.293552 -0.001199 0.235662 0.000169 -0.000145 0.036580 -0.000121 0.222996 0.000189 0.008518 -0.000085 0.000158 -0.027213 0.002500 0.007253 0.000097 -0.130863 -0.005994 -0.156724 0.000173 0.039819 -0.000107 -0.000149 0.000311 0.033667 0.131660 0.099819 -0.271481 0.000285 0.099282 -0.000177 -0.000156 0.223924 -0.000065 0.411968 -0.000051 -0.121906 0.041722 -0.000292 0.033052 0.085180 0.002083 -0.000204 -0.030824 0.000086 -0.000126 0.049673 0.105365 0.000080 0.000581 -0.000186 -0.089278 -0.018277 0.005194 0.170857 0.119460 -0.000265 0.000268 -0.000238 0.289378 0.000156 -0.146742 0.400401 0.331015 -0.000109 0.002169 0.000877 -0.001426 0.152590 -0.091413 0.492326 0.028584 -0.001274 0.260777 -0.148923 0.044537 -0.000130 0.000475
-0.000983 0.000232 -0.000628 -0.000823 -0.000347 -0.001414 -0.000424 -0.000064 -0.000227 -0.000266 -0.000003 0.000486 0.000963 -0.000581 0.000064 0.000189 -0.000180 0.000817 -0.000000 0.000206 -0.000124 -0.000024 -0.000605 0.001441 -0.000440 -0.001717 -0.000051 -0.000421 -0.000144 -0.000054 -0.000603 -0.001092 -0.000233 -0.001019 -0.000814 -0.001187 -0.001382 -0.001001 -0.001140 -0.000214 -0.001816 -0.000112 -0.000120 -0.000256 0.000473 -0.003137 -0.000069 -0.000106 -0.000218 -0.000692 -0.000598 -0.000072 -0.001088 -0.000158 -0.000216 -0.001215 -0.001173 -0.000259 -0.001343 -0.000136 -0.000077 -0.000234 -0.000606 -0.000371 -0.000844 -0.000115 -0.000301 0.000564 -0.000181 -0.000660 -0.000142 -0.001350 -0.000064 -0.000071 -0.001026 -0.000413 -0.000088 -0.001548 -0.000161 0.000049 0.001169 -0.000210 -0.000096 0.001135 -0.001196 -0.000093 -0.001121 -0.000756 -0.000045 0.000011 -0.000766 -0.001269 -0.000264 -0.000122 -0.000684 -0.001070 -0.001579 0.000168 -0.001833 -0.000365 -0.001879 -0.000250 -0.000521 -0.000387 -0.000385 -0.000960 -0.000092 -0.000107 -0.002818 -0.001958 -0.001184 -0.000506 -0.000941 -0.000001 -0.000075 -0.000830 -0.000129 -0.000067 -0.000886 0.001236 0.000280 -0.001803 -0.000269 -0.001228 0.002029 -0.000124 -0.000101 -0.000482 -0.001031 -0.002167 -0.001030 0.000873 -0.000045 -0.000095 -0.000284 -0.001720 -0.000027 -0.000228 -0.000027 -0.000032 -0.000905 -0.000727 -0.000204 0.000258 -0.000555 0.001038 -0.001616 0.001165 -0.000067 -0.000850 0.000087 -0.000260 0.000316 -0.000082 -0.000013 -0.001003 -0.000118 -0.000482 -0.000642 -0.000034 -0.001062 -0.000247 0.000616 -0.000924 -0.001396 0.000245 -0.000968 -0.000043 -0.000206 -0.002239 -0.000220 0.000086 -0.000666 0.000317 -0.000936 0.001477 -0.000164 -0.001600 -0.003152 -0.000265 -0.001147 -0.000185 -0.000113 -0.000588 0.000533 -0.000562 0.000138 -0.000024 -0.000207 0.000013 -0.000826 0.001666 -0.000217 -0.000107 -0.000673 -0.000156 -0.000134 -0.000054 -0.000270 -0.000240 -0.000717 0.000183 -0.000240 -0.001377 -0.000260 -0.001780 -0.000043 -0.000025 -0.000050 -0.000243 -0.000226 -0.000047 -0.000504 -0.000238 0.000365 -0.000324 -0.000230 -0.001161 0.000561 0.000528 -0.000262 -0.000569 -0.000235 -0.000078 0.000235 -0.001017 -0.000094 -0.000839 -0.000044 0.000859 0.001343 -0.000082 0.000406 -0.001296 -0.000064 -0.000186 -0.000186 -0.001342 -0.000004 -0.000021 -0.002580 -0.001825 -0.000144 0.002581 -0.000748 -0.000042 -0.000240 -0.000152 0.000132 0.000045 -0.000011 0.000789 -0.000149 -0.000908 -0.000160 -0.000241
-0.011819 0.000600 0.261937 0.014213 0.066759 0.041057 0.002651 -0.000153 0.000129 -0.000028 -0.000044 -0.097039 0.130673 0.043850 -0.000032 0.166332 0.000002 -0.000174 0.000153 0.000038 0.000342 0.070385 0.013578 -0.081001 0.104044 -0.000755 0.000058 0.000978 0.000403 -0.001608 0.170933 -0.097509 -0.000253 -0.137594 -0.008449 -0.232254 -0.084403 -0.078199 0.241689 0.237620 -0.092335 -0.073630 -0.000019 -0.000024 0.170128 -0.066598 0.000383 0.482020 0.000519 0.125217 -0.000069 -0.000082 0.029088 0.000013 -0.000003 -0.001838 0.069968 -0.000054 -0.093005 0.023019 0.000595 -0.000707 0.489733 0.311943 0.006957 -0.000091 0.074374 -0.050455 -0.000070 -0.001372 -0.000098 -0.218012 0.000287 -0.001306 0.210992 -0.072156 0.524600 0.261421 -0.000470 -0.000120 0.238949 0.005404 0.000376 -0.001228 -0.585439 0.000184 0.288104 -0.006377 -0.000451 -0.144366 0.114925 -0.455877 -0.000083 -0.000047 0.168793 -0.041590 -0.004360 -0.130316 0.062777 -0.002287 -0.130612 0.000199 -0.016713 -0.001565 -0.022058 -0.015433 0.004477 -0.000107 -0.285357 0.188595 0.021881 0.223792 0.132083 0.000010 -0.000295 0.000235 0.000129 -0.000200 0.056776 0.001040 -0.000501 0.418838 0.170205 0.003895 0.097841 -0.000287 -0.000409 -0.081834 -0.001506 0.084398 0.344345 -0.120776 -0.000068 -0.000234 -0.055550 0.084861 -0.000001 -0.047097 0.078039 -0.000029 -0.043502 -0.002961 -0.000468 -0.000692 0.000168 0.150511 -0.187113 -0.194987 -0.000262 0.054006 0.004357 0.061291 -0.000285 0.000135 0.000062 -0.001980 -0.000017 -0.001226 0.000689 -0.000208 0.466149 0.001036 -0.082275 0.357738 -0.113651 -0.055793 -0.093762 -0.000086 -0.000163 0.130533 0.350455 -0.070574 0.000168 0.218192 0.002723 0.224020 -0.000344 -0.147220 -0.166381 0.006373 0.500877 0.000177 -0.000052 -0.130008 0.000289 -0.031946 -0.000158 -0.005229 0.000432 0.000158 0.109638 0.000265 0.010261 -0.000242 -0.138016 0.203546 -0.119388 -0.000193 -0.005629 0.000199 -0.000343 -0.000257 -0.003786 0.063145 0.081760 -0.128935 -0.000232 0.051176 -0.000131 -0.000199 0.234974 0.000001 0.241581 -0.000072 -0.208981 0.113939 -0.000059 0.185206 -0.026155 -0.000165 -0.000114 -0.026063 0.000239 0.000256 0.011762 0.262043 0.000235 0.000838 0.000627 -0.150879 0.216169 0.000218 0.026700 0.251321 0.000841 0.001521 -0.000345 -0.002211 -0.000102 0.037482 -0.170153 -0.027893 -0.000170 -0.003005 -0.232163 -0.001370 0.205048 0.337674 0.343178 0.031302 -0.004127 0.240958 -0.068319 0.089906 -0.000196 0.000436
0.034494 -0.000377 0.046466 -0.147280 -0.162134 -0.008326 0.000520 -0.000116 -0.000039 0.000123 -0.000065 -0.119285 -0.016710 0.016040 -0.000165 0.094349 -0.000079 0.000580 -0.000055 0.000110 -0.000096 0.145245 0.019840 0.089915 0.239454 -0.000398 -0.000088 0.000629 0.000360 0.002183 -0.054358 -0.104107 0.000229 0.066603 0.003642 -0.075317 -0.205877 0.128653 0.009054 0.003696 -0.103207 0.001265 0.000251 0.000075 0.059874 -0.065050 -0.000169 0.019831 -0.000006 -0.057783 0.000266 0.000182 0.013432 0.000025 0.000131 -0.000053 -0.007299 -0.000064 0.067965 0.063744 0.000765 0.000145 0.021625 -0.119899 -0.037539 -0.000207 -0.029433 0.020878 -0.000016 -0.001266 0.000195 -0.209165 0.000037 0.068388 0.045932 0.044663 0.009737 0.043224 -0.000208 0.000590 -0.006559 0.004586 0.000941 -0.000049 -0.259514 -0.000222 0.043633 -0.093193 -0.000038 -0.180540 -0.108853 -0.095385 -0.000263 -0.000030 -0.149499 0.058946 -0.000256 0.090363 -0.019920 0.000501 -0.044729 -0.000016 -0.051209 -0.000632 -0.122584 0.009684 0.000619 0.000049 0.027728 -0.064577 0.038935 0.024490 -0.036254 0.000003 0.000334 -0.000769 -0.000064 0.000046 -0.216729 0.001647 0.012053 -0.098267 0.297527 0.000261 -0.008836 0.000231 0.004345 -0.313783 -0.035939 -0.284410 0.175203 0.052385 0.000018 0.000094 0.122355 -0.097686 0.000180 -0.098256 -0.134699 0.000036 -0.207613 -0.002768 -0.000225 -0.001788 -0.000799 -0.000399 -0.205447 0.101379 0.000168 -0.020651 0.002364 0.006685 -0.000105 0.000080 0.000413 0.003288 -0.000005 -0.000651 -0.001436 0.000189 -0.026409 -0.010620 0.009730 0.071271 -0.055443 -0.016480 -0.114907 -0.000117 -0.000137 -0.226886 0.031072 -0.014529 -0.000515 0.194695 -0.039998 0.041046 0.000398 -0.144960 -0.267578 -0.002193 -0.034070 0.000133 -0.000217 0.138609 0.001880 -0.187496 -0.000172 0.005279 -0.000039 -0.000051 0.017212 0.000359 0.003569 -0.000081 -0.079769 0.040297 -0.185813 0.000200 -0.115851 0.000222 -0.000830 -0.000260 -0.005584 -0.108911 -0.071051 -0.201194 0.000049 0.002046 -0.000036 0.000180 -0.039647 0.000092 -0.063898 -0.000180 -0.137128 -0.008723 0.000196 -0.025252 0.078192 0.001545 -0.000005 0.010871 -0.000032 0.000321 0.125734 -0.136899 0.001512 -0.000062 -0.000011 0.184758 -0.046317 -0.000088 0.053666 -0.186483 0.000168 -0.000178 0.000512 -0.085282 0.000108 0.005468 -0.172069 0.115210 0.000141 -0.000992 -0.088074 -0.000773 0.055270 0.062516 0.091113 0.014865 0.001539 -0.033077 -0.223391 0.023064 -0.000294 0.000158
-0.001333 0.000093 -0.002062 -0.000611 0.001069 -0.001149 -0.000190 0.000043 -0.000152 -0.000030 0.000058 -0.002310 -0.000980 -0.003460 0.000151 -0.001719 -0.000022 -0.000135 -0.000126 -0.000055 0.000052 -0.002248 -0.000476 0.000944 0.001871 -0.000311 0.000026 0.000106 -0.000144 0.000055 -0.000641 -0.001264 0.000232 -0.000777 -0.001506 -0.002028 -0.000847 -0.002372 -0.001511 -0.001337 0.001542 -0.000233 0.000256 0.000152 -0.001256 -0.000214 0.000029 -0.000098 0.000056 -0.000279 -0.000101 0.000101 -0.000699 0.000181 0.000240 -0.000231 -0.000025 -0.000061 -0.003262 -0.000144 0.000131 0.000063 -0.000870 -0.001533 -0.001783 0.000087 -0.002613 -0.003764 -0.000092 -0.000095 0.000007 -0.002671 0.000109 0.001132 0.001317 -0.000033 0.000094 -0.003892 -0.000121 0.000118 0.000110 0.000092 -0.000069 -0.000078 -0.001609 0.000041 -0.000809 -0.001771 0.000092 -0.002675 -0.001902 -0.003408 -0.000001 0.000268 -0.002820 -0.000095 -0.000396 -0.000947 0.002408 -0.000082 0.000168 -0.000119 -0.002115 0.000881 -0.003213 -0.000131 0.000425 0.000151 -0.004027 0.001449 0.000406 -0.000301 -0.002221 -0.000102 -0.000099 -0.000627 -0.000037 0.000059 0.000171 0.001256 -0.000112 0.000669 -0.001358 -0.001324 0.000554 -0.000081 0.000296 -0.003058 -0.003172 -0.005978 -0.000652 0.002005 0.000094 0.000248 0.000198 0.000047 0.000144 -0.000096 -0.001042 0.000036 -0.001089 -0.000813 -0.000203 -0.000016 -0.000139 -0.000364 -0.001596 0.000166 0.000001 0.000513 0.000119 -0.001067 -0.000000 0.000076 0.000111 -0.001563 0.000127 0.000228 -0.000093 0.000042 -0.001995 -0.002502 -0.001457 0.000122 -0.001539 0.001438 -0.001017 0.000081 0.000103 -0.003602 0.001032 -0.000029 0.000219 -0.000289 -0.002241 0.000548 0.000046 -0.000980 -0.004274 -0.001602 -0.000044 0.000061 0.000068 0.000601 -0.000269 -0.000174 0.000013 0.003453 0.000320 0.000067 -0.000318 -0.000210 -0.000179 0.000220 -0.006371 0.000056 -0.003053 0.000001 -0.001374 -0.000104 0.000954 0.000081 -0.000112 -0.000052 -0.001264 -0.001699 0.000167 -0.001923 0.000094 -0.000113 0.001104 -0.000111 -0.000444 0.000112 -0.000686 0.001683 0.000005 0.001377 -0.000248 0.000081 -0.000143 -0.001939 -0.000026 0.000248 0.001883 -0.001907 0.000077 -0.000175 0.000000 -0.001552 -0.001617 0.000217 -0.001695 -0.002494 0.000036 -0.000193 -0.000072 -0.003672 0.000015 -0.002403 -0.002098 0.001020 0.000039 -0.000024 -0.001695 -0.000202 0.000585 -0.000052 -0.000687 0.000096 -0.001609 -0.000984 0.003845 -0.000370 0.000002 -0.000116
-0.000611 -0.000238 0.000621 -0.000736 -0.002114 -0.000130 -0.000884 -0.000022 -0.000385 -0.000025 -0.000052 -0.002066 -0.000833 -0.000364 -0.000203 -0.002395 -0.000177 -0.000222 -0.000507 0.000158 0.000302 -0.000544 0.000266 0.000005 -0.000074 -0.001022 -0.000036 0.000996 -0.000038 0.000007 -0.000973 -0.002933 0.000048 -0.000272 -0.000024 -0.001909 0.001897 -0.000833 -0.001876 -0.000508 -0.001641 -0.000233 -0.000062 -0.000137 -0.000391 -0.002115 -0.000723 -0.000114 -0.000208 0.001204 -0.000663 -0.000066 0.000014 0.000001 -0.000083 -0.000662 0.000320 -0.000066 -0.000603 0.000682 -0.000042 -0.000041 -0.001569 0.000155 -0.000158 -0.000267 -0.000338 -0.002902 -0.000132 0.001408 0.000161 -0.001350 -0.000254 -0.000667 -0.000243 -0.000541 0.000893 -0.000390 0.000056 0.001033 -0.001282 0.000039 -0.000656 0.000179 -0.002483 -0.000467 -0.001192 -0.000740 -0.000117 -0.000538 -0.002432 -0.000591 0.000102 -0.000004 -0.000945 -0.001449 -0.000616 -0.000110 -0.002397 -0.000528 -0.000207 -0.000703 -0.000579 -0.000079 -0.000620 -0.001185 -0.000325 -0.000209 -0.001075 -0.000462 -0.002737 -0.001815 -0.000383 0.000253 -0.000502 -0.000169 -0.000110 -0.000032 -0.000150 -0.001018 0.000937 0.000439 -0.000243 -0.000426 -0.000290 0.000063 -0.000065 -0.000737 -0.001984 -0.002215 -0.000701 -0.000334 -0.000032 -0.000014 -0.000263 -0.000167 -0.000234 -0.002951 0.001262 -0.000261 -0.001776 -0.002087 -0.000393 -0.000696 -0.000666 -0.001444 -0.000491 -0.000036 -0.000222 -0.000264 -0.000167 -0.000656 -0.000076 -0.000055 -0.000176 -0.000247 -0.000039 0.000038 0.000417 -0.000231 0.000489 0.000084 -0.000104 -0.000231 -0.000469 -0.000703 -0.001195 -0.000251 -0.000199 -0.001664 -0.000149 0.000049 -0.000888 -0.000161 -0.004372 -0.000020 -0.000095 0.001824 -0.002997 -0.000446 -0.000037 -0.000207 0.000166 -0.000586 -0.001253 -0.002836 -0.000230 -0.000706 0.000040 0.000113 -0.001199 0.000745 -0.000981 0.000003 -0.001201 0.000001 -0.000732 -0.000023 -0.001159 -0.000105 0.000285 0.000052 -0.000464 -0.000680 0.000003 -0.000860 -0.000244 -0.000234 -0.000202 -0.000052 -0.000661 -0.000137 0.000252 -0.000164 -0.001489 0.001142 0.000723 -0.001702 -0.000512 -0.000140 -0.000000 -0.000977 -0.000023 -0.000033 0.000354 -0.000883 0.000015 -0.001465 -0.000143 -0.001895 -0.001182 0.000256 -0.000595 -0.000535 -0.000543 -0.000788 -0.000709 0.001219 -0.000190 -0.000014 0.001793 -0.000484 -0.000116 -0.000537 -0.002173 0.000171 -0.000309 -0.001026 -0.000404 -0.001001 0.000003 -0.000094 -0.000733 -0.001844 -0.000023 0.000328
-0.042282 0.000374 0.014934 -0.039400 -0.007167 -0.013686 0.003844 0.000071 -0.000135 -0.000016 -0.000160 -0.075719 -0.012573 -0.000320 0.000136 0.038624 -0.000204 -0.000415 0.000010 -0.000043 -0.000080 0.010765 -0.013895 0.093723 -0.011862 0.002878 0.000096 -0.001257 -0.000592 0.000622 0.035772 -0.038169 -0.000007 0.105079 -0.003028 -0.047478 0.046097 -0.098100 -0.037962 -0.044598 -0.038208 -0.023994 0.000188 -0.000213 0.069224 -0.009312 0.000009 0.038934 0.008956 -0.087688 -0.000152 -0.000149 0.000759 0.000087 -0.000116 0.000650 -0.047433 0.000253 -0.126261 -0.087497 -0.000574 0.000013 0.032885 -0.075679 0.090849 -0.000176 -0.135059 -0.056087 0.000434 -0.000854 0.000015 -0.085864 0.000019 0.002035 -0.016001 -0.146244 0.013748 -0.039266 0.000004 0.000291 0.069024 -0.003509 0.000026 0.000318 0.000720 -0.000530 0.020454 0.048774 0.000224 -0.013612 -0.023250 -0.058592 0.000315 0.000248 -0.041249 0.051891 -0.004977 -0.030245 -0.058493 -0.001062 -0.044542 -0.000079 0.024021 -0.001556 0.007742 0.021593 0.012020 -0.000242 -0.064614 -0.021070 0.032596 -0.157439 -0.089946 0.000110 -0.000177 0.000266 0.000243 -0.000050 0.020476 -0.005234 0.013556 0.006656 -0.031485 0.003065 0.031796 -0.000002 0.002345 -0.064891 -0.070275 -0.097974 -0.018150 -0.018387 -0.000002 -0.000071 -0.023020 -0.055859 -0.000011 -0.018871 0.122384 0.000000 0.051369 -0.003495 -0.000776 0.001208 -0.000401 0.057772 -0.098323 0.056210 -0.000133 -0.006258 -0.003174 -0.002998 0.000314 0.000001 0.000307 -0.000964 0.000051 0.001556 -0.002996 0.000087 0.042051 0.025368 0.096156 -0.029617 -0.018095 0.079371 -0.012730 -0.000234 0.000112 -0.032965 0.024465 -0.016075 0.000027 -0.006875 -0.011600 0.007265 0.000542 0.028140 -0.145501 -0.000110 0.037707 0.000018 0.000275 -0.032399 0.000034 -0.012173 0.000145 0.044577 0.000327 -0.000068 -0.102993 0.000330 0.003738 -0.000195 -0.061885 -0.006051 -0.039514 0.000037 -0.014678 0.000310 0.000379 0.000355 0.002119 -0.166357 0.018782 -0.017133 -0.000001 -0.046035 -0.000170 -0.000053 -0.009243 -0.000153 0.013187 -0.000166 -0.004485 -0.020576 0.000156 -0.016257 0.001060 -0.000948 -0.000067 -0.075487 -0.000178 -0.000018 0.008604 -0.014989 -0.000246 0.000352 -0.000228 -0.068722 0.080910 0.003370 0.021879 0.009166 0.000796 0.000724 -0.000264 -0.063817 0.000075 -0.047932 0.015424 -0.043799 -0.000059 0.001800 -0.056652 -0.001222 0.029112 -0.044410 0.126656 -0.008048 0.001240 -0.064494 -0.007665 -0.070679 -0.000193 0.000272
-0.005385 -0.000088 -0.000881 0.001039 -0.009827 -0.006761 0.000170 0.000004 -0.000267 -0.000038 -0.000061 0.004385 0.011918 0.000633 -0.000198 -0.010541 -0.000242 -0.000153 0.000330 -0.000122 -0.000205 0.004104 0.001797 0.001925 0.009525 -0.002181 -0.000199 -0.002731 -0.000408 -0.000144 -0.002618 0.000748 -0.000117 -0.006053 0.002841 0.000024 -0.005737 -0.006768 -0.003488 -0.002333 -0.008844 0.000028 -0.000256 -0.000098 -0.006154 -0.005535 0.000903 0.000493 0.005152 -0.006075 0.000047 -0.000144 0.005175 0.000014 -0.000025 -0.000138 0.001780 -0.000141 -0.000468 0.006432 -0.000434 -0.000033 -0.009228 0.002481 -0.003830 0.000003 -0.002591 -0.001764 -0.000112 0.000621 0.000002 -0.012973 0.000201 -0.000493 0.002000 -0.005717 0.003508 -0.000168 -0.000227 -0.000210 -0.003058 0.001206 -0.000078 -0.000472 -0.006597 0.000078 -0.010394 -0.001773 -0.000103 -0.004565 -0.015004 -0.011006 -0.000133 -0.000106 -0.005391 0.001957 0.001099 0.001403 -0.013823 -0.000792 -0.005992 0.000006 -0.004712 -0.000077 -0.009793 -0.003469 0.006798 -0.000223 -0.002038 -0.003057 -0.000493 -0.008843 -0.001796 -0.000222 -0.000059 0.000094 -0.000057 -0.000256 -0.005761 0.001643 0.000522 0.000306 0.005096 0.000073 0.000685 -0.000125 0.013133 -0.018166 -0.004003 -0.009635 0.000917 0.005490 -0.000051 -0.000028 0.001999 0.000902 -0.000076 0.000393 0.009016 -0.000157 -0.003891 -0.000423 -0.000094 0.000638 -0.000835 -0.012985 -0.001343 0.002177 -0.000166 0.007690 0.001500 -0.006930 -0.000243 0.000056 -0.001478 0.005382 -0.000207 0.000510 -0.001281 -0.000110 -0.001655 0.002564 -0.002279 0.001435 -0.007940 -0.003404 -0.001675 -0.000001 -0.000097 -0.001440 -0.000748 0.015379 -0.000703 -0.003649 -0.006193 0.003524 -0.001732 -0.002958 -0.037894 -0.000904 -0.008223 -0.000077 -0.000224 0.001949 -0.000663 -0.013632 -0.000040 -0.002162 -0.000568 -0.000084 -0.000457 0.001171 0.002193 -0.000132 -0.003730 0.005398 -0.008453 -0.000035 -0.000653 -0.000226 0.000358 -0.000170 0.001159 -0.017191 0.001554 -0.007586 -0.000001 0.001249 -0.000171 -0.000237 -0.004005 -0.000156 0.002242 -0.000043 -0.003781 -0.001023 -0.000132 -0.008082 -0.001460 0.000190 -0.000094 0.009988 0.000041 0.000227 -0.007632 -0.007647 0.000379 -0.000320 -0.000159 -0.003551 -0.001835 0.003264 0.001750 -0.004602 -0.000106 -0.000429 -0.000105 -0.009437 -0.000181 0.011765 0.003725 -0.002957 -0.000157 0.013046 -0.011223 0.000939 0.008112 0.000276 0.010135 0.001491 -0.000048 0.000917 0.006036 0.006150 -0.000034 -0.001074
-0.001406 -0.000365 -0.001332 0.000005 0.000187 -0.000546 -0.000297 -0.000212 -0.000453 0.000280 -0.000246 -0.000744 -0.001572 -0.001066 -0.000128 0.000259 0.000092 -0.000680 -0.000201 0.000261 0.000039 0.000897 -0.000727 0.000074 0.000504 0.000314 -0.000148 -0.000985 0.000025 0.000175 -0.001226 0.000129 -0.000083 -0.001165 0.001247 -0.001214 -0.002665 -0.000168 -0.000260 -0.002199 -0.000406 -0.000266 -0.000067 -0.000166 -0.000978 -0.002611 0.000040 0.000188 -0.001368 -0.000326 -0.001310 0.000057 -0.000277 -0.000089 -0.000164 -0.000189 -0.000162 -0.000430 -0.002087 0.000348 -0.000239 -0.000032 -0.002100 -0.001628 -0.002813 0.000159 -0.003083 -0.000103 0.000211 0.000657 -0.000621 -0.001305 0.000108 0.000877 -0.000053 -0.000770 -0.000955 0.001660 -0.000108 0.000429 -0.001619 0.000039 0.000249 0.000036 -0.001278 0.000028 -0.000599 -0.002550 0.000529 -0.002103 -0.004104 -0.002652 0.000201 -0.000250 -0.001486 0.000506 0.000320 0.000108 -0.000237 -0.000262 -0.000850 -0.000271 -0.001292 -0.000352 -0.001229 0.000287 -0.001084 0.000002 -0.001820 -0.000449 -0.003250 -0.000681 -0.000976 -0.000030 -0.000221 0.000801 -0.000074 -0.000137 -0.004040 0.001018 0.000299 -0.000293 0.001132 -0.000517 0.000315 0.000099 0.000611 -0.001722 -0.001514 -0.001164 -0.001689 -0.001320 -0.000001 0.000232 0.001504 -0.001680 -0.000106 0.000461 -0.000275 -0.000156 -0.001759 -0.000467 0.000421 -0.000190 -0.000181 -0.000026 -0.002301 0.000648 0.000202 0.000074 -0.000084 0.000683 0.000171 -0.000211 -0.000103 -0.001413 0.000037 -0.001426 0.000147 0.000255 -0.000846 -0.000453 -0.000253 0.000749 -0.001283 -0.001433 0.000514 -0.000153 0.000060 -0.001478 -0.000395 0.000111 -0.000529 -0.000432 -0.004702 -0.001233 -0.001050 -0.000175 -0.002777 0.000260 -0.000417 -0.000007 -0.000142 -0.002046 0.000966 -0.001727 0.000052 0.001054 -0.000340 -0.000176 -0.002889 0.001269 0.000694 0.000137 -0.003892 -0.000032 -0.001960 -0.000084 -0.001939 0.000037 -0.000329 0.000048 0.000173 0.000348 -0.000446 -0.001993 0.000034 -0.000084 0.000152 0.000001 -0.000544 0.000276 -0.000988 -0.000034 -0.001017 0.000349 -0.000055 -0.001857 -0.000231 -0.000137 -0.000079 0.001019 0.000028 -0.000058 0.000153 -0.001686 -0.000542 0.000032 0.000152 -0.001635 0.000449 -0.000096 -0.000595 -0.000649 -0.000054 -0.000121 0.000051 -0.002592 -0.000266 -0.000043 -0.000694 -0.001530 0.000247 -0.000516 -0.002950 -0.000807 -0.000521 -0.000560 -0.000088 -0.000046 0.000125 -0.000030 0.000069 -0.001298 -0.000104 -0.000313
-0.007915 -0.000011 0.014220 -0.005484 -0.012495 -0.009801 0.002262 -0.000073 0.000001 -0.000185 -0.000050 -0.027307 0.007583 0.016463 -0.000090 -0.019785 -0.000088 -0.000095 -0.000263 -0.000192 -0.000041 0.012862 0.009389 -0.015304 0.013321 -0.000132 -0.000145 -0.002202 -0.000113 -0.002339 0.016967 -0.002663 0.000051 0.013134 -0.001068 -0.013089 0.010771 0.000369 -0.003314 -0.015240 -0.011688 -0.000896 0.000020 -0.000055 -0.009636 -0.029268 0.000082 0.023530 -0.000132 0.005731 -0.000051 0.000004 -0.021650 0.000006 -0.000176 0.000265 0.007337 -0.000110 -0.009770 0.009941 -0.000111 -0.000244 0.018498 -0.004695 -0.014528 -0.000131 -0.026748 -0.020479 -0.000040 0.002062 -0.000067 -0.004215 -0.000139 0.026418 0.003711 -0.002164 -0.009067 0.004621 -0.000072 -0.000019 -0.029455 0.001626 -0.000223 -0.000211 -0.016837 -0.000184 0.009037 -0.019216 -0.000037 -0.005320 -0.025857 -0.027846 -0.000178 -0.000154 -0.010233 -0.003237 -0.000098 0.001197 -0.005704 -0.000195 0.015213 0.000204 -0.009708 -0.000081 -0.019244 -0.015208 -0.001041 -0.000074 -0.023505 -0.005801 -0.001932 0.004878 -0.007608 -0.000132 -0.000199 -0.000200 -0.000060 -0.000036 -0.022554 -0.000517 0.010624 -0.013576 -0.008607 -0.001604 -0.039640 -0.000002 0.001547 -0.002515 -0.026582 -0.021845 -0.029107 -0.016488 -0.000262 -0.000060 0.007509 -0.016915 -0.000246 0.007598 0.005210 0.000059 0.009491 0.000123 -0.000088 -0.000838 0.000074 -0.019695 -0.028360 -0.021243 -0.000151 0.003836 -0.000195 0.034554 -0.000087 -0.000001 -0.000121 -0.002086 -0.000090 0.000241 0.000013 -0.000079 0.015873 0.007693 -0.003550 0.003635 -0.025616 -0.005197 0.000318 -0.000263 -0.000098 0.013502 0.014520 0.002268 -0.000174 0.013966 -0.007396 0.004788 -0.000188 0.000051 -0.044187 -0.000119 0.013141 0.000050 0.000076 0.007897 -0.000258 -0.016106 -0.000145 0.020084 0.000175 -0.000102 0.021380 0.000161 -0.005790 -0.000101 -0.021466 -0.016098 -0.011843 0.000159 0.005822 -0.000196 -0.000172 -0.000188 0.054531 0.002339 -0.001601 0.000591 -0.000142 -0.036952 -0.000045 -0.000215 0.004619 -0.000068 0.018461 0.000060 -0.008200 0.007043 -0.000180 0.007979 0.009926 -0.000026 -0.000011 0.016188 -0.000096 -0.000082 -0.000932 -0.009495 -0.000001 -0.000249 -0.000158 -0.021822 0.004696 0.006654 -0.010265 -0.014084 -0.000084 -0.000043 -0.000112 -0.010360 -0.000072 0.010537 0.008111 -0.003814 0.000067 0.001255 -0.012633 0.002980 -0.006150 -0.013737 -0.012846 -0.009014 0.002651 -0.003424 -0.008569 -0.002993 -0.000091 -0.000116
0.057602 0.000621 0.012327 0.086525 0.102490 0.213401 0.000506 -0.000046 0.000111 0.000527 -0.000146 -0.211811 0.102491 0.002084 -0.000002 0.413510 -0.000127 -0.000619 0.000820 0.000275 0.000243 0.237779 0.014430 0.010710 -0.050409 0.003519 -0.000040 -0.002989 -0.000104 -0.002441 0.044714 -0.028731 -0.000441 -0.018533 -0.016931 0.054041 0.081555 0.082263 0.324140 0.195338 -0.194072 0.226605 -0.000092 -0.000081 0.249754 -0.086174 0.000192 0.097075 0.005615 0.012274 -0.000429 -0.000108 0.144279 0.000077 -0.000036 0.000740 0.468947 0.000213 0.067947 0.033813 0.001078 -0.000098 -0.185111 -0.051499 0.148494 0.000111 0.085872 -0.216726 0.000454 -0.001614 -0.000202 -0.341374 -0.000228 0.103226 -0.268430 0.010677 0.301780 -0.182780 -0.000366 0.000679 0.162280 -0.002109 -0.000890 -0.000521 0.080614 0.000195 -0.049887 -0.098004 0.000053 -0.346266 -0.135550 -0.047958 0.000058 -0.000015 0.019250 0.007967 0.001355 0.051991 -0.071903 -0.001361 -0.058085 -0.000416 0.219074 -0.000815 0.263685 -0.019462 -0.000200 -0.000231 -0.304987 0.381661 -0.052342 -0.074422 -0.031666 0.000258 -0.000129 -0.001930 -0.000035 -0.000190 -0.027701 -0.002624 0.003065 -0.275277 0.128005 0.001816 0.047790 0.000091 -0.005012 -0.194054 -0.009563 -0.152126 0.175039 -0.283446 0.000042 -0.000205 0.048622 0.029462 -0.000200 0.311253 0.085233 -0.000212 0.427204 -0.001256 0.000171 -0.002045 0.000389 0.005132 0.057379 -0.087572 -0.000089 0.148281 0.003954 -0.009697 0.000099 0.000254 0.001235 0.002728 -0.000075 0.001841 0.000652 -0.000161 -0.216742 0.012515 -0.195784 -0.064821 -0.218890 -0.056706 0.151765 -0.000040 0.000329 -0.146444 0.433977 0.045196 0.000396 0.104096 -0.335676 0.366353 0.000786 0.235077 -0.257580 -0.004362 -0.142792 0.000026 0.000113 -0.001224 -0.000373 0.034596 0.000272 -0.027975 -0.000321 0.000187 0.106026 0.000983 0.005384 -0.000228 -0.331055 0.026781 -0.241100 -0.000258 0.038961 0.000250 0.000116 -0.000175 -0.018928 -0.060377 0.236973 -0.031056 -0.000098 0.238727 -0.000034 0.000061 -0.062325 0.000096 0.026500 -0.000156 -0.036006 -0.049456 0.000105 0.440154 0.195940 -0.000416 0.000201 -0.003325 -0.000065 0.000269 0.303575 -0.118791 -0.001528 0.000407 0.000021 -0.080469 0.367214 0.006454 0.213895 0.016178 -0.001303 0.000698 -0.000149 -0.065453 -0.000047 0.036931 0.012620 0.023003 -0.000251 -0.008975 -0.271945 0.000278 0.543001 0.184039 0.146812 0.013874 0.001715 -0.177331 0.005709 0.049146 -0.000066 0.001779
-0.000007 -0.000043 0.000014 -0.000208 -0.000146 -0.000016 -0.000057 0.000079 -0.000013 -0.000136 -0.000055 -0.000086 -0.000051 -0.000055 0.000025 -0.000057 -0.000067 -0.000042 -0.000057 -0.000204 -0.000240 0.000068 -0.000247 -0.000134 -0.000144 -0.000088 -0.000117 -0.000139 -0.000033 -0.000569 -0.000251 -0.000055 -0.000109 -0.000032 -0.000147 -0.000587 -0.000040 -0.000311 -0.000097 -0.000405 -0.000071 0.000014 -0.000080 -0.000226 -0.000006 -0.000111 -0.000115 -0.000151 -0.000220 -0.000012 -0.000108 -0.000079 -0.000231 0.000076 0.000061 0.000064 -0.000003 -0.000112 -0.000206 -0.000076 -0.000027 0.000034 -0.000115 -0.000076 0.000042 -0.000076 -0.000622 -0.000016 -0.000084 -0.000119 0.000086 -0.000103 0.000011 -0.000246 -0.000084 0.000065 -0.000130 -0.000249 -0.000147 -0.000210 -0.000183 -0.000100 0.000110 -0.000162 -0.000230 0.000070 -0.000024 -0.000785 -0.000000 -0.000155 0.000032 -0.000126 -0.000104 -0.000139 -0.000036 -0.000504 -0.000159 0.000004 -0.000044 -0.000028 0.000086 -0.000078 -0.000228 -0.000209 -0.000056 -0.000158 -0.000001 0.000041 -0.000523 -0.000253 -0.000079 -0.000068 -0.000889 -0.000053 -0.000065 -0.000249 0.000094 -0.000118 -0.000544 -0.000039 -0.000019 -0.000067 -0.000133 -0.000075 -0.000169 -0.000262 -0.000256 -0.000087 -0.000171 -0.000183 -0.000789 -0.000119 -0.000254 -0.000062 -0.000034 -0.000207 0.000121 -0.000063 -0.000011 -0.000203 -0.000650 -0.000260 -0.000118 -0.000600 -0.000120 0.000061 -0.000103 -0.000230 -0.000106 -0.000243 -0.000080 -0.000112 0.000062 -0.000037 -0.000224 -0.000832 -0.000009 -0.000114 0.000064 -0.000171 0.000118 -0.000057 -0.000095 -0.000019 -0.000098 -0.000130 -0.000217 -0.000074 0.000092 -0.000236 -0.000004 -0.000046 -0.000133 -0.000122 -0.000430 -0.000163 0.000051 0.000103 -0.000793 -0.000063 -0.000221 -0.000065 -0.000001 -0.000222 0.000000 -0.000548 -0.000070 -0.000173 -0.000072 -0.000041 -0.000686 0.000122 -0.000004 0.000003 -0.000572 0.000046 0.000018 -0.000050 -0.000008 0.000087 0.000041 0.000050 -0.000177 -0.000503 -0.000253 -0.000534 -0.000204 -0.000110 0.000076 -0.000039 -0.000356 -0.000074 -0.000074 0.000093 -0.000149 -0.000099 -0.000000 -0.000034 -0.000225 -0.000134 -0.000030 -0.000130 -0.000078 0.000132 -0.000139 -0.000149 -0.000052 -0.000106 -0.000060 -0.000001 -0.000112 -0.000102 -0.000091 -0.000208 -0.000045 -0.000098 0.000029 -0.000090 -0.000054 -0.000251 -0.000119 -0.000055 -0.000109 -0.000088 0.000093 -0.000564 -0.000239 -0.000236 -0.000077 -0.000013 -0.000089 -0.000201 -0.000099 0.000077 -0.000189 -0.000039
0.097312 -0.000299 0.328045 0.029109 0.315707 0.414580 -0.000231 0.000126 0.000002 -0.000521 -0.000235 0.013392 0.189516 -0.003492 0.000143 0.380250 -0.000215 -0.000451 0.000111 -0.000161 0.000041 0.355972 0.010400 -0.036271 -0.003938 -0.004417 -0.000078 -0.000334 0.000093 -0.000116 -0.147340 -0.120350 0.000190 -0.175943 0.014126 0.420314 0.200401 0.403035 -0.080229 -0.062750 -0.412959 0.391611 -0.000103 -0.000194 0.593742 0.237321 0.000092 -0.146581 0.002033 0.102723 0.000174 -0.000085 -0.208435 0.000143 -0.000230 0.000518 0.254280 0.000131 0.142043 0.867280 0.000085 -0.000114 -0.114600 -0.094194 -0.129266 0.000045 0.132913 0.102540 -0.000092 -0.001552 -0.000140 0.006741 -0.000224 0.003800 -0.063632 0.359367 0.223948 0.012615 0.000098 0.000463 0.389686 0.000144 -0.000067 -0.000222 -0.003046 -0.000229 0.109785 -0.042775 -0.000041 -0.118041 0.028256 0.063882 -0.000131 0.000214 0.014511 0.020292 0.005567 0.042190 -0.023000 0.000376 0.099921 -0.000041 0.125318 -0.000188 -0.177136 0.008983 -0.000250 -0.000066 0.184205 0.047498 -0.001267 0.051181 -0.158292 -0.000060 0.000182 -0.000528 -0.000141 -0.000124 0.203410 -0.001438 0.012983 0.019015 -0.122955 -0.000398 0.381581 0.000139 0.005473 0.044504 -0.030043 -0.230479 0.003535 0.508502 -0.000163 -0.000034 0.812346 -0.206028 0.000087 0.084607 0.024878 -0.000069 -0.349200 -0.002061 0.000193 -0.001424 0.000107 -0.330615 -0.162708 0.156822 0.000039 -0.020859 0.001475 -0.008379 -0.000229 0.000153 0.000145 0.004643 0.000004 -0.000787 -0.000152 -0.000058 0.078761 0.245027 0.032359 0.516401 -0.055317 0.070740 0.063169 -0.000079 0.000198 -0.020943 0.047769 0.173080 -0.000166 -0.103332 -0.345584 0.177519 -0.000124 -0.011607 -0.298224 -0.000446 -0.080178 0.000245 0.000100 0.322157 -0.000702 0.007653 -0.000154 -0.007924 0.000349 -0.000073 0.252209 -0.000175 0.001225 -0.000238 -0.116420 0.111511 -0.211700 0.000220 0.328564 0.000015 0.000379 -0.000140 -0.007041 -0.170240 0.232954 -0.333705 -0.000002 0.100037 -0.000268 0.000019 -0.175439 0.000022 0.006519 0.000053 0.224353 -0.017468 0.000004 -0.009852 0.068308 -0.000043 -0.000087 -0.228693 -0.000072 0.000091 0.295877 0.054314 0.000287 0.000271 0.000185 -0.195516 0.105229 0.011862 0.170776 0.114277 0.000254 -0.000767 0.000220 -0.214661 -0.000095 0.121304 0.092377 -0.059151 -0.000014 0.001540 0.294174 0.001929 -0.013216 0.520464 0.398242 0.007654 0.002843 -0.151994 0.311724 0.149688 -0.000222 -0.000420
-0.001176 0.000216 0.001037 -0.000869 0.000536 -0.000354 -0.000169 0.000238 0.000217 -0.000183 0.000208 -0.001339 0.000576 0.000060 0.000006 -0.000596 0.000215 -0.000185 0.000192 -0.000203 0.000004 -0.000044 0.000037 -0.000271 0.000161 -0.000093 -0.000068 -0.000244 -0.000067 0.000191 -0.000243 -0.001890 0.000146 -0.000065 -0.000127 -0.001088 -0.000391 -0.000690 -0.001111 -0.000538 -0.000309 0.000870 0.000121 0.000088 -0.000286 -0.002504 -0.000043 0.000068 -0.000267 0.000095 0.000071 0.000103 -0.000142 -0.000079 0.000063 -0.000099 0.000183 0.000107 -0.001065 -0.000017 -0.000066 -0.000206 -0.000879 -0.000426 -0.001065 -0.000036 -0.001841 -0.001074 -0.000182 -0.001459 0.000268 -0.000494 -0.000006 -0.000050 0.000815 0.000226 -0.000232 -0.000905 -0.000119 -0.000246 0.000726 0.000095 -0.000065 -0.000178 -0.000586 0.000103 -0.000417 -0.001118 0.000156 -0.001037 -0.001482 -0.000871 0.000021 0.000201 -0.001168 -0.000581 -0.000379 0.001071 -0.000210 -0.000642 -0.000650 -0.000282 -0.001474 0.000391 -0.000471 -0.001019 -0.000192 0.000011 -0.000560 0.000131 -0.000555 -0.000423 0.000125 -0.000197 -0.000097 -0.001016 -0.000112 -0.000007 -0.000964 -0.000355 0.000090 -0.001232 -0.000724 0.000040 -0.001094 0.000073 0.000041 -0.001063 -0.001915 -0.000956 -0.000074 0.000111 -0.000096 0.000246 0.000546 -0.001470 0.000158 -0.000298 0.000254 0.000127 -0.001878 0.000005 -0.000275 0.000231 0.000044 0.000390 -0.000727 0.001517 0.000217 -0.000208 0.000740 -0.000154 -0.000018 -0.000023 0.000095 -0.000015 -0.000237 0.000486 -0.000017 0.000014 -0.000540 0.000653 -0.000178 -0.000299 -0.001488 -0.000187 -0.000786 0.000161 -0.000128 -0.000766 -0.000040 0.000021 0.000370 -0.000158 -0.001047 -0.000885 -0.000497 -0.000607 -0.001160 -0.000116 -0.002551 0.000012 0.000002 -0.000394 0.000018 -0.001159 0.000279 -0.000726 -0.000019 0.000019 -0.000677 -0.000211 -0.000315 0.000029 -0.002106 -0.000136 -0.000016 0.000043 -0.000486 -0.000112 -0.000140 0.000024 -0.000119 -0.000711 -0.000205 -0.000875 0.000043 0.000069 0.000262 0.000131 -0.001137 -0.000045 0.000299 0.000054 -0.000854 -0.000281 0.000072 -0.000725 0.001690 -0.000139 -0.000110 -0.000792 0.000170 0.000114 0.000005 -0.000629 0.000385 -0.000195 -0.000019 -0.001017 -0.000729 0.000124 0.000661 -0.000335 -0.000024 -0.000145 0.000069 -0.001879 0.000284 -0.000876 -0.000798 0.000275 -0.000092 0.000879 -0.001340 0.000218 -0.000197 -0.000471 0.000012 0.000537 -0.001574 -0.000299 0.000671 -0.000707 -0.000033 0.000006
-0.000479 -0.000021 0.001994 -0.001835 -0.002987 0.001019 0.000060 -0.000071 0.000696 -0.000060 -0.000056 -0.001783 -0.002061 -0.000158 -0.000020 -0.001150 -0.000091 0.000968 -0.001048 -0.000249 -0.000209 0.000017 0.002364 0.001052 -0.001785 -0.000460 -0.000265 0.000292 -0.000897 -0.000933 -0.000823 0.000498 -0.000001 0.000179 -0.000385 -0.002614 -0.003131 0.002023 -0.001156 -0.005064 -0.003380 0.000740 -0.000016 -0.000058 0.003223 -0.002867 -0.000020 0.000998 -0.000105 -0.000180 -0.000402 -0.000041 -0.000917 0.000234 -0.000025 0.000330 0.001587 -0.000704 -0.001967 -0.000194 -0.000815 -0.000076 -0.001700 -0.002578 -0.002819 -0.000236 -0.003432 -0.000483 -0.000104 0.001482 -0.000252 -0.004643 -0.000233 -0.000139 -0.000074 -0.001305 0.000851 0.000675 0.000116 -0.000044 -0.002236 -0.000233 -0.000633 -0.000158 -0.002006 0.000493 -0.000772 0.001126 -0.000935 -0.001707 -0.004259 -0.000716 -0.000050 -0.000079 -0.002994 -0.001052 0.001338 -0.000782 0.000501 -0.000899 -0.001184 -0.001075 -0.004062 -0.000211 -0.000581 -0.002638 0.001542 -0.000082 -0.000280 -0.000768 -0.001768 -0.005892 -0.004604 -0.000077 0.000313 -0.000939 -0.000165 -0.000170 -0.001816 0.001335 -0.000915 -0.001994 -0.000726 -0.000804 -0.001978 -0.000267 0.001314 -0.002257 -0.002638 -0.003933 -0.005480 -0.000019 -0.000262 -0.000060 -0.001846 -0.002754 0.000099 -0.001021 -0.002328 -0.000119 -0.003632 0.000668 -0.000229 -0.000442 0.000648 -0.000253 -0.005198 0.003178 -0.000062 0.001024 0.000920 -0.000313 0.000462 0.000095 0.001203 -0.001608 0.000058 -0.000741 0.000800 -0.000159 0.000054 -0.001015 -0.001640 -0.002143 -0.002041 -0.000440 0.000911 -0.000052 0.000142 -0.001657 0.000887 0.000785 0.000140 -0.000497 -0.003845 -0.000570 0.001253 -0.000480 -0.005330 0.000365 -0.001957 -0.000043 -0.000073 -0.002175 -0.001938 -0.002308 -0.000235 -0.000608 -0.000077 -0.000094 -0.001662 0.000927 0.000022 0.000222 -0.001238 0.003036 -0.002688 -0.000261 -0.000788 -0.000016 0.000971 0.000232 0.000810 0.000142 -0.001236 -0.002517 -0.000260 -0.000932 0.000023 -0.000036 -0.000826 -0.000181 -0.000423 -0.000039 -0.001687 -0.001271 -0.000181 -0.000852 0.001943 0.000849 -0.000159 -0.001702 -0.000034 0.000244 0.002098 -0.005484 0.000600 0.001141 -0.000170 -0.001816 -0.001713 0.001723 0.000028 -0.001959 -0.000173 -0.000988 -0.000985 -0.002171 -0.000065 0.000359 -0.002283 0.000458 -0.000025 -0.000197 -0.000527 -0.000972 -0.000902 0.000227 -0.000598 0.000695 -0.000135 0.001349 0.000072 -0.000484 -0.000080 0.000902
-0.000596 0.000590 0.000055 -0.000702 -0.000920 -0.001284 -0.000234 0.000134 0.000114 -0.000012 -0.000116 -0.001394 0.000323 -0.001021 -0.000070 -0.000634 0.000259 0.000487 -0.000392 -0.000218 -0.000010 -0.001349 -0.000047 -0.000635 -0.001418 -0.000765 -0.000127 0.002207 -0.000226 -0.001667 0.000144 0.000020 -0.000009 -0.000451 -0.000243 -0.001697 -0.001334 -0.001207 -0.002075 -0.001816 -0.002763 -0.000843 0.000130 0.000223 -0.000061 -0.001138 -0.000343 -0.000290 0.000728 -0.000806 0.000705 -0.000204 -0.000292 0.000030 0.000256 -0.000552 0.000738 0.000098 -0.001095 0.000095 0.000077 -0.000518 -0.001084 0.000142 -0.001909 -0.000173 -0.003320 -0.001215 -0.000015 -0.000960 0.000326 -0.003164 0.000151 0.000256 -0.001592 0.000369 -0.000191 -0.000146 0.000139 -0.000022 -0.000152 -0.000148 -0.000090 -0.000914 -0.002479 -0.000111 -0.001739 -0.003794 -0.000128 -0.003588 -0.002666 -0.002137 -0.000039 -0.000136 -0.003173 -0.000744 -0.001702 0.000185 -0.001803 0.000026 0.000373 -0.000236 -0.001902 -0.000290 -0.001232 -0.000521 -0.000008 0.000217 -0.001940 -0.000356 -0.000426 0.000306 -0.002054 -0.000241 0.000071 -0.000622 -0.000052 0.000144 -0.000418 -0.000343 -0.000283 -0.000596 0.000445 -0.001865 -0.000408 -0.000254 -0.000098 -0.000018 -0.001258 -0.001229 -0.000295 -0.002600 -0.000152 -0.000058 -0.000280 0.000121 0.000106 0.000579 0.003346 0.000232 -0.001766 -0.000428 0.000266 -0.000521 -0.000434 -0.000576 -0.001422 -0.000561 0.000264 -0.000853 -0.000287 -0.000273 -0.000279 0.000266 -0.000019 -0.000510 -0.000036 -0.000853 -0.000273 -0.000019 -0.000774 -0.000927 0.001629 -0.000407 -0.001846 -0.000813 -0.001270 0.000267 0.000103 -0.000962 -0.000182 0.000217 -0.000441 -0.000505 -0.001136 -0.000767 0.000133 -0.000372 -0.003470 -0.000142 -0.001166 -0.000258 0.000076 -0.000660 0.000020 -0.002050 -0.000177 -0.001073 0.000061 -0.000239 -0.000373 -0.000247 -0.001349 -0.000075 -0.004342 0.000668 -0.001123 0.000212 -0.000418 -0.000011 0.000638 -0.000286 -0.000432 0.000134 -0.000129 -0.004407 -0.000095 0.000277 -0.000000 -0.000134 -0.001194 -0.000143 -0.000677 0.000198 -0.000226 -0.000189 0.000121 -0.002285 -0.000175 -0.000116 -0.000042 -0.002823 -0.000119 0.000034 -0.000602 -0.000756 0.000318 0.001014 -0.000003 0.000644 -0.000742 -0.000821 -0.000331 -0.000917 -0.000001 0.000041 -0.000150 -0.002351 -0.000137 -0.000074 -0.000788 -0.001678 -0.000236 -0.003121 -0.001484 0.000640 -0.002265 -0.001351 0.001147 -0.000505 0.000181 0.000384 0.001170 -0.000626 0.000078 -0.000595
-0.066923 -0.000066 0.814625 -0.073763 0.241715 -0.054324 0.000884 0.000096 0.000283 0.000007 0.000065 0.038811 -0.093018 -0.010891 -0.000097 0.267566 0.000018 -0.000924 0.000059 -0.000197 0.000148 0.194751 -0.000163 -0.457298 0.968579 -0.002436 0.000023 0.001925 0.000271 0.000698 0.627132 -0.021579 -0.000264 -0.416060 -0.004760 -0.173445 0.353996 -0.084368 -0.112187 -0.016729 -0.185405 0.157628 0.000192 0.000092 -0.010986 0.209766 -0.000140 0.163328 0.009941 0.279283 0.000214 -0.000028 0.317675 -0.000227 0.000231 -0.000877 0.064667 0.000026 0.082432 0.882868 0.000078 0.000034 0.228521 -0.299852 0.118581 -0.000234 -0.136912 0.130903 -0.000035 -0.000929 0.000878 -0.111382 0.000113 0.000300 0.601034 0.147585 0.032157 0.173835 -0.000352 -0.000570 0.623103 -0.004500 0.000236 -0.002527 -0.107346 -0.000209 0.039781 -0.331456 -0.000082 0.056541 -0.089136 -0.034449 -0.000227 0.000275 0.130661 -0.005577 0.009918 1.179238 -0.035214 -0.000600 -0.109317 0.000144 -0.195820 0.000860 0.131756 0.020269 0.006480 0.000200 -0.333647 0.137518 -0.011223 0.110562 -0.025187 -0.000124 0.000054 0.001579 -0.000060 -0.000067 0.291259 -0.001687 0.003361 -0.096174 0.307802 0.000387 0.751901 -0.000149 0.004342 -0.368487 0.059526 -0.357366 0.380517 0.005267 -0.000027 0.000053 0.495822 -0.094138 0.000120 -0.033218 -0.126519 0.000255 -0.078023 0.001421 -0.000262 -0.000974 -0.000009 -0.103595 -0.088270 -0.215693 0.000014 1.007458 0.002867 0.003696 0.000245 -0.000139 0.000585 -0.000731 -0.000146 -0.000828 0.000670 -0.000226 -0.110641 0.247744 -0.228946 0.339471 0.109462 -0.346002 0.130023 0.000128 -0.000188 -0.541801 0.033876 -0.107401 -0.001251 0.840910 -0.098503 -0.316877 -0.000751 -0.069318 -0.483408 -0.007571 0.054723 0.000211 -0.000013 0.127904 0.000331 -0.151176 0.000316 -0.027085 0.000166 0.000096 0.076956 0.000612 0.006201 0.000002 -0.291831 0.270796 0.239928 0.000138 -0.112565 -0.000072 -0.000429 -0.000352 0.030412 -0.044810 0.021923 -0.498100 -0.000213 0.066067 0.000160 0.000145 -0.388882 0.000003 0.197576 0.000097 -0.145203 0.009661 -0.000007 -0.068294 0.658043 0.000168 0.000031 -0.157556 -0.000012 -0.000193 0.163228 -0.265503 -0.000780 -0.001377 0.000092 0.577244 0.260452 -0.007684 0.946265 0.300264 -0.000468 -0.000795 -0.000074 0.180677 0.000046 -0.037492 0.290579 0.418473 0.000177 -0.001480 0.090993 0.007250 0.592584 -0.212042 -0.067698 -0.001336 -0.001811 -0.017793 1.119929 -0.172550 0.000059 0.002625
-0.092871 -0.000362 0.474167 0.115757 0.495185 -0.010432 -0.000118 0.000149 0.000148 0.000541 0.000081 -0.032020 -0.309600 0.027813 -0.000005 0.057031 -0.000100 -0.000366 0.000186 0.000031 -0.000006 0.367114 0.037841 -0.101960 0.479439 0.008447 0.000154 -0.001195 -0.000021 -0.002125 0.630285 -0.131318 0.000137 0.326196 -0.000055 -0.049492 0.032840 0.082963 -0.111112 0.685117 0.126068 0.009885 0.000032 0.000255 0.002780 -0.237766 -0.000141 -0.220395 0.000324 -0.014840 -0.000367 0.000159 0.404131 0.000144 0.000085 0.000808 0.043953 -0.000168 -0.133941 0.178621 0.000058 0.000182 -0.387296 -0.161210 -0.171136 0.000136 -0.505785 0.372262 -0.000065 -0.000415 0.000113 -0.053316 -0.000099 -0.015997 0.420326 0.190490 -0.288944 -0.098563 -0.000111 0.000076 0.471379 -0.003192 -0.000396 0.000446 -0.071956 -0.000117 0.215351 0.104777 0.000188 0.146393 -0.260130 -0.277435 0.000040 0.000066 0.019705 0.071066 0.001281 0.245831 0.251915 -0.000202 -0.045449 0.000047 -0.121440 0.000780 0.074698 0.009790 0.006775 0.000001 -0.086546 -0.195827 -0.047112 -0.209086 0.023340 0.000099 -0.000153 -0.001003 -0.000135 0.000036 0.085370 -0.000077 0.007395 0.292827 0.587115 -0.000552 -0.090733 -0.000030 -0.000921 -0.316675 -0.056687 -0.628360 0.494792 0.302757 0.000162 -0.000056 0.655311 -0.224720 -0.000254 0.086235 -0.111756 0.000176 -0.080974 -0.001050 0.000363 0.000468 -0.000366 -0.076070 -0.294966 -0.205536 -0.000137 0.751795 0.000347 -0.016934 -0.000010 -0.000084 -0.000178 0.008403 0.000203 0.000445 0.002390 0.000132 0.199382 0.254945 -0.397142 0.191097 -0.056461 0.001064 0.129770 0.000059 0.000008 -0.238991 0.342660 -0.108706 0.001035 0.359641 0.141338 0.109269 -0.000052 -0.003420 -0.553235 -0.000441 -0.083619 0.000075 -0.000188 -0.084980 -0.000029 -0.437915 0.000327 -0.026513 -0.000021 -0.000098 -0.030506 -0.000017 -0.004390 0.000047 0.177263 0.120462 -0.022080 0.000121 -0.229751 -0.000110 0.000055 -0.000213 -0.009957 -0.029818 -0.015873 -0.452982 0.000204 -0.016280 0.000003 0.000136 -0.388522 -0.000084 -0.169094 -0.000049 -0.349360 0.044387 -0.000018 -0.263462 0.748121 -0.000243 -0.000137 0.189325 0.000030 -0.000217 -0.029486 -0.223650 -0.000347 -0.000502 -0.000141 0.351916 0.151721 0.006757 0.452082 -0.081665 0.000042 -0.000140 0.000173 0.288069 0.000229 -0.032202 0.057045 0.014902 0.000213 0.002983 0.087966 0.001065 0.580511 -0.195096 0.101452 -0.057809 -0.000958 0.294383 0.735667 -0.288238 0.000104 0.000104
0.085063 -0.000027 -0.742373 0.139686 -0.673790 0.260758 0.005502 0.000118 -0.000363 0.000048 0.000255 -0.455393 -0.571745 0.041542 0.000060 0.235480 0.000041 0.000044 -0.000199 0.000126 0.000001 -0.649683 -0.001495 0.885933 -0.921993 -0.005612 0.000286 0.001455 -0.000533 0.001520 -0.312738 -0.438551 0.000301 -0.485009 0.039944 -0.499039 -0.143680 -0.083436 -0.153440 -0.315267 -0.366505 0.256898 0.000267 0.000265 0.444729 -0.689407 0.000000 0.427674 -0.001011 -0.369870 -0.000574 0.000156 -0.425596 0.000155 0.000086 -0.001547 -0.087749 -0.000206 -0.382010 0.031049 -0.000026 0.000285 -0.348658 0.697689 -0.696510 0.000065 -0.438988 -0.510364 0.000029 0.001366 -0.000072 -0.865862 0.000250 0.072227 -0.093973 -0.444319 0.114959 0.673281 -0.000096 0.001028 0.185093 -0.004845 0.001140 -0.002273 -0.748371 -0.000678 -0.186523 -0.232605 0.000128 -0.349694 -0.610695 -1.048855 -0.000149 0.000184 -0.204223 0.010988 0.011410 -0.326440 -0.336230 -0.000924 -0.763836 -0.000442 -0.271671 -0.001367 0.554004 -0.013584 -0.000590 0.000202 -0.433748 -0.233706 -0.027322 -0.039865 -0.677159 0.000095 -0.000190 0.002179 -0.000027 -0.000001 -1.418483 0.000147 0.011461 -0.482264 0.380325 0.004784 -0.584374 -0.000114 0.004662 -0.223559 -0.008726 0.124271 -0.197033 0.194997 0.000157 0.000027 -0.346946 0.032623 -0.000151 0.037918 0.201971 -0.000033 -0.423132 0.003206 -0.000344 -0.002870 0.005753 -0.204602 -0.921503 -0.011216 0.000035 0.021730 -0.000231 -0.001185 0.000257 0.000175 -0.000484 -0.001022 0.000236 0.000110 0.000624 0.000230 -0.139285 -0.107530 -0.180514 -0.721746 0.412798 -0.307623 0.349324 0.000028 0.000052 0.354379 -0.254278 -0.209930 0.000062 -0.267556 -0.571623 -0.119135 0.000917 0.043209 0.119778 -0.000145 -0.833416 0.000212 -0.000143 0.000821 -0.001373 0.262258 -0.000112 0.018490 -0.000149 0.000213 0.473930 0.001408 0.003097 0.000231 0.104472 0.195857 -0.181833 0.000161 0.743142 -0.000098 -0.000457 0.000201 0.030330 -0.189146 0.178385 0.145782 0.000018 -0.405346 -0.000004 -0.000134 0.358176 -0.000058 0.196472 0.000117 0.244260 -0.053222 0.000179 -0.547906 -0.351120 0.000974 0.000089 0.281546 -0.000148 -0.000063 -0.009167 0.667565 -0.000087 0.000706 0.000041 -0.055197 0.374718 -0.006559 -0.379051 0.217125 0.000221 0.001740 -0.000020 -0.312687 0.000013 -0.179493 0.091200 0.030261 0.000056 -0.009090 -0.391751 -0.002680 -0.038031 0.743154 -0.259107 0.007862 -0.000801 -0.522614 -0.157477 -0.178603 0.000268 -0.000269
0.002307 -0.000006 0.000605 -0.021852 0.005882 -0.000353 -0.001478 -0.000152 -0.000003 -0.000057 -0.000001 -0.000272 -0.003186 0.002735 -0.000189 -0.011976 -0.000199 -0.000238 -0.000066 -0.000043 -0.000167 -0.002249 -0.003381 -0.001590 0.000619 0.001019 0.000134 0.006955 -0.000860 -0.003740 -0.002977 -0.006525 -0.000037 -0.009980 -0.000853 -0.007591 0.007486 -0.005874 0.004455 -0.010206 -0.014862 0.007118 -0.000234 -0.000021 -0.000124 -0.006341 -0.000154 -0.011738 -0.001528 -0.002219 -0.000241 -0.000208 -0.006102 0.000133 -0.000067 -0.000183 -0.006099 -0.000016 -0.005940 0.004952 -0.000133 -0.000053 0.002067 -0.001692 -0.007625 -0.000043 -0.007555 -0.009708 -0.000041 -0.001549 -0.000055 -0.011906 -0.000192 0.001247 -0.004285 -0.001260 -0.007028 -0.005048 -0.000043 -0.000073 -0.006627 -0.005648 0.000474 0.003444 -0.008539 0.000029 -0.006391 0.004138 -0.000109 0.007357 -0.012057 -0.012972 0.000000 -0.000201 -0.011663 0.002693 -0.001116 -0.000909 -0.016980 0.000782 -0.006274 -0.000209 0.004517 -0.000221 -0.007915 -0.002597 -0.004852 -0.000128 -0.011325 -0.009678 0.003095 -0.004113 -0.023390 -0.000069 -0.000254 -0.000254 0.000003 -0.000243 -0.004060 -0.003158 0.004915 -0.009950 0.005335 -0.002219 -0.000724 -0.000119 0.001037 -0.000645 -0.009454 -0.020656 -0.016290 -0.004857 -0.000043 -0.000003 -0.005277 -0.003841 -0.000141 -0.006191 0.000177 -0.000268 0.001258 0.001663 -0.000119 -0.001422 -0.000065 -0.009204 -0.001570 -0.028929 -0.000023 0.010773 -0.000711 -0.000167 -0.000023 0.000262 -0.000129 0.002609 -0.000197 -0.001207 -0.000263 -0.000070 -0.001326 -0.004312 0.002801 -0.000162 -0.016144 -0.004857 -0.000563 -0.000095 0.000224 -0.003717 -0.005281 0.000850 -0.000189 -0.008534 -0.022501 -0.003439 -0.000074 -0.009234 -0.049459 0.000108 -0.008757 0.000053 -0.000098 0.000513 0.002299 -0.003958 -0.000071 -0.001318 -0.000099 -0.000001 -0.000409 -0.000136 -0.003698 -0.000117 -0.005143 0.006188 -0.003977 -0.000258 -0.008919 0.000155 -0.000090 0.000224 0.005267 -0.019882 -0.004979 -0.019606 -0.000130 0.003309 0.000189 -0.000021 -0.008218 -0.000013 -0.000568 -0.000171 -0.019522 -0.000030 -0.000228 -0.019694 -0.000115 -0.000019 -0.000054 -0.001774 -0.000118 -0.000226 -0.012940 -0.007099 -0.000027 -0.000287 -0.000009 -0.010643 -0.003879 0.010633 -0.004474 -0.001733 -0.000166 -0.000258 -0.000606 0.005160 -0.000229 -0.005177 -0.009998 0.001960 -0.000149 -0.002975 -0.000023 0.005025 -0.001070 0.002602 -0.017061 -0.004799 -0.002041 0.000772 0.000548 0.000980 -0.000150 -0.000018
-0.207339 -0.000141 -0.152797 0.006730 0.381919 0.309080 -0.000758 -0.000111 -0.000079 -0.000043 -0.000154 -0.279559 0.915228 -0.005086 0.000078 0.185935 -0.000117 -0.000608 -0.000199 -0.000220 -0.000043 0.317447 0.006876 -0.236585 0.424974 0.002157 -0.000219 0.001558 -0.000176 0.001759 -0.258907 -0.014373 -0.000141 -0.002753 -0.003069 -0.102177 -0.011386 -0.313523 -0.099653 0.000443 -0.076876 0.188079 0.000004 -0.000222 -0.115914 -0.276084 0.002418 0.394212 0.000300 0.089950 0.000222 -0.000099 -0.237856 -0.000067 -0.000083 0.000773 -0.308730 0.000250 0.269977 0.528476 -0.000659 -0.000079 -0.115119 0.647131 0.143695 -0.000085 -0.077227 0.183853 -0.000033 -0.000544 0.002686 -0.248550 -0.000222 0.041226 0.510697 0.429249 0.574698 0.027078 -0.000156 -0.000598 0.401876 0.006089 -0.001149 -0.000413 0.167718 -0.000054 -0.323710 -0.146387 -0.000263 0.047713 -0.352341 0.343919 0.000004 0.000004 0.183874 -0.003045 0.005576 0.163786 0.458463 -0.000580 0.006484 0.000254 -0.052836 -0.000023 0.267950 0.000573 0.011223 -0.000079 0.054605 0.126671 0.004559 -0.101771 -0.066799 0.000099 -0.000241 -0.001040 -0.000049 0.000032 -0.369879 0.002432 0.001723 -0.044565 0.043184 0.001607 0.236922 -0.000078 -0.002153 0.106970 -0.009650 -0.189215 0.376291 0.364847 -0.000167 -0.000107 -0.015231 -0.028509 0.000125 0.635662 0.080932 -0.000104 -0.123325 -0.004003 -0.000033 -0.000727 -0.000274 0.012042 -0.327016 0.529469 -0.000015 0.187900 0.002625 -0.001508 -0.000836 -0.000239 0.002165 0.000525 -0.000031 -0.000248 0.001972 -0.000018 0.123667 0.183338 0.158397 0.212735 0.027517 0.408748 0.339890 0.000023 -0.000188 0.025250 0.029996 0.633218 -0.000114 0.085422 -0.276774 -0.300405 -0.000917 0.676010 -0.220330 -0.000904 0.015083 0.000001 -0.000085 -0.015658 -0.000721 0.254371 -0.000190 0.001494 -0.000234 -0.000211 0.153547 0.001020 0.002824 -0.000050 0.016569 0.539564 0.169651 -0.000221 0.211898 -0.000119 -0.000539 0.000185 0.008590 -0.227271 0.120655 0.190748 -0.000045 0.319818 -0.000158 -0.000223 -0.355678 -0.000056 0.201985 -0.000258 0.016195 0.007089 -0.000027 -0.276868 0.346773 0.001293 -0.000235 0.104214 0.000018 -0.000024 0.214627 0.309223 -0.000595 -0.000840 -0.000152 -0.129248 0.267285 -0.000597 0.312674 -0.086632 -0.000080 0.000786 -0.000115 0.461896 -0.000183 0.336121 -0.053895 -0.109338 -0.000044 -0.002923 -0.338869 0.001159 0.562712 -0.032860 0.238041 -0.007231 -0.000315 -0.001533 0.136614 -0.011833 0.000024 -0.000215
0.069574 0.000319 -0.485523 -0.162190 0.303085 0.365815 -0.005226 -0.000013 0.000438 0.000221 -0.000155 -0.955703 -0.066424 -0.072086 -0.000187 0.473940 -0.000099 0.000309 0.000343 -0.000295 0.000193 -0.155097 -0.031478 -0.291138 0.050712 0.008002 -0.000144 -0.002767 -0.000383 0.011137 0.213185 0.191137 -0.000312 -0.525569 -0.001607 -0.281748 -0.439281 0.478416 -0.329106 -0.565499 0.247535 0.305214 -0.000130 0.000204 -0.282501 -1.330113 0.000613 -0.099929 0.006915 0.188226 0.000568 -0.000211 0.167286 0.000154 -0.000178 0.001712 0.120655 0.000043 0.470614 -0.058414 0.001134 -0.000560 -0.122931 -0.179624 -0.691969 0.000144 0.231482 -0.097396 -0.000149 0.003281 0.000364 -1.220674 -0.000007 -0.080443 -0.340392 0.325221 -0.086010 0.123325 -0.000039 0.000697 0.342762 0.012987 0.000598 0.000925 -0.565084 0.000429 -0.177640 -0.347429 0.000305 -0.377079 0.043288 0.371482 -0.000163 0.000020 0.211181 0.053007 -0.005536 0.276375 0.398437 0.000312 1.066637 0.000149 -0.314063 0.001111 0.006359 0.032089 -0.003291 -0.000248 0.374330 0.321766 0.025028 -0.228125 -0.368563 0.000156 -0.000224 -0.001625 -0.000128 -0.000286 -1.164922 -0.004755 0.000473 -0.215838 0.112408 0.000402 -0.097505 0.000225 0.003060 0.273195 -0.073320 0.390984 0.439626 -0.067302 -0.000227 -0.000077 0.180404 -0.033099 -0.000020 0.261821 -0.200253 0.000031 -0.066048 0.004665 -0.000420 -0.001401 -0.000204 0.448204 -0.085830 0.013906 -0.000224 -0.086568 -0.002012 0.010848 -0.000332 0.000124 0.001158 -0.004510 -0.000161 -0.001090 -0.002360 -0.000116 0.031161 0.376408 0.384229 0.324584 -0.166524 0.534453 0.498698 -0.000164 0.000119 -0.831767 -0.119968 -0.063124 -0.000046 0.234668 -0.177932 -0.311322 -0.000212 -0.225688 -0.074272 0.001433 -0.807228 0.000131 0.000154 0.370690 0.001262 -0.485705 0.000234 0.002231 -0.000014 -0.000032 0.178339 0.000342 -0.012705 0.000145 -0.448826 0.370026 0.286343 0.000004 -0.422436 0.000080 -0.000256 -0.000396 0.009273 -0.598840 -0.102655 0.344522 -0.000089 0.491554 0.000161 0.000159 0.091954 0.000286 0.072256 0.000138 -0.348150 0.052131 0.000268 -1.043537 -0.273135 0.000118 0.000251 -0.518363 -0.000032 0.000112 0.059229 -0.155473 0.001667 -0.000426 0.000288 0.474500 -0.225701 0.003892 -0.101887 -0.211904 -0.001857 -0.000562 -0.000292 0.289469 -0.000158 0.050115 0.207180 -0.266914 -0.000070 0.003906 0.346514 0.005239 -0.276308 -0.233806 -0.303522 0.135364 -0.003186 0.533260 -0.131661 -0.200019 -0.000164 0.001208
-0.025399 -0.000150 -0.006080 0.177930 -0.005520 -0.039092 -0.001619 0.000042 -0.000044 0.000209 0.000004 -0.048684 0.028611 0.018100 0.000251 -0.078464 -0.000008 -0.000271 -0.000138 -0.000159 -0.000030 0.172096 0.047088 0.021808 0.047020 0.004969 -0.000138 -0.000117 -0.000534 -0.000107 -0.206212 0.081607 -0.000081 -0.093282 0.023489 -0.126926 -0.057614 -0.001253 0.052303 0.187987 0.067909 0.094230 -0.000233 -0.000124 0.060846 -0.081236 -0.000206 0.073937 -0.006162 -0.038371 -0.000354 -0.000089 -0.094475 -0.000163 -0.000096 -0.002286 -0.000755 -0.000123 -0.061145 0.032162 -0.000138 -0.000233 0.021761 -0.163974 0.033754 -0.000086 -0.041561 -0.086171 -0.000207 -0.001228 -0.000242 -0.280178 -0.000164 -0.111423 0.054746 0.011567 0.018572 -0.236637 -0.000201 -0.000184 -0.262262 -0.000275 -0.000070 -0.000239 -0.084088 -0.000630 0.015069 0.239568 -0.000231 -0.174917 -0.129574 -0.400753 -0.000216 0.000149 0.305488 0.015871 0.001359 -0.095791 0.124602 -0.000841 0.116513 -0.000095 -0.248197 0.000892 -0.146358 0.062796 0.000940 -0.000210 -0.174198 0.134668 0.005502 -0.219073 -0.239778 -0.000221 -0.000647 -0.001826 -0.000168 -0.000165 -0.167280 -0.000573 0.000383 -0.086701 0.102547 -0.001184 -0.195276 -0.000166 0.000212 -0.088783 -0.018877 -0.121640 0.000542 -0.263551 -0.000074 -0.000049 0.091506 -0.076780 0.000111 0.077863 -0.034177 -0.000160 -0.149491 -0.003806 -0.000179 -0.000122 -0.000044 0.029969 -0.271543 -0.015940 -0.000041 0.169688 -0.001445 -0.083926 -0.000001 -0.000260 -0.000557 0.007834 -0.000228 0.000649 -0.000480 -0.000135 0.255509 0.064396 0.028038 -0.008521 -0.064165 -0.000928 0.119519 0.000028 -0.000177 -0.131404 0.251768 -0.099848 -0.000092 0.218933 0.013586 -0.050255 -0.000057 0.056534 -0.344639 0.000313 0.252026 0.000165 -0.000141 -0.076816 0.002706 -0.223946 -0.000210 -0.000225 -0.000053 -0.000138 0.012700 -0.000244 0.003448 -0.000192 -0.206841 -0.179761 -0.222877 -0.000088 -0.110494 -0.000195 -0.000255 -0.000160 -0.070891 -0.208998 0.011424 -0.081748 -0.000064 -0.102480 -0.000002 -0.000088 0.028839 -0.000035 0.359116 -0.000029 -0.144333 0.116727 -0.000589 0.063468 0.093414 -0.001228 -0.000230 0.040121 -0.000139 -0.000128 0.054276 -0.090013 -0.000075 -0.001033 -0.000447 0.095758 -0.110486 -0.001124 -0.046867 0.185017 -0.000187 0.000074 -0.000137 0.131270 -0.000186 -0.114505 -0.002301 0.201523 -0.000016 -0.001767 -0.175197 -0.000314 0.040320 0.015296 0.134225 0.045068 0.003854 -0.016536 -0.065063 0.071037 0.000246 0.000510
-0.001288 -0.000191 -0.000787 -0.000543 0.002310 0.000059 -0.000828 0.000123 -0.000002 -0.000227 -0.000241 -0.005748 0.001713 0.001350 -0.000166 -0.000755 0.000194 -0.000595 -0.000131 0.000065 -0.000085 -0.007210 -0.003024 -0.000124 -0.002029 0.002449 -0.000212 0.000666 -0.000079 0.001141 -0.001525 -0.000321 0.000123 -0.004281 0.001191 -0.001183 -0.001481 -0.000195 0.000033 -0.001288 -0.000384 0.001123 0.000267 -0.000220 -0.005976 -0.003952 0.000482 -0.000835 -0.000779 -0.002637 -0.000071 0.000003 -0.002363 0.000137 -0.000221 -0.000432 -0.002863 -0.000308 -0.006143 0.001637 -0.000199 -0.000091 0.001324 -0.000593 -0.004484 -0.000045 -0.002713 -0.000632 -0.000210 -0.000840 -0.000292 -0.003572 0.000093 -0.002747 -0.000983 -0.000071 -0.001419 -0.004594 0.000079 0.000079 -0.003286 -0.003476 -0.000915 -0.000065 0.003287 -0.000112 0.001325 -0.004088 0.000006 -0.002034 -0.002816 -0.005565 -0.000257 -0.000042 -0.005489 -0.001379 0.001825 0.002053 -0.003322 -0.000207 0.001453 0.000164 0.001572 -0.000389 -0.002298 -0.001013 0.001805 -0.000004 -0.006016 0.001717 0.001365 -0.005521 -0.001032 -0.000134 0.000151 -0.000938 -0.000208 0.000142 -0.002310 0.002301 -0.000029 -0.005191 -0.004034 -0.000373 -0.001254 -0.000444 0.001969 -0.005269 0.005276 -0.003049 -0.003378 -0.000096 0.000263 -0.000074 -0.000511 -0.001265 -0.000027 -0.003404 -0.002438 -0.000231 -0.004141 -0.000720 0.000132 0.000367 -0.000159 -0.001658 -0.003398 0.000972 -0.000053 0.001417 0.000433 -0.007295 -0.000086 0.000232 -0.000005 0.003446 -0.000114 -0.000928 0.000389 -0.000239 -0.000407 -0.005357 0.000065 -0.000202 -0.003894 -0.000137 -0.001775 0.000040 -0.000083 -0.001790 0.001768 0.003872 0.000148 -0.000231 -0.006368 -0.000359 -0.000187 -0.002352 -0.007014 0.000064 -0.005290 0.000238 -0.000022 -0.000854 0.000533 -0.000018 0.000026 -0.000075 0.000021 0.000213 0.000779 0.000859 0.000323 0.000187 -0.001719 -0.000242 -0.003537 0.000088 -0.000415 -0.000010 0.000009 0.000432 0.000091 -0.002307 0.001833 -0.007933 0.000119 -0.002487 0.000126 -0.000148 -0.001119 -0.000108 -0.003791 0.000021 0.000205 0.001882 0.000695 -0.002853 -0.000123 0.001485 -0.000026 -0.004156 0.000004 0.000244 0.000584 -0.006075 -0.000226 -0.000578 -0.000133 -0.004986 -0.000043 -0.000304 -0.000259 -0.002880 -0.000444 -0.000192 0.000024 -0.001103 -0.000045 -0.000089 -0.001524 -0.000536 -0.000212 -0.000646 0.001233 -0.000367 -0.003469 -0.001469 -0.000459 0.001253 -0.000571 0.000695 -0.000280 -0.003703 0.000156 0.000008
0.377127 -0.000117 0.211568 0.131300 0.108852 0.240206 -0.001061 0.000243 -0.000339 -0.000181 0.000204 -0.213425 -0.085281 0.024934 -0.000190 0.117408 0.000108 -0.000612 0.000008 0.000094 -0.000013 0.518467 0.056743 0.071197 0.114029 -0.002696 0.000097 0.001211 0.000031 -0.003479 -0.250255 0.351967 -0.000035 0.403789 0.004747 0.107323 -0.073070 0.032116 -0.095570 0.178641 0.050712 -0.066129 0.000137 -0.000081 -0.093402 -0.551869 0.000177 0.174870 -0.004635 0.288919 -0.000319 0.000073 -0.221890 0.000158 0.000103 -0.000428 -0.021913 -0.000438 0.563855 0.000449 -0.000235 0.000041 -0.352095 0.037314 0.330466 0.000163 -0.144644 0.063305 0.000202 0.002127 0.000091 -0.090152 0.000434 0.027969 -0.060751 0.212526 0.157708 0.058406 -0.000096 -0.000206 0.000042 0.004618 0.000252 0.000653 0.310673 -0.000048 0.258496 -0.049510 -0.000600 -0.393301 0.349080 -0.041200 -0.000018 -0.000127 -0.005981 0.063100 0.000298 -0.091953 -0.136634 0.000286 0.444844 -0.000166 -0.154593 -0.000080 0.202320 0.042607 0.007251 0.000081 -0.414277 -0.008926 0.037564 -0.089782 0.063314 -0.000052 -0.000133 0.001189 0.000213 -0.000101 -0.113794 0.004132 0.000355 0.149405 0.297806 0.000059 0.261064 -0.000042 0.001076 -0.067845 -0.001556 -0.125297 0.246613 0.276791 0.000119 0.000055 0.032749 -0.091434 0.000004 -0.105129 0.107046 -0.000107 0.357830 -0.000933 -0.000115 -0.001900 -0.000035 -0.082587 -0.325909 0.214811 0.000052 0.637284 -0.003274 0.008735 0.000038 -0.000066 -0.000464 -0.001405 0.000068 0.000690 0.000582 0.000248 0.480458 0.046336 -0.180627 0.068835 -0.118611 -0.078275 -0.097187 0.000075 -0.000084 0.000553 0.175155 0.213818 -0.000071 0.229301 -0.039346 0.247455 0.000052 0.043981 -0.493082 0.005502 0.179144 -0.000037 -0.000010 -0.280632 -0.000028 -0.060599 0.000191 -0.016906 0.000112 0.000092 0.184588 -0.000014 -0.000576 0.000283 -0.105352 -0.218750 0.427304 0.000018 -0.065378 0.000079 -0.000648 0.000083 0.083467 0.072506 0.001034 -0.336848 0.000221 0.139179 0.000108 -0.000018 -0.070351 -0.000008 0.550464 0.000034 0.059560 0.018755 0.000037 0.024787 0.123889 -0.000104 0.000111 0.501132 -0.000105 0.000028 -0.174977 0.009395 -0.000341 -0.000757 -0.000159 -0.007334 0.124784 0.002229 0.082506 0.250538 0.000314 0.000232 -0.000158 0.213438 0.000062 0.041524 0.195754 0.302429 0.000226 -0.004008 0.161702 -0.000511 0.178198 -0.131088 -0.070860 0.034711 0.001297 0.730746 0.105915 -0.353087 0.000116 -0.000005
-0.001071 -0.000656 -0.000729 0.000563 -0.002067 0.000741 -0.001627 0.000188 0.000047 -0.000040 0.000206 -0.008751 -0.002571 -0.004305 -0.000133 -0.003627 -0.000031 0.000174 -0.000091 0.000012 0.000151 0.001203 -0.003096 0.001681 -0.004941 -0.002255 -0.000040 -0.000637 -0.000198 -0.002232 0.002910 0.001545 0.000230 -0.003638 0.004642 0.000027 0.007383 0.000901 0.001434 -0.003363 -0.004617 -0.004915 0.000125 0.000202 0.001003 -0.006293 0.000057 -0.000052 0.000623 0.000440 0.000013 0.000065 -0.000934 0.000008 -0.000002 0.000141 -0.008237 -0.000170 -0.006066 0.006458 0.000059 0.000080 0.002721 0.002428 0.004121 0.000013 -0.004738 -0.009628 -0.000063 0.000849 0.000056 -0.008818 -0.000178 0.000578 -0.009651 -0.003362 -0.003544 -0.006231 0.000275 0.000254 -0.000405 -0.002750 0.000099 -0.000051 -0.012132 -0.000113 -0.001543 -0.000550 0.000132 -0.002880 -0.005634 -0.016640 -0.000001 0.000185 -0.005854 -0.002212 0.000224 -0.002399 -0.004646 0.000078 0.004107 0.000379 -0.006410 0.000576 -0.001442 0.002977 0.002065 0.000067 -0.002177 -0.000847 0.002627 -0.002876 -0.007784 0.000147 0.000085 -0.001184 -0.000219 0.000206 -0.008227 -0.001288 0.000278 -0.009753 -0.004272 -0.000182 0.000126 0.000082 0.000898 -0.009381 -0.009312 -0.002303 -0.005759 -0.000971 0.000052 0.000257 -0.003202 -0.004735 -0.000106 0.008316 0.003439 0.000170 -0.009135 0.011519 -0.000126 -0.000369 -0.000100 -0.002153 -0.015897 0.003875 0.000127 -0.000212 0.003830 -0.001196 0.000055 -0.000121 -0.000384 0.007745 0.000051 0.000200 0.000182 0.000077 -0.009899 -0.003970 0.000143 0.001755 -0.005488 -0.000292 -0.003180 0.000256 0.000003 -0.007681 0.002832 -0.001042 0.000910 0.007467 -0.012305 0.005872 -0.000037 0.001811 -0.017025 0.002749 -0.005612 0.000217 0.000024 -0.003732 -0.000747 0.001253 0.000073 -0.002473 -0.000040 -0.000155 0.000635 -0.000201 -0.004697 -0.000054 -0.013110 -0.000063 -0.013345 0.000017 -0.006353 -0.000035 -0.000193 -0.000143 -0.000571 -0.003013 -0.003676 -0.011798 0.000255 -0.002537 0.000221 0.000093 0.000733 -0.000143 -0.003930 0.000164 0.001442 0.002852 0.000151 0.001599 -0.000744 -0.000044 -0.000126 -0.005051 -0.000039 -0.000234 -0.005129 -0.010332 -0.000114 -0.000695 0.000117 -0.001310 -0.002077 0.000588 0.001952 -0.000407 -0.000075 0.000040 0.000000 -0.001122 0.000148 0.004874 -0.006696 -0.002025 0.000072 -0.002469 -0.013727 -0.000083 0.000378 -0.001377 -0.005839 -0.000025 0.000243 0.001781 -0.000488 0.005517 -0.000005 0.000459
0.000977 -0.000492 -0.000125 -0.003399 -0.003398 0.000659 -0.000425 -0.000011 0.000035 0.000165 -0.000118 -0.001944 -0.002010 -0.002533 0.000105 -0.000290 0.000055 0.000091 0.000089 0.000208 0.000029 0.000402 -0.001003 0.000205 0.001273 0.001222 0.000110 0.000660 -0.000283 -0.000061 -0.001450 -0.000602 0.000161 -0.002196 -0.001307 -0.000509 -0.000035 -0.001661 -0.002195 0.002493 -0.004475 0.000294 -0.000228 -0.000122 0.001376 -0.000265 0.000091 0.001006 -0.000807 0.000689 -0.000263 0.000084 -0.001579 -0.000200 -0.000047 0.000447 0.001598 -0.000220 -0.001274 -0.000186 0.000025 0.000281 -0.001826 -0.000479 -0.002388 0.000147 -0.002332 0.000272 0.000099 0.001613 0.000049 -0.001317 0.000049 -0.001573 -0.000813 -0.000502 -0.000584 0.000161 0.000293 0.000057 -0.003786 -0.000046 0.000771 0.000665 0.000432 -0.000718 -0.000793 -0.000516 0.000185 -0.003454 -0.001593 -0.004301 0.000170 -0.000054 -0.000005 -0.000448 0.000041 -0.001230 -0.002183 -0.000332 -0.002973 -0.000160 -0.000370 0.000171 -0.001370 -0.001582 0.002284 -0.000197 -0.005056 0.000988 -0.003001 -0.000700 -0.005077 0.000106 -0.000123 0.000165 0.000079 -0.000030 -0.000866 -0.001586 -0.000071 0.000156 0.000018 0.001057 -0.000723 0.000252 -0.000575 -0.002137 0.001939 -0.003146 -0.004233 -0.000797 0.000196 0.000063 0.000604 -0.004523 -0.000034 0.001252 0.000215 -0.000139 0.001012 -0.003026 -0.000573 -0.000722 -0.000196 -0.000692 -0.002118 0.001649 0.000254 -0.000306 0.000520 -0.003424 -0.000153 -0.000251 0.001189 -0.002177 0.000243 -0.000058 0.001465 0.000033 0.000292 -0.001857 0.000455 -0.002067 -0.002274 -0.001573 0.002825 -0.000186 0.000093 -0.000926 0.000780 0.000922 -0.000631 -0.001211 -0.002248 -0.001062 0.000277 -0.000554 -0.004232 -0.000606 -0.001981 0.000060 -0.000022 0.000674 -0.000223 0.000023 0.000026 -0.001393 0.000224 -0.000056 -0.000375 -0.000483 0.000365 -0.000002 -0.001565 -0.001451 -0.000297 -0.000043 -0.002395 0.000027 0.000055 0.000245 0.000272 -0.001691 0.000157 -0.003285 0.000171 -0.000951 0.000047 0.000239 0.001246 0.000189 0.000593 -0.000188 -0.001764 0.000344 -0.000172 -0.001576 -0.001124 0.000641 -0.000019 -0.001455 0.000111 -0.000197 -0.000504 -0.000531 -0.000020 -0.000666 -0.000091 -0.000482 -0.000870 -0.000832 -0.000131 -0.000924 0.000359 0.001271 0.000030 0.001198 -0.000075 -0.001834 0.000298 0.000924 0.000220 0.000064 -0.004834 -0.000495 -0.002020 0.000208 0.000655 0.000779 -0.001140 0.003081 -0.000046 -0.000867 -0.000095 -0.000133
-0.002780 -0.000055 0.000371 -0.000560 -0.002124 -0.001033 0.001242 -0.000177 -0.000138 -0.000134 0.000103 -0.002203 -0.002482 -0.002133 0.000186 -0.002398 0.000081 -0.001440 0.000207 0.000259 0.000151 -0.000575 -0.001999 -0.001291 0.001211 0.000452 -0.000006 0.000218 -0.000337 -0.000042 0.001954 -0.002612 -0.000132 -0.000421 -0.000637 -0.003360 0.002071 -0.001807 -0.002951 -0.000296 -0.002821 0.000286 -0.000236 -0.000129 -0.002414 -0.004873 0.000304 -0.000153 -0.000675 0.000040 -0.000328 0.000151 -0.002871 -0.000118 0.000080 -0.001036 -0.001074 -0.000247 -0.004452 -0.000295 -0.001372 -0.000028 -0.000912 -0.002815 -0.003308 -0.000000 -0.000451 -0.004003 0.000048 0.000152 -0.000281 -0.001663 0.000047 0.002030 -0.001931 -0.001455 0.000939 -0.000077 -0.000019 -0.000767 -0.001562 0.000108 0.000040 -0.000089 -0.003379 -0.000134 -0.001335 -0.001816 -0.000501 -0.005394 -0.004365 -0.005765 0.000125 -0.000015 -0.000490 -0.000306 0.000465 -0.001015 0.000282 0.000577 -0.003123 0.000349 -0.000270 -0.000800 -0.001156 -0.000434 0.001275 -0.000000 -0.001487 0.002097 -0.001727 -0.002265 -0.001856 -0.000088 0.000472 0.000248 0.000252 -0.000020 -0.003309 -0.000248 0.000217 -0.003343 0.000030 -0.000184 -0.001993 0.000123 -0.000651 -0.000962 0.000372 -0.003758 0.000316 -0.001126 0.000266 0.000120 -0.001596 -0.000474 -0.000176 0.000926 0.001108 -0.000002 -0.001295 0.002043 -0.000098 0.000557 -0.000041 0.000474 -0.002545 -0.000293 0.000172 0.000480 -0.002805 -0.000085 0.000022 -0.000196 0.000076 -0.001260 0.000013 0.000411 -0.001007 0.000013 0.000678 0.000556 -0.001257 0.000140 -0.003436 -0.001920 -0.001553 -0.000253 0.000030 -0.003065 -0.000776 -0.001139 -0.000650 -0.000046 -0.003366 -0.001497 0.001411 0.001294 -0.002207 -0.000179 -0.000040 -0.000128 0.000240 -0.000742 0.000514 -0.002972 0.000190 -0.001090 -0.000062 0.000120 -0.000724 0.000257 -0.000728 -0.000036 -0.005157 -0.000662 -0.000371 -0.000137 -0.002090 -0.000011 -0.001124 -0.000034 0.000164 -0.002647 0.001085 -0.001647 -0.000146 0.000030 0.000180 -0.000101 -0.000011 0.000268 0.000808 0.000123 0.000439 -0.000734 -0.000189 0.000618 0.000508 -0.001155 -0.000057 0.000134 -0.000129 0.000126 0.001816 -0.002059 -0.000193 0.000831 -0.000320 -0.000764 0.000521 -0.000380 -0.000163 0.000577 0.000202 -0.000158 -0.000244 -0.001731 -0.000170 -0.002069 -0.003263 -0.002641 0.000191 -0.001691 -0.001444 0.000220 -0.001264 0.001377 -0.001322 -0.000114 -0.000600 0.000627 -0.001057 -0.001353 -0.000119 -0.000148
0.103174 -0.000049 0.064564 -0.116514 0.088862 -0.187520 0.000506 0.000133 0.000109 0.000125 0.000147 0.069344 -0.330025 0.018416 0.000169 -0.041236 0.000262 -0.000376 -0.000251 0.000016 -0.000011 0.266448 0.022376 -0.171515 0.009486 0.000769 0.000165 0.000158 0.000011 0.000474 -0.068912 0.160436 0.000277 -0.392677 -0.002072 0.560719 -0.476217 0.221411 -0.094309 0.082895 -0.076192 0.163063 -0.000093 -0.000521 -0.087197 0.088226 0.000142 0.314746 -0.000863 -0.080376 0.001427 0.000021 -0.060868 -0.000017 -0.000041 0.000010 -0.188017 -0.000187 0.093176 0.326027 -0.000375 -0.000011 0.037388 -0.010099 -0.016606 0.000217 -0.201744 0.148328 0.000062 -0.002183 0.000353 0.346454 -0.000054 0.006127 -0.264985 0.384367 0.172937 0.256469 -0.000175 0.000709 0.196776 -0.000045 0.000055 -0.000768 0.022942 0.000256 0.406382 0.004940 -0.000844 0.076739 -0.203758 -0.052761 0.000238 -0.000043 -0.015082 0.043858 0.000004 0.296904 -0.087546 -0.000537 0.429399 0.000520 0.013118 -0.000345 0.466469 0.055797 -0.001497 -0.000072 0.050717 0.034066 -0.014885 -0.041999 -0.097232 0.000130 -0.000009 -0.000284 0.000058 0.000086 -0.000269 -0.001814 0.000887 0.258183 -0.083688 -0.000152 -0.066228 -0.000018 -0.000138 -0.091922 -0.009638 -0.198536 -0.018532 -0.075184 -0.000065 0.000072 0.059220 -0.007614 -0.000042 0.486298 0.006636 0.000076 -0.116541 -0.002298 0.000961 -0.000176 0.000394 -0.073834 -0.108430 0.024652 -0.000032 -0.277237 0.001940 -0.002001 0.000329 0.000066 0.000064 -0.002710 -0.000127 -0.000410 -0.000518 0.000110 0.078418 -0.388942 -0.117404 0.347613 -0.171398 -0.346350 0.238752 -0.000169 -0.000136 -0.060275 0.123264 -0.266044 0.000048 -0.389932 0.300919 0.110872 0.000056 0.058821 -0.540788 -0.000487 0.427612 0.000017 0.000069 -0.160000 -0.000872 -0.153283 0.000225 0.003281 -0.000233 0.000012 -0.108899 -0.000467 0.003690 0.000236 -0.248720 0.079424 0.371494 0.000089 0.049160 0.000176 0.000905 0.000427 -0.003904 0.136132 0.014798 -0.613049 0.000124 -0.329570 -0.000070 0.000136 0.032032 -0.000014 0.546694 -0.000090 -0.093353 0.003294 0.000052 -0.358750 0.238310 -0.000614 -0.000073 0.214482 0.000130 0.000241 -0.063300 0.344814 -0.000118 0.000044 0.000014 0.116407 0.084311 0.003983 -0.191847 0.743601 -0.000174 0.000127 -0.000112 0.190547 0.000147 -0.215811 0.083455 0.105693 0.000102 -0.000608 -0.094404 -0.002860 0.409536 -0.140306 0.510064 -0.056853 0.000198 0.259005 0.244590 0.153020 0.000050 0.000344
0.000066 0.000235 -0.000421 -0.000850 -0.000653 -0.000870 0.001821 0.000098 -0.000014 0.000174 -0.000185 0.001328 -0.000278 -0.001684 -0.000043 -0.001685 -0.000069 -0.000265 -0.000970 -0.000202 0.000081 0.000095 -0.000935 0.000566 -0.000589 -0.000622 -0.000171 -0.000193 -0.000599 -0.000817 -0.001828 -0.001200 0.000211 -0.003270 -0.001445 -0.002648 0.000982 -0.001819 -0.001846 -0.000953 -0.000124 -0.000330 -0.000015 -0.000012 -0.002151 -0.000455 0.001070 -0.000309 -0.000242 0.000307 0.000300 -0.000031 -0.000391 -0.000022 0.000003 -0.000610 0.001500 0.000068 -0.000194 -0.000480 -0.000181 0.000353 -0.001770 -0.000980 -0.001353 -0.000089 -0.001395 -0.000016 -0.000217 -0.001083 -0.000526 -0.000435 0.000057 -0.001173 0.000512 0.000792 -0.001351 -0.000846 -0.000128 -0.000002 -0.000704 0.000033 -0.000165 -0.001094 -0.000982 -0.000340 -0.000725 -0.000267 -0.000374 0.000272 -0.004514 -0.001406 -0.000199 0.000259 -0.000637 -0.000950 -0.000495 -0.000300 -0.000880 -0.000380 -0.000767 0.001003 -0.000620 0.000522 -0.001177 -0.001378 -0.000001 -0.000041 -0.000691 -0.001042 -0.002446 -0.001631 -0.002936 -0.000076 0.000113 -0.001619 0.000187 -0.000183 0.000605 -0.001117 -0.000662 -0.001134 0.000215 0.000316 -0.000037 0.000075 -0.000581 -0.001749 -0.001294 -0.002130 -0.001344 0.000376 -0.000221 -0.000172 0.001966 -0.004050 0.000154 0.001443 -0.000442 -0.000136 -0.001154 0.000665 -0.000186 0.000555 -0.000154 0.002969 -0.001125 0.000910 -0.000210 0.000409 0.000950 -0.001135 0.001587 -0.000181 -0.000080 -0.001193 -0.000022 0.000151 -0.000301 0.000001 -0.000803 -0.002450 -0.000921 -0.000328 -0.002830 -0.000612 -0.003165 -0.000007 -0.000017 -0.000404 -0.000124 -0.000141 -0.000689 -0.000914 -0.002204 -0.001001 -0.000063 -0.000017 -0.003345 -0.001137 -0.003121 0.000057 -0.000091 -0.001429 -0.000729 -0.001974 -0.000187 -0.001859 0.000450 -0.000165 -0.000334 -0.000020 -0.001452 -0.000104 -0.000144 -0.000033 -0.000418 0.000149 -0.003525 -0.000154 -0.000503 0.000123 -0.000586 0.000164 0.001953 -0.001342 -0.000202 -0.000533 -0.000057 -0.000113 -0.000032 -0.000191 -0.002240 -0.000038 -0.000449 0.000514 0.000003 -0.001796 -0.000221 -0.000044 0.000206 -0.002513 0.000094 -0.000056 -0.001739 -0.001161 -0.000244 0.001866 -0.000229 -0.000553 -0.001977 -0.000086 0.000062 0.000847 -0.000067 0.000104 -0.000930 -0.002647 -0.000091 -0.000103 -0.002355 -0.000192 0.000160 0.000781 -0.003083 -0.000776 -0.000293 -0.001475 -0.000983 -0.001163 -0.000852 -0.001168 0.000226 -0.001668 -0.000137 -0.000334
-0.013535 0.000121 -0.000004 0.003945 -0.005848 0.000619 -0.000472 -0.000034 0.000148 -0.000188 -0.000019 -0.006497 -0.002597 -0.002149 -0.000220 -0.007100 0.000049 0.000481 -0.000026 0.000171 0.000050 0.002592 -0.002227 -0.001031 0.002972 0.001102 -0.000332 0.000099 0.000154 0.000923 0.002539 0.000695 0.000094 -0.002464 0.003936 -0.003592 0.000531 0.002959 -0.006296 -0.003632 -0.005440 -0.003384 -0.000137 -0.000044 -0.006143 -0.003712 -0.000091 -0.000316 -0.001683 -0.004274 0.000050 0.000034 -0.001720 -0.000098 -0.000061 -0.000360 -0.002599 -0.000026 -0.007258 -0.000232 0.000280 -0.000447 -0.005383 0.004426 -0.003645 0.000122 -0.011034 -0.002520 0.000093 0.002604 0.000485 -0.004272 0.000099 -0.001081 -0.001174 -0.000193 0.000812 -0.004220 0.000314 0.000835 -0.001321 0.002541 0.000263 -0.000705 -0.000139 0.000437 -0.001617 0.001007 -0.000182 -0.006000 -0.001223 -0.004774 -0.000047 0.000003 -0.002677 -0.002511 0.003126 -0.004119 -0.003221 -0.000532 -0.000377 0.000652 0.002229 -0.000238 0.001756 0.000778 -0.000565 -0.000035 -0.011200 -0.003814 -0.004721 -0.000934 -0.001489 0.000209 -0.000293 0.000588 0.000054 -0.000035 -0.012142 -0.003039 -0.000234 -0.007724 0.003456 0.000402 0.000584 0.000112 -0.000582 -0.005240 -0.002245 -0.004687 -0.008741 -0.001936 0.000200 0.000032 0.001909 -0.007135 0.000233 0.001192 0.002853 -0.000063 -0.011514 -0.000827 -0.000589 0.000018 0.000003 -0.006391 -0.005422 0.006752 -0.000144 0.000797 0.000371 -0.002837 -0.000305 0.000250 -0.000399 -0.001640 0.000224 -0.000933 -0.001679 0.000074 -0.000469 -0.001769 -0.007403 0.000709 -0.004698 -0.002140 -0.002005 -0.000227 -0.000250 -0.003128 0.000062 -0.004399 -0.001208 -0.004042 -0.009188 -0.000264 -0.001010 -0.001319 -0.012295 -0.000307 -0.002887 -0.000232 -0.000029 0.001351 0.001100 -0.007610 -0.000126 0.000454 0.000121 0.000100 0.002236 0.000838 0.001009 0.000044 -0.004897 0.000761 -0.010656 -0.000255 -0.009158 -0.000261 -0.000379 -0.000311 -0.000627 -0.008161 -0.002647 -0.007357 0.000261 -0.002270 -0.000019 0.000077 -0.010234 -0.000005 -0.008047 -0.000231 -0.007325 -0.002555 0.000145 -0.001536 -0.005216 0.000282 0.000284 -0.001140 0.000320 0.000161 0.001529 0.000501 0.000082 -0.001002 0.000131 -0.004267 -0.002811 0.001503 0.002019 -0.002251 -0.000243 0.000712 -0.000440 -0.009087 0.000147 -0.000869 0.002368 -0.001008 -0.000170 0.001331 0.002182 -0.001036 0.005009 -0.002321 -0.001915 -0.004349 -0.000103 0.000341 0.004327 -0.003637 -0.000209 0.000033
-0.062944 0.000674 0.199717 0.114178 -0.146040 -0.207377 -0.000102 -0.000121 0.000057 0.000169 0.000057 0.032169 -0.136124 -0.034172 -0.000061 0.007749 0.000316 -0.000334 0.000236 0.000236 0.000163 -0.151893 0.005517 0.281809 -0.156671 0.015496 0.000204 0.000572 0.000052 -0.002353 0.294187 -0.370797 -0.000118 -0.008620 -0.003046 -0.063155 0.039647 -0.232306 0.418536 0.143367 -0.220307 0.253258 0.000111 0.000203 0.187114 0.184463 -0.000101 0.026400 0.000727 0.059718 0.000217 0.000096 0.054057 0.000233 0.000217 0.000190 0.397206 -0.000339 -0.058966 0.264077 0.000051 -0.000006 0.277716 0.050605 0.166936 0.000259 0.164149 0.012593 -0.000179 -0.003986 -0.000222 -0.059823 -0.000248 0.011657 0.093736 0.045947 0.121754 0.544701 0.000146 0.000193 -0.009736 -0.001876 -0.000099 -0.000229 0.130631 0.000016 -0.186081 0.196362 0.000645 -0.206029 -0.207687 -0.133197 -0.000043 0.000145 0.063742 -0.008527 -0.001552 -0.041073 -0.135913 -0.000976 0.344874 -0.000082 -0.057040 -0.001120 0.293946 -0.002392 -0.001269 -0.000037 -0.014186 -0.065028 -0.032368 0.094950 0.016660 0.000255 -0.000401 -0.000755 -0.000039 -0.000230 0.166140 -0.003564 -0.008821 -0.162441 0.148610 0.001406 0.159783 -0.000005 0.002445 -0.401535 -0.020956 -0.188948 -0.202312 0.020845 0.000179 0.000110 0.038753 0.086232 -0.000077 0.041609 -0.059657 -0.000002 -0.011291 -0.002852 -0.000233 -0.000533 0.000334 0.023765 -0.091897 0.510421 0.000094 0.062411 0.001267 -0.001461 0.000315 0.000074 0.000025 0.001657 0.000045 -0.000032 0.001480 0.000120 -0.070584 -0.148747 0.046530 0.233435 -0.179141 0.174169 -0.029604 -0.000013 -0.000038 -0.179751 -0.092953 -0.000661 -0.000070 -0.104972 -0.010992 0.018938 0.000077 0.590713 -0.557646 -0.000016 -0.016086 -0.000174 0.000117 -0.127791 0.000326 0.020663 0.000069 -0.009227 0.000562 0.000011 -0.067656 -0.000283 0.012505 -0.000024 -0.024951 0.188734 -0.000589 -0.000152 -0.121470 0.000013 -0.001179 0.000172 0.040790 -0.250367 0.139457 -0.074291 0.000022 0.036696 0.000083 0.000186 -0.036530 0.000145 0.183856 0.000191 0.194026 -0.015628 -0.000143 0.184933 0.010386 0.001411 -0.000047 0.050425 -0.000009 0.000119 0.098026 -0.036908 -0.000271 -0.001066 0.000119 0.193671 0.196201 -0.001065 0.532827 -0.042364 0.000487 0.000691 0.000028 -0.166153 0.000099 -0.093664 0.279365 0.051701 0.000192 -0.003613 0.170811 -0.003397 0.231274 0.319422 0.107062 -0.008617 -0.000905 -0.041796 0.059722 -0.060006 0.000084 -0.000164
0.002068 -0.000057 0.371086 -0.410811 0.418512 -0.344403 -0.000914 -0.000193 0.000113 -0.000079 -0.000031 -0.067223 -0.115105 0.024064 -0.000080 -0.585550 -0.000174 0.000133 -0.000114 0.000008 -0.000031 -0.059891 0.031782 0.009542 0.042971 0.000058 -0.000050 -0.000218 -0.000208 0.002951 0.224883 -0.261438 0.000034 -0.145047 0.005713 -0.041336 -0.027927 -0.040773 0.167042 0.187390 0.344418 0.001862 -0.000097 -0.000173 0.037369 0.251378 -0.000255 0.011090 -0.000606 0.293034 -0.000180 0.000003 0.227137 -0.000175 -0.000160 0.000943 0.073079 -0.000008 0.093478 0.158964 -0.000029 -0.000204 0.055533 0.181373 0.336938 -0.000226 -0.146507 0.288011 -0.000013 0.003267 0.000105 -0.080858 0.000124 0.129345 0.279778 0.170626 -0.292229 -0.016232 -0.000239 -0.000027 0.269061 0.001095 0.000794 -0.000282 -0.144000 -0.000110 0.178546 0.213737 -0.000150 0.073640 -0.346364 -0.278325 -0.000032 0.000096 0.149362 -0.010500 0.000800 0.209440 0.438180 0.001683 0.162515 -0.000253 0.104856 -0.000642 0.327849 0.010450 0.000833 -0.000236 -0.128818 0.012247 -0.000156 0.100750 -0.190458 0.000065 -0.000260 -0.001504 -0.000165 0.000003 -0.185717 -0.001184 -0.000258 0.274480 0.546271 0.001620 0.073311 0.000014 0.002774 -0.260917 -0.087185 -0.134333 -0.078656 0.270402 -0.000120 -0.000218 -0.071779 -0.142766 0.000058 0.041628 0.043583 -0.000078 0.106773 0.000288 -0.000176 -0.001841 -0.000496 -0.133397 -0.175858 -0.059181 -0.000065 0.743328 0.003350 -0.001918 -0.000128 -0.000142 0.004281 0.001724 -0.000037 0.002591 0.000797 -0.000022 0.443056 0.175881 0.262848 0.242779 0.083320 0.017864 0.634375 -0.000226 -0.000255 0.142345 0.018276 0.013248 -0.000911 -0.212747 0.026073 0.159859 -0.000239 -0.209877 -0.452118 -0.000172 0.166040 0.000093 0.000134 0.174322 -0.000493 -0.359992 -0.000147 0.004914 -0.000081 -0.000051 -0.236620 -0.000058 0.004401 -0.000250 0.146962 -0.101771 0.254439 0.000108 -0.009733 -0.000034 0.000849 -0.000711 0.019003 -0.311061 0.003045 -0.070250 -0.000178 0.013151 -0.000225 -0.000154 0.004094 -0.000133 0.156513 -0.000237 -0.147992 0.011021 -0.000077 0.045657 0.486749 -0.000067 0.000035 0.171296 -0.000236 -0.000049 -0.231450 0.255875 -0.000192 -0.000723 -0.000131 0.235997 0.083803 0.001151 0.419121 0.074670 -0.000168 0.000751 -0.000107 0.198445 -0.000198 -0.143095 0.454352 0.590177 0.000111 0.002467 -0.086675 0.001203 0.240648 -0.059959 0.156110 0.029808 0.003620 0.232791 0.048161 -0.217830 -0.000085 0.001114
0.172722 -0.000034 -0.138874 0.001231 -0.031150 -0.000986 -0.000519 0.000177 -0.000137 -0.000061 0.000123 0.113576 0.144413 -0.087451 -0.000041 0.009262 0.000093 0.000217 -0.000374 0.000130 -0.000211 -0.068792 -0.004265 0.031376 -0.043997 0.004088 0.000310 0.002262 -0.000363 -0.000475 0.168201 -0.068031 0.000227 -0.007821 0.009826 -0.051928 0.166156 0.018200 0.149191 -0.058327 0.172951 -0.114262 0.000123 0.000070 0.055891 0.220752 0.000015 0.118939 0.014894 -0.220523 -0.000769 0.000121 -0.074245 0.000052 0.000163 -0.000548 0.087866 -0.000196 0.045689 -0.273409 -0.000319 0.000047 -0.256812 0.060350 -0.077748 -0.000282 -0.184367 -0.107712 -0.000024 0.001013 -0.000201 -0.053049 0.000162 0.036148 -0.295659 0.176173 0.065303 0.067264 0.000144 -0.001777 0.705747 -0.003037 -0.001523 0.001090 -0.044320 0.000117 -0.031879 0.117532 0.000108 -0.155684 -0.406000 0.093141 0.000176 0.000051 -0.401566 -0.006973 0.007457 0.138823 -0.010081 0.001321 -0.277027 -0.000392 -0.056399 -0.000130 -0.268720 0.037647 0.007518 0.000175 -0.109335 -0.343875 0.001222 -0.250629 0.126756 -0.000053 -0.000222 0.000322 0.000109 0.000167 0.320026 -0.004545 0.008573 0.245753 0.019253 0.000595 -0.273923 -0.000097 0.006599 -0.316852 0.015608 -0.485199 -0.191839 0.098736 0.000102 0.000080 -0.166664 -0.112334 0.000038 0.227493 0.112217 0.000108 -0.181513 0.001294 0.000603 0.003065 -0.000102 0.318889 0.466337 0.105939 0.000196 0.107715 0.001969 -0.026366 -0.000167 0.000133 0.000712 -0.004350 0.000084 -0.000891 0.004637 0.000059 -0.179576 -0.349656 0.057359 0.366371 -0.086229 -0.109644 -0.084373 0.000085 -0.000192 -0.161723 -0.218028 -0.034357 -0.000250 0.207751 0.089043 0.031053 0.000888 0.781081 -0.646255 0.004113 0.012122 0.000124 -0.000084 -0.404911 -0.002974 0.151212 -0.000124 0.075033 -0.000018 0.000010 -0.002063 0.000306 -0.003679 0.000181 0.154691 -0.151220 0.003609 0.000061 -0.215704 0.000050 -0.000083 0.000142 0.073631 0.117805 -0.058874 -0.139880 -0.000003 -0.336578 0.000007 -0.000093 -0.035292 0.000069 0.059604 0.000045 0.232314 -0.035648 -0.000070 0.396033 -0.082959 0.000595 -0.000047 -0.135110 0.000211 0.000008 -0.028964 -0.157261 -0.000136 -0.000003 -0.000033 0.029551 0.229968 0.001175 -0.299728 -0.040580 0.000069 -0.000725 -0.000090 0.430826 0.000061 -0.118613 -0.098254 0.016136 -0.000189 0.007880 -0.216220 -0.001745 0.199841 0.081990 0.278298 0.022062 0.001325 0.016871 -0.114068 0.218634 0.000126 0.000243
-0.003732 0.000301 0.009129 -0.006117 0.003360 -0.003674 -0.002128 0.000048 -0.000185 0.000075 0.000083 0.001186 -0.003499 -0.003023 0.000176 0.000192 0.000066 -0.000263 0.000039 -0.000149 0.000153 -0.002399 0.001728 -0.003480 0.003475 0.003868 0.000187 -0.002919 -0.000155 0.001563 -0.006418 0.000510 0.000079 -0.006911 0.000955 0.004924 0.004794 0.000005 -0.007909 0.002680 -0.002587 0.000734 -0.000230 -0.000009 0.002129 -0.005589 0.000146 0.000253 -0.001515 0.006942 0.000006 0.000145 0.006136 0.000209 0.000062 -0.001268 -0.005084 0.000042 0.000031 0.005480 0.000392 -0.000072 -0.007307 -0.001751 -0.016823 0.000043 -0.007779 -0.002877 0.000107 0.001947 -0.000024 -0.007472 0.000006 0.007950 0.000447 0.007299 -0.008118 -0.005027 0.000007 -0.000775 0.013897 0.000076 0.000526 0.001265 -0.011084 -0.000080 0.016870 -0.013177 -0.000954 -0.001647 0.002967 -0.000922 0.000168 0.000117 -0.000858 0.007023 -0.002095 0.004257 0.001219 0.000403 -0.003092 -0.000081 -0.000556 -0.000062 0.000250 -0.004462 0.002766 -0.000162 -0.003579 0.000153 -0.001595 -0.012694 -0.014098 0.000221 -0.000283 -0.000930 -0.000015 0.000153 0.001544 0.008403 -0.000284 -0.015880 -0.006370 0.000301 0.002427 -0.000190 -0.003490 -0.003054 -0.007159 -0.015302 -0.002463 0.003350 0.000002 -0.000092 0.002997 -0.001426 0.000207 -0.000029 0.000239 -0.000026 0.003969 -0.005069 -0.000471 0.002852 -0.000361 -0.008491 -0.008258 -0.006459 -0.000172 0.006054 0.003605 0.008159 -0.000089 0.000171 0.000326 0.004434 0.000261 0.000104 -0.000756 -0.000201 -0.012482 -0.008492 -0.016042 -0.001154 -0.010807 0.000462 -0.005969 0.000196 0.000213 -0.002682 0.003562 0.004611 0.000641 0.001026 0.001834 -0.002577 -0.000154 0.000181 -0.018419 0.000005 -0.007267 0.000138 -0.000200 -0.002342 -0.000096 -0.005300 -0.000135 0.004917 0.000176 0.000005 0.008671 0.000571 -0.005889 -0.000084 -0.005580 0.000255 -0.003285 -0.000078 0.008724 0.000054 0.000052 0.000019 -0.003973 -0.018439 -0.006968 -0.003363 -0.000157 0.009771 -0.000034 0.000105 0.000249 0.000089 0.009412 0.000137 -0.002740 -0.002455 0.000343 -0.006842 0.003326 -0.001861 -0.000149 -0.021829 0.000042 0.000104 -0.004557 -0.001234 -0.000187 -0.000190 -0.000128 -0.002218 0.013513 0.006762 0.005017 -0.000924 -0.000024 0.000230 -0.000304 0.001456 -0.000094 -0.001366 -0.010967 0.008283 -0.000123 -0.001856 -0.004203 0.000908 -0.002062 -0.002584 -0.000528 0.002343 -0.003520 0.006998 -0.007389 -0.002816 0.000093 0.000057
0.000124 -0.000128 -0.001891 0.000860 -0.003973 0.001758 -0.000195 0.000239 -0.000081 -0.000201 -0.000055 0.003008 -0.000801 -0.000386 0.000104 0.001264 -0.000145 0.002578 -0.000266 0.000130 0.000033 -0.001087 -0.003652 -0.001065 -0.002822 -0.000220 -0.000037 -0.000150 -0.000253 -0.000240 0.000097 -0.000786 0.000249 0.003012 -0.001582 -0.003889 -0.002825 -0.001209 -0.000615 0.002322 -0.001754 -0.000185 -0.000094 -0.000198 0.000942 -0.000415 -0.000299 -0.000304 0.000172 0.000994 0.000079 0.000136 -0.001366 0.000206 0.000001 0.000023 -0.000356 -0.000048 -0.001571 -0.000257 -0.000237 -0.000150 -0.001589 -0.001284 -0.000129 -0.000051 -0.002337 -0.002591 0.000223 -0.002413 -0.000136 -0.001721 0.000237 -0.000885 0.000179 -0.000250 0.001037 -0.002980 -0.000037 0.000178 -0.001339 -0.000073 -0.000046 -0.001469 -0.001607 -0.000000 -0.002477 0.000705 0.000111 -0.002189 -0.003431 -0.002899 0.000150 -0.000164 -0.005369 -0.000011 -0.001494 0.001424 -0.005489 -0.000862 -0.002033 -0.000037 -0.000180 -0.000226 -0.000075 -0.001103 -0.005486 0.000018 -0.000943 0.001308 -0.004584 -0.002528 -0.000111 0.000024 0.000064 -0.000110 -0.000145 0.000268 -0.001000 -0.001040 -0.000311 -0.003637 -0.001740 0.000147 -0.001108 -0.000074 -0.002656 -0.000657 -0.001411 -0.003782 -0.001016 -0.002441 0.000022 -0.000021 -0.000827 -0.001714 0.000192 -0.002746 -0.000587 -0.000239 -0.002077 0.000744 -0.000060 -0.000308 0.000620 -0.002018 -0.001968 -0.000245 -0.000019 0.000266 0.002114 -0.000003 -0.000129 -0.000156 -0.000202 0.000557 0.000078 -0.000168 -0.000060 -0.000101 -0.001981 -0.002209 -0.001037 -0.001590 -0.002150 -0.000567 -0.000647 -0.000220 -0.000110 -0.002198 -0.000068 0.000096 -0.000236 -0.000874 -0.006288 -0.001392 -0.000100 -0.001472 -0.005241 -0.000210 -0.001727 -0.000121 -0.000163 -0.001616 -0.001545 -0.001148 0.000160 0.001052 -0.000080 -0.000142 0.001618 -0.000137 -0.000963 0.000053 -0.000922 0.000574 -0.004622 -0.000107 -0.000633 -0.000205 0.000122 -0.000222 -0.000185 -0.002452 -0.001645 -0.002169 -0.000053 -0.000552 -0.000151 -0.000053 -0.003970 -0.000120 0.002178 -0.000010 -0.002601 -0.000118 0.000002 -0.000223 -0.001668 0.000838 -0.000111 -0.000894 0.000020 0.000179 0.000422 -0.004461 0.000067 -0.000126 -0.000014 -0.000670 -0.000687 -0.000153 0.000838 -0.001704 -0.000111 -0.000117 -0.000298 -0.000784 -0.000041 -0.000262 -0.000943 -0.000490 -0.000041 0.000845 -0.001945 -0.000203 -0.000345 -0.000368 -0.000376 -0.001405 -0.002040 -0.002401 -0.000838 -0.001966 -0.000138 -0.000165
-0.116788 -0.000146 0.882940 -0.193540 -0.189614 0.350470 -0.002894 0.000209 -0.000089 -0.000151 -0.000195 -0.082317 0.018040 0.061621 -0.000161 -0.121537 -0.000243 -0.000088 -0.000012 -0.000037 -0.000085 0.086462 -0.003793 0.133209 -0.006570 -0.001849 -0.000046 0.008061 -0.000081 0.008482 0.205490 -0.058291 -0.000202 -0.010508 0.003547 -0.018516 0.261409 -0.188974 0.146977 -0.230524 -0.353093 0.216090 0.000149 0.000226 -0.006394 -0.080926 -0.000094 -0.092215 0.002702 -0.025456 -0.000279 -0.000020 -0.005807 -0.000221 -0.000129 -0.000213 -0.214238 -0.000183 -0.383208 0.012428 0.000070 -0.000104 -0.118608 0.124404 -0.138950 -0.000018 -0.311009 -0.309377 -0.000163 0.000985 -0.000143 -0.006276 -0.000181 0.030218 0.070174 0.063868 -0.107667 0.280656 0.000241 -0.000105 -0.524006 -0.004177 -0.000082 0.000042 -0.050723 0.000127 0.043509 0.314477 -0.000043 -0.386555 0.033936 -0.319270 0.000001 -0.000059 0.161335 0.015609 0.005364 0.401292 -0.202762 -0.001104 0.233910 -0.000150 -0.219723 0.000102 0.082692 0.024016 0.003485 -0.000017 -0.145959 -0.333402 -0.014094 -0.108517 0.317966 -0.000068 -0.000175 0.001626 -0.000078 0.000065 -0.283651 -0.002828 -0.000321 0.108232 0.187576 -0.000988 -0.206971 -0.000081 0.003675 -0.239739 0.007015 -0.285685 0.047974 -0.029547 -0.000089 0.000118 -0.026512 0.141506 -0.000151 -0.124969 -0.045244 -0.000178 0.016097 -0.004189 -0.000026 -0.000610 -0.000145 -0.107614 0.006500 0.126360 -0.000115 0.295778 -0.000243 0.010391 -0.000134 0.000093 -0.000383 0.000820 0.000221 0.000047 0.000074 -0.000123 0.103362 -0.077518 -0.323769 -0.120449 -0.258443 0.173127 0.041682 -0.000064 -0.000127 0.324367 -0.282004 -0.024619 -0.000125 -0.059873 -0.075897 -0.090324 0.000163 0.211671 -0.399578 0.001719 -0.002763 -0.000057 0.000004 0.027855 -0.001126 0.048873 -0.000100 0.004253 -0.000111 -0.000180 0.115297 0.000099 -0.003325 0.000177 0.200194 -0.052227 -0.077745 -0.000146 -0.082615 -0.000179 -0.000145 -0.000156 0.008861 0.281694 -0.122602 -0.161816 0.000149 -0.084495 0.000187 -0.000218 0.020540 -0.000010 -0.026701 -0.000226 -0.112169 0.019371 -0.000252 -0.228539 0.233216 0.000240 -0.000135 -0.090616 0.000057 0.000224 0.213117 -0.171602 -0.000047 -0.000159 -0.000152 0.044269 0.201459 -0.001078 0.567060 0.147719 -0.000037 -0.000076 -0.000112 -0.034021 -0.000069 0.499985 0.493737 0.349609 -0.000070 0.003876 -0.128298 0.002139 0.210057 0.180826 -0.110552 -0.043730 0.000272 0.037212 0.281265 -0.143819 -0.000022 -0.000215
-0.197503 -0.000009 0.245226 0.030565 0.094783 0.092277 -0.000053 0.000064 0.000077 0.000012 0.000041 -0.063415 -0.107542 0.025556 -0.000238 -0.274096 0.000103 -0.001724 -0.000180 -0.000060 -0.000128 0.419039 -0.007924 0.251320 -0.065715 0.000179 0.000068 0.010300 -0.000526 -0.000452 0.083493 -0.138772 0.000213 -0.407830 0.001264 0.051397 -0.165824 0.226441 0.369717 -0.107640 -0.094138 0.113589 0.000153 -0.000241 0.075555 0.035219 -0.000213 0.092459 -0.000125 0.001251 -0.001192 0.000073 -0.081886 -0.000061 0.000043 -0.001247 0.025317 -0.000049 -0.011810 -0.079275 -0.001179 -0.000240 -0.345928 0.071796 0.086619 0.000013 -0.032222 0.446932 -0.000206 0.002116 -0.000794 0.062034 0.000209 0.004960 -0.029124 -0.184366 0.033643 -0.005799 0.000251 0.000146 -0.005380 0.000793 -0.000001 0.002211 -0.046075 -0.000691 0.102510 0.352607 -0.000887 0.124663 -0.015690 -0.266764 -0.000161 -0.000017 0.100938 0.004755 -0.000150 -0.098114 -0.144929 -0.001255 0.093269 -0.000648 0.534387 -0.000946 0.011696 0.021699 0.003441 -0.000136 -0.193244 0.127923 -0.018769 0.070061 -0.150806 0.000056 -0.000443 -0.000881 -0.000123 -0.000247 -0.011349 0.001870 -0.000590 -0.141878 0.497293 0.000082 0.293554 -0.000171 -0.000977 -0.236092 0.014512 -0.219030 0.002433 0.029707 -0.000054 0.000178 0.057293 -0.052641 0.000004 -0.054526 -0.012780 -0.000178 0.278442 -0.005237 0.000218 -0.001261 -0.000393 0.098320 0.119176 0.146403 -0.000124 -0.060018 0.000099 0.027636 -0.000539 -0.000017 -0.000986 -0.005613 0.000078 -0.000341 0.000353 -0.000013 0.305002 0.265931 0.065819 -0.245373 -0.087664 -0.003354 0.221376 -0.000052 -0.000076 -0.073673 0.512613 -0.026593 -0.000697 0.233834 0.063274 0.248802 -0.000229 0.017541 -0.505554 -0.000485 -0.144204 0.000060 -0.000041 -0.023819 0.000166 -0.057011 -0.000033 -0.022554 0.000347 0.000178 0.113617 -0.000551 -0.003741 0.000102 -0.144284 -0.041294 -0.121229 0.000124 0.203930 -0.000061 -0.000078 -0.000467 0.061138 -0.065105 0.117094 -0.341471 0.000107 -0.018297 0.000094 -0.000184 -0.121522 -0.000247 0.407688 -0.000088 -0.074003 -0.016587 -0.000135 -0.030585 0.497772 -0.000113 -0.000143 0.022114 -0.000016 -0.000116 -0.020504 0.194769 0.000256 0.000700 -0.000073 0.119899 0.184134 0.004898 0.545740 0.509971 -0.000441 0.000279 -0.000230 -0.240122 0.000258 0.033272 0.157742 -0.153604 -0.000083 0.002807 -0.155911 0.001398 -0.238142 0.050348 0.319116 -0.022404 -0.000096 0.292044 0.116798 -0.075256 -0.000004 0.000075
-0.001771 -0.000109 -0.000910 -0.003282 0.002198 0.000733 -0.000466 0.000249 0.000234 0.000046 -0.000054 0.000236 -0.001838 -0.001150 -0.000168 -0.001593 0.000063 0.000511 -0.000060 0.000061 -0.000170 -0.000377 -0.000970 -0.001526 -0.001093 0.000599 0.000176 0.000706 -0.000138 0.000176 -0.000600 -0.001270 0.000004 -0.001712 -0.000823 -0.003104 0.001909 -0.000973 0.000049 0.000564 0.000048 0.001035 0.000075 0.000085 -0.000234 -0.001660 -0.000365 -0.000872 -0.000751 -0.001774 0.000319 -0.000115 -0.001397 0.000014 0.000125 -0.000385 -0.000635 0.000045 -0.000748 -0.001114 0.000020 -0.000163 -0.002355 -0.001412 -0.000602 -0.000274 -0.001122 0.001034 -0.000032 -0.001511 0.000165 -0.000913 0.000247 0.002499 -0.000338 -0.000702 -0.001621 -0.001004 -0.000038 0.000192 -0.000713 -0.000216 -0.000146 0.000406 -0.003602 -0.000064 -0.000482 -0.000014 -0.000241 -0.001727 -0.003687 -0.001065 0.000103 0.000190 -0.002576 0.000025 0.000591 -0.001219 0.000085 -0.000427 -0.002252 0.000139 -0.002456 0.000027 -0.001439 -0.002386 -0.001773 0.000025 -0.000672 -0.000756 -0.000199 -0.003253 -0.001441 -0.000040 0.000314 -0.000923 -0.000078 0.000224 -0.004124 0.001098 -0.000390 -0.001481 -0.000695 -0.000604 0.001285 -0.000009 -0.001065 -0.002567 -0.002796 -0.000716 -0.002390 -0.000480 0.000172 -0.000098 0.000057 -0.003666 0.000251 0.000878 -0.001778 0.000039 -0.001268 -0.000728 -0.000229 -0.001803 -0.000047 0.000369 0.001144 0.000352 -0.000215 -0.000683 0.000765 -0.002179 -0.000031 0.000002 -0.000142 -0.000242 -0.000263 -0.000646 -0.001366 -0.000019 0.000037 -0.001211 -0.001093 0.000237 -0.001781 0.000401 -0.001564 0.000240 -0.000151 -0.001397 -0.000230 -0.000050 -0.001019 0.000179 -0.000979 -0.000491 0.000742 -0.000209 -0.003511 -0.000004 -0.001401 0.000071 -0.000041 -0.002549 -0.001421 -0.000132 -0.000143 -0.000368 0.000105 -0.000060 0.000758 0.001303 0.000738 0.000171 -0.000333 0.000456 -0.000674 0.000023 -0.002909 0.000014 -0.000020 -0.000216 0.000104 0.000405 0.000025 -0.002443 0.000192 -0.000687 -0.000028 0.000014 0.000053 -0.000050 0.001946 -0.000039 0.000202 0.000130 -0.000096 -0.001015 -0.000165 -0.000816 0.000022 -0.000925 0.000215 0.000034 -0.000462 -0.001453 -0.000426 0.000043 -0.000120 -0.001246 -0.000728 0.000840 -0.000152 -0.001476 -0.000345 -0.000199 0.000064 -0.002039 0.000169 -0.000330 -0.001508 0.000410 -0.000168 0.001447 -0.001367 -0.000767 -0.001262 -0.000354 0.000532 -0.000659 -0.000946 -0.000355 0.000687 0.000105 -0.000113 -0.000121
0.260708 -0.000262 0.714288 -0.528031 0.326910 -0.469925 0.000462 0.000078 -0.000000 0.000177 0.000059 -0.171491 -0.552549 0.126479 -0.000166 0.149556 0.000308 -0.000563 0.000092 0.000204 0.000104 0.107507 -0.039395 -0.364669 0.934889 0.003696 0.000075 0.000353 -0.000165 0.000939 0.259322 -0.508135 -0.000185 -0.305314 -0.031409 -0.354650 -0.076289 -0.090033 -0.811538 0.434214 0.013872 -0.296306 0.000062 0.000635 -0.458769 0.330873 -0.000950 -0.469963 -0.007718 0.130798 -0.000013 0.000102 0.648346 0.000183 0.000243 0.001334 0.021033 0.000327 0.033419 0.339614 -0.000511 -0.000515 -0.456396 -0.334608 0.133803 0.000138 0.223177 -0.473746 -0.000060 -0.000741 -0.000673 -0.011699 -0.000164 -0.035346 -0.088449 0.553135 -0.308286 0.157151 0.000019 0.000413 0.558068 0.006901 0.000547 0.000883 -0.765712 -0.000070 -0.613001 -0.077553 -0.000312 -0.107071 0.232635 -0.313375 -0.000058 0.000132 0.304795 0.056817 -0.016910 0.288564 -0.568044 -0.001936 -0.464444 0.000080 -0.641633 0.000913 0.720173 -0.087754 0.006886 0.000053 -0.597079 -0.306058 -0.061665 -0.334704 -0.386276 -0.000110 0.000952 0.000027 -0.000072 -0.000059 -0.001542 0.010773 -0.001890 -0.498596 -0.158147 0.002146 0.858660 0.000024 -0.004164 -0.397105 -0.082381 -0.751110 0.005757 0.966810 -0.000034 0.000087 0.378403 -0.044881 0.000033 0.025417 -0.101319 -0.000272 0.178599 0.003231 0.000452 0.002507 -0.000228 -0.166812 -0.431759 -0.404693 -0.000054 0.788520 0.001135 -0.018034 -0.000056 -0.000075 0.000152 0.001479 -0.000103 -0.000295 -0.000221 -0.000026 0.090418 -0.285497 -0.398268 0.088434 -0.418844 -0.036358 -0.564833 0.000088 -0.000141 -0.326570 -0.242103 -0.169309 0.001036 0.553103 -0.367006 -0.262334 -0.000729 -0.407566 0.082185 0.000856 -0.319138 0.000196 -0.000144 0.262179 0.000673 -0.627780 0.000254 -0.042317 0.000423 -0.000231 -0.132946 -0.000369 -0.002299 -0.000045 0.194105 -0.033336 -0.348179 0.000202 -0.342880 -0.000149 0.000443 0.000010 -0.019992 -0.243394 -0.269502 -0.538669 0.000115 -0.371383 0.000121 -0.000052 -0.288351 -0.000178 -0.778703 -0.000097 -0.563959 -0.077475 -0.000498 -0.046560 0.982557 -0.003272 -0.000045 -0.287835 0.000082 0.000003 -0.005244 -1.191638 -0.000130 -0.000820 -0.000103 0.195942 0.753755 -0.002484 0.636436 -0.053187 0.000229 0.000460 0.000166 0.123275 0.000232 -0.412505 -0.370412 0.750065 0.000055 -0.002568 -0.532710 0.001738 0.768018 0.245527 -0.326991 -0.110556 -0.002093 -0.103868 0.427677 -0.176927 0.000097 0.000187
-0.027193 -0.000182 0.017774 0.008203 -0.113252 0.031305 0.000819 -0.000138 -0.000339 0.000857 0.000017 -0.014819 -0.073555 -0.001666 -0.000120 -0.043271 -0.000136 -0.000435 -0.000085 0.000039 -0.000017 0.017562 0.028166 -0.013417 0.003670 -0.000695 -0.000185 0.000123 0.000360 0.002109 -0.034895 -0.091380 0.000260 -0.028160 0.025259 -0.005097 -0.059600 -0.048164 -0.072431 -0.047203 -0.054166 0.041914 -0.000032 -0.000034 -0.009754 -0.050912 -0.000029 -0.003182 0.000999 -0.002558 -0.000396 0.000199 -0.003404 -0.000114 -0.000158 -0.000719 -0.021186 -0.000192 -0.045414 -0.000591 0.000848 0.000203 -0.072678 -0.077463 0.030984 -0.000107 -0.002277 -0.070899 -0.000147 0.001074 0.000921 -0.066023 -0.000074 0.015511 0.031064 0.032401 -0.026218 -0.033953 -0.000624 -0.000441 0.013644 0.010409 0.000406 0.000012 -0.036526 0.000005 0.017810 0.002361 -0.000031 -0.039573 -0.019108 -0.058969 -0.000074 -0.000193 -0.048526 -0.006721 0.002225 -0.043478 -0.009772 -0.000022 -0.051875 -0.000438 -0.053846 0.000544 -0.034013 -0.022706 0.012262 -0.000047 -0.061656 -0.020288 0.010490 -0.041704 -0.054917 0.000359 -0.000155 0.000092 -0.000035 0.000007 -0.037139 0.007912 0.000880 0.004104 -0.025755 0.000853 0.001401 0.000238 0.000780 -0.019666 -0.015284 -0.044421 -0.056570 -0.121061 -0.000078 0.000025 -0.014402 -0.038488 -0.000057 0.030388 0.047291 -0.000120 0.036788 0.000525 -0.000352 -0.000937 0.001442 0.027730 -0.011631 0.000774 0.000077 -0.017864 -0.001841 0.027252 -0.000380 -0.000161 -0.000374 -0.004430 0.000043 -0.001097 -0.001015 0.000228 -0.010197 -0.044235 -0.024580 -0.003999 -0.037047 -0.009030 0.052562 -0.000114 -0.000116 -0.003812 -0.010152 0.008260 -0.000473 -0.037404 -0.049332 0.002990 0.000261 0.095843 -0.091633 0.001858 -0.033033 -0.000070 -0.000182 0.023627 -0.001104 0.027217 0.000114 0.001559 0.000876 0.000005 0.042234 -0.001201 -0.000567 0.000261 0.028376 -0.052937 0.025606 0.000056 -0.012684 -0.000105 0.000947 -0.000608 0.002287 -0.098587 0.020618 -0.106287 -0.000069 -0.000480 0.000124 -0.000126 0.026974 0.000068 0.047678 -0.000169 -0.025152 0.003972 0.000154 -0.003170 -0.048008 0.000952 -0.000197 -0.011974 -0.000116 -0.000085 -0.053833 0.051846 0.001080 0.001118 -0.000311 -0.013996 -0.016452 0.002196 -0.004560 -0.042402 0.000654 0.000059 0.000862 -0.081338 -0.000047 0.029315 -0.018962 -0.003036 0.000132 -0.000746 -0.039100 0.001679 -0.043125 0.038480 -0.003981 0.016669 0.001277 -0.084856 -0.035295 -0.005403 0.000128 -0.000836
-0.001115 -0.000102 0.001793 0.002744 0.007477 0.000183 0.000855 -0.000114 -0.000187 -0.000234 -0.000126 -0.004938 -0.002829 -0.000332 0.000018 -0.003280 0.000154 0.000366 -0.000043 -0.000054 -0.000182 -0.002252 0.004553 -0.008303 0.003354 0.000532 0.000045 -0.000521 -0.000699 -0.000031 -0.000918 -0.010476 -0.000127 -0.007598 0.001462 -0.003955 -0.009961 0.002628 0.008024 -0.005208 0.000051 0.002886 -0.000097 -0.000182 0.006263 -0.001680 -0.000176 -0.000106 -0.000130 -0.005754 -0.000351 0.000205 -0.010355 0.000001 -0.000187 -0.001596 -0.002140 0.000489 -0.010081 0.002671 -0.000744 -0.000238 0.001930 -0.002826 -0.004260 -0.000057 -0.009416 0.003302 0.000094 0.000160 0.000189 -0.010786 -0.000258 0.012802 0.008454 -0.002101 -0.004271 -0.005991 0.000245 0.000034 0.005902 -0.000158 -0.000941 -0.000845 -0.009606 -0.000201 -0.000616 0.003591 0.000078 -0.008127 -0.014503 -0.004277 -0.000038 -0.000129 -0.004244 0.002763 -0.000493 -0.001959 -0.004011 -0.002377 -0.000050 -0.000114 -0.006235 0.000546 -0.001586 0.003860 0.003961 0.000256 -0.005294 0.000474 0.006258 -0.007538 -0.006104 0.000235 -0.000048 -0.001121 -0.000263 -0.000073 -0.011695 0.000977 0.000038 -0.000904 -0.000041 0.001171 -0.002987 -0.000031 -0.000568 -0.004547 -0.002872 -0.001971 -0.009113 -0.009435 0.000072 -0.000039 -0.003919 -0.005224 -0.000102 -0.000609 -0.001430 0.000013 -0.019576 -0.000215 -0.000125 -0.000466 0.000450 -0.000900 -0.004335 0.001334 -0.000064 -0.004796 0.000195 -0.000909 0.000285 0.000011 -0.000190 -0.001816 0.000178 0.000122 -0.001142 0.000129 -0.000124 -0.004460 -0.004731 -0.003995 -0.000743 -0.008770 -0.007248 0.000005 -0.000029 -0.006348 -0.003142 0.000897 0.000618 0.002449 -0.006897 0.003436 0.000054 -0.000710 -0.012975 -0.000082 -0.012159 -0.000020 -0.000265 -0.004237 -0.000726 -0.002872 -0.000080 0.005877 -0.000053 -0.000081 0.004699 -0.000119 0.006819 -0.000132 -0.006050 0.008206 -0.008198 -0.000115 -0.003941 0.000115 0.000808 -0.000273 -0.004634 -0.002904 -0.008060 -0.010589 -0.000215 0.011937 -0.000225 -0.000109 -0.011107 -0.000221 -0.005906 -0.000048 0.011717 0.009816 0.000206 -0.010822 0.001048 -0.000071 -0.000133 0.005690 -0.000121 0.000009 -0.002077 0.000505 -0.000076 0.000481 -0.000029 -0.004463 0.007167 0.007925 -0.000925 0.003620 -0.000250 -0.000187 -0.000295 -0.011910 -0.000053 -0.004056 -0.005011 0.004241 0.000082 -0.005409 -0.006756 -0.000609 -0.001538 -0.001805 0.004674 -0.004022 0.000261 -0.002544 -0.000689 -0.001699 0.000206 0.000198
-0.001650 0.000028 0.022803 -0.002206 -0.007516 0.003693 0.001739 -0.000007 -0.000007 0.000128 -0.000135 -0.004466 0.005082 0.000613 0.000052 -0.002386 0.000215 -0.000650 0.000531 0.000128 -0.000064 0.000521 0.006955 0.006719 0.008443 -0.000736 0.000105 -0.000826 -0.000006 -0.002761 0.001852 -0.006337 0.000046 -0.005456 0.001385 0.001009 0.001372 -0.002013 -0.000917 -0.026741 -0.013222 0.005444 -0.000054 0.000088 -0.000157 -0.003703 -0.000737 0.000424 -0.000108 -0.006348 -0.000978 0.000194 -0.002445 0.000085 0.000000 -0.001085 -0.000699 -0.000094 -0.014278 -0.002285 0.000445 -0.000043 -0.010801 -0.012065 -0.001252 -0.000198 -0.012120 -0.016953 -0.000002 0.000005 0.000633 -0.034891 0.000125 0.005103 -0.005930 0.003605 -0.006701 -0.006058 -0.000028 0.003138 -0.002155 0.002895 -0.000271 -0.001840 -0.012931 0.000391 -0.007909 0.002522 0.000174 -0.008620 -0.004952 -0.033930 0.000074 0.000232 -0.031867 0.015350 0.000409 0.003882 -0.005772 -0.001350 -0.000362 0.002503 -0.006453 0.002629 -0.005660 0.000126 -0.004857 -0.000082 -0.028428 -0.000627 -0.003023 -0.008020 -0.014056 0.000069 -0.000167 -0.001935 -0.000313 -0.000250 -0.007037 -0.001454 0.001023 0.005190 -0.006148 0.003216 0.005091 -0.000061 0.001999 -0.028926 0.003067 0.001327 -0.003398 -0.018560 0.000092 -0.000041 -0.001123 -0.005666 0.000241 0.002821 -0.008497 -0.000003 -0.018803 0.002829 0.000169 0.002641 0.000314 -0.018828 -0.003158 0.003038 0.000079 -0.020142 0.001868 0.005128 0.000797 -0.000237 0.001166 -0.002475 0.000142 0.000918 -0.000801 0.000068 -0.007677 -0.005473 -0.001389 0.001456 -0.018685 -0.001398 -0.004833 0.000000 -0.000244 0.003881 -0.006820 0.002538 0.000095 0.000286 -0.011505 -0.004195 -0.000909 -0.006100 -0.050701 0.002154 -0.007984 0.000151 0.000077 -0.025413 0.000769 -0.003067 0.000067 0.000512 0.000053 0.000048 -0.005993 0.001460 0.002215 0.000231 -0.005623 0.000094 -0.007905 -0.000123 -0.001018 0.000062 0.000845 -0.000617 -0.004101 -0.022139 -0.000002 -0.006688 0.000324 0.004749 -0.000243 -0.000120 -0.004870 -0.000039 -0.015737 0.000212 0.000343 -0.002268 0.000056 -0.000607 0.010604 0.000021 -0.000153 0.000532 -0.000165 -0.000096 -0.007638 -0.018310 -0.000206 -0.000501 -0.000153 -0.015994 0.001834 -0.001850 0.012215 -0.000823 -0.000060 0.001978 0.001638 -0.007461 -0.000203 -0.010817 -0.024497 -0.011497 0.000232 0.002558 -0.004787 -0.001509 0.001090 0.001139 -0.000173 -0.002239 -0.000616 -0.003699 0.009778 -0.001445 -0.000164 0.000079
-0.000654 0.000255 0.000330 -0.000399 0.000143 -0.000477 -0.001105 -0.000261 -0.000121 -0.000056 0.000062 0.000131 0.000588 -0.000064 -0.000039 -0.000184 0.000203 -0.000355 0.000040 -0.000198 0.000214 -0.002266 0.000199 -0.000247 -0.000500 0.000236 -0.000012 -0.000291 0.000347 -0.000291 -0.000114 -0.000235 -0.000268 -0.000343 -0.000268 -0.000811 -0.000399 -0.001894 -0.000537 -0.000621 -0.001710 -0.000175 0.000051 0.000125 -0.000182 -0.000575 0.000013 -0.000252 -0.000306 0.000128 0.000362 0.000161 -0.000338 -0.000080 0.000022 0.000952 -0.000256 0.000058 -0.000312 0.000075 -0.000062 -0.000101 0.000536 -0.000455 0.000061 0.000062 -0.000276 -0.000346 -0.000077 -0.000532 -0.000450 -0.002281 0.000240 0.000008 -0.000078 0.000248 -0.000405 -0.000761 0.000318 0.000315 -0.001465 0.000124 -0.000074 0.000005 -0.000160 -0.000176 -0.000346 -0.001042 0.000492 0.000446 -0.002542 -0.000990 -0.000232 0.000204 -0.001519 -0.000148 -0.000455 -0.000212 -0.000725 0.000309 -0.000337 0.000004 -0.000639 -0.000242 -0.000940 0.000068 0.000597 -0.000091 -0.001173 -0.000530 0.000589 -0.001418 -0.001260 0.000087 -0.000119 -0.000084 -0.000060 -0.000233 -0.000189 0.000070 -0.000104 -0.001729 -0.001262 -0.000452 -0.000179 0.000020 -0.000612 -0.001478 -0.000832 -0.000936 -0.000001 0.000417 0.000184 0.000084 -0.000266 -0.000575 0.000069 0.000387 -0.000078 0.000095 -0.002404 0.000029 0.000443 -0.000156 -0.000051 -0.000955 -0.000349 0.000206 0.000117 -0.000532 -0.002225 -0.000155 -0.000083 -0.000091 -0.000048 0.000044 0.000078 -0.000098 -0.000169 0.000116 -0.000857 -0.000151 -0.001353 0.000279 -0.000654 -0.000692 -0.000038 0.000211 0.000016 -0.002694 -0.000091 -0.000132 -0.000293 -0.000451 -0.001006 -0.000233 0.000252 0.000149 -0.000954 0.000075 -0.000486 0.000067 0.000096 -0.000768 0.000527 -0.000560 -0.000163 -0.000459 0.000185 0.000016 -0.000339 -0.000176 -0.000657 -0.000073 -0.001462 0.000036 -0.000388 0.000031 -0.000462 0.000096 0.000573 -0.000246 -0.000493 -0.001202 0.000276 -0.002669 0.000010 0.000043 0.000183 0.000220 -0.000252 0.000039 -0.000253 0.000100 -0.000220 -0.000101 -0.000218 -0.000255 -0.000183 0.000127 -0.000034 -0.000162 -0.000058 -0.000086 -0.000676 -0.001947 -0.000100 -0.001428 0.000457 -0.000115 -0.000409 -0.000386 -0.000392 -0.000576 -0.000111 -0.000152 0.000141 0.000344 0.000261 0.000491 -0.000786 -0.000845 0.000259 -0.000506 -0.000158 -0.000027 -0.000153 -0.000356 -0.000202 -0.000471 0.000623 0.000504 0.000253 -0.001604 -0.000021 -0.000091
-0.000959 0.000589 -0.000018 -0.000215 -0.001615 -0.002810 -0.000025 -0.000185 -0.000189 0.000079 0.000250 -0.000842 -0.002693 -0.003188 0.000044 0.000032 0.000205 -0.000265 -0.000062 0.000287 0.000059 -0.000039 0.000979 -0.001793 0.000625 0.000017 0.000252 -0.000343 -0.000505 0.000092 -0.000547 -0.001804 0.000302 -0.001286 -0.000042 -0.000661 0.000107 -0.000201 -0.000799 -0.001569 -0.001237 0.000580 0.000174 0.000074 -0.000135 -0.002411 0.000105 0.000322 -0.000012 0.000970 -0.000149 0.000100 -0.000689 0.000007 0.000221 0.000087 -0.000276 -0.000185 -0.001350 -0.000175 -0.000076 -0.000171 -0.001564 0.000031 -0.001554 -0.000182 -0.003829 -0.002220 0.000050 0.000869 -0.000250 -0.005217 0.000072 0.000188 -0.000096 -0.002034 0.000301 -0.000783 -0.000101 0.000200 0.000199 0.000050 0.000127 -0.000145 0.000499 -0.000282 -0.000154 -0.000082 0.000178 -0.000932 -0.003531 -0.000341 0.000103 0.000230 -0.000263 0.000397 -0.000483 0.000335 0.000185 0.000058 -0.000349 0.000096 -0.002238 -0.000266 -0.002120 -0.000833 -0.002922 -0.000181 -0.002307 -0.002646 -0.000730 0.000851 -0.002510 0.000098 -0.000315 -0.000370 0.000034 0.000164 -0.000239 0.001748 -0.000111 -0.000335 -0.001262 0.000207 -0.000561 -0.000095 -0.000882 -0.000373 -0.001345 -0.001903 0.000319 0.002889 0.000015 0.000032 -0.001548 -0.002971 0.000096 0.000142 -0.000267 -0.000091 -0.000919 -0.000183 -0.000254 0.001213 -0.000018 -0.000410 -0.003304 -0.000081 0.000043 0.000484 0.000283 0.000023 0.000108 -0.000195 0.000119 0.001449 0.000138 -0.000125 0.000062 0.000204 0.000143 -0.001275 -0.000015 -0.000605 -0.003180 -0.001948 0.000397 -0.000091 -0.000022 -0.000080 0.000032 0.000017 -0.000187 -0.000702 -0.002644 0.000015 -0.000187 0.000431 -0.005409 -0.000197 0.000203 -0.000182 0.000242 -0.002523 0.000027 -0.000395 0.000227 -0.000820 0.000110 0.000206 -0.000934 -0.000304 -0.000723 0.000042 -0.001207 -0.000103 -0.003489 0.000077 0.000023 0.000311 0.001380 0.000100 0.000400 -0.002594 0.000072 -0.002684 -0.000024 -0.000093 -0.000115 -0.000087 -0.000758 0.000049 0.002135 0.000149 0.000240 0.000027 -0.000010 -0.000175 0.001068 -0.000040 0.000094 -0.001179 0.000037 0.000429 0.000012 -0.002875 -0.000061 -0.000072 0.000104 -0.000100 -0.000641 0.000096 -0.000759 -0.000348 0.000053 0.000006 -0.000277 -0.002864 0.000000 0.000899 -0.000862 -0.001106 0.000104 -0.001541 0.000091 -0.000242 -0.000494 -0.000055 -0.000272 0.000192 -0.001142 -0.001554 -0.000358 -0.001721 0.000222 -0.000002
0.000564 -0.000401 -0.000713 -0.001058 -0.005335 -0.001304 -0.000414 -0.000041 -0.000337 -0.000073 0.000033 -0.000727 -0.000126 0.000277 0.000274 -0.002823 0.000071 -0.000264 -0.000251 -0.000110 -0.000078 0.000036 -0.000316 -0.000155 -0.000991 -0.000712 0.000160 -0.000123 -0.000447 0.000086 -0.000340 -0.003260 0.000355 0.001305 0.001584 -0.002811 -0.002421 -0.002407 0.000077 0.000125 -0.000568 0.000018 -0.000035 0.000023 0.001483 0.000616 0.000082 0.000394 0.000033 -0.000123 -0.000547 0.000110 -0.000576 0.000002 0.000055 -0.000009 -0.000211 -0.000138 0.000232 0.000214 0.000039 -0.000152 -0.002111 -0.000589 -0.001105 -0.000191 -0.001971 -0.001297 -0.000180 -0.001366 -0.000267 -0.001347 -0.000063 -0.000849 -0.000115 -0.000355 -0.000016 -0.001543 0.000221 0.000263 -0.000160 -0.000172 0.000060 0.000118 -0.003817 -0.000331 0.000257 -0.001587 0.000468 -0.001177 -0.000584 -0.004649 0.000121 -0.000099 -0.001533 0.000437 -0.000066 -0.000909 -0.003223 -0.000258 -0.000493 -0.000111 -0.000489 -0.000243 -0.003401 0.002814 0.000109 -0.000039 -0.000497 0.000434 -0.002640 0.000395 -0.002857 -0.000113 0.000167 -0.000568 -0.000136 -0.000084 -0.002240 0.001140 -0.000286 -0.001644 0.000128 -0.000550 -0.000332 -0.000253 -0.001276 -0.004219 -0.000845 -0.001179 -0.000577 -0.001332 -0.000078 -0.000077 -0.003063 -0.003999 0.000125 -0.002693 -0.000181 -0.000101 -0.001490 -0.000362 -0.000578 -0.001540 -0.000239 -0.001432 -0.000446 -0.000035 0.000068 0.000369 -0.000549 0.000548 0.000185 -0.000009 0.000153 0.000989 0.000136 0.000011 0.000045 -0.000031 0.001815 -0.001895 0.000352 0.000051 -0.002542 0.000161 0.000129 -0.000095 -0.000286 -0.000284 -0.000436 -0.000003 -0.000189 -0.003027 -0.003750 -0.000703 -0.000117 -0.001009 -0.004684 -0.000402 -0.003967 0.000074 0.000039 -0.000492 0.000009 -0.002750 0.000122 -0.001587 0.000083 -0.000117 -0.000161 -0.000302 0.000971 0.000116 -0.003236 -0.000099 -0.002682 -0.000126 0.000842 -0.000202 0.000026 -0.000203 -0.000212 -0.000505 -0.000361 -0.004423 0.000028 -0.000673 0.000104 -0.000205 0.000195 -0.000161 -0.001760 -0.000054 -0.000161 0.000999 0.000448 -0.001090 -0.000885 -0.000009 -0.000042 -0.002240 0.000027 0.000167 -0.000309 0.000663 -0.000297 -0.000172 -0.000143 -0.001704 -0.000605 0.000201 0.000331 -0.000240 -0.000089 -0.000111 -0.000349 0.000126 0.000103 -0.001593 -0.000982 0.000270 -0.000016 -0.000099 -0.003835 -0.000162 -0.001218 0.000119 0.000086 0.000058 0.001666 0.000052 0.000584 -0.000433 -0.000103 -0.000007
0.010569 -0.000200 -0.051443 -0.038170 -0.049139 -0.029036 -0.001176 -0.000007 0.000043 0.000118 0.000064 -0.013368 0.038840 -0.000827 -0.000191 -0.207926 0.000312 0.000406 0.000104 0.000054 0.000033 -0.119983 0.039043 0.091296 0.024040 0.000464 -0.000161 0.001145 -0.000067 0.000966 0.004121 0.006978 -0.000081 -0.069805 0.008634 -0.112200 0.044888 0.026350 -0.132654 -0.080652 -0.034783 0.002078 0.000094 -0.000109 0.032989 0.041056 -0.000254 0.026499 -0.000798 -0.114197 0.000286 0.000057 -0.048942 -0.000019 0.000049 0.000675 0.047445 0.000035 0.069576 0.056960 0.000245 0.000346 -0.000681 0.015513 -0.126642 -0.000033 -0.138428 -0.068915 -0.000134 -0.000243 -0.000068 -0.103073 0.000021 0.024543 0.023984 0.105071 -0.003185 -0.073298 0.000177 0.000244 0.081989 0.000049 -0.000306 -0.000704 -0.064844 -0.000344 0.025977 -0.005010 0.000282 -0.082319 -0.076259 -0.055877 0.000129 0.000098 -0.161072 -0.016916 0.008210 -0.104958 -0.118718 0.000038 -0.024317 -0.000316 0.014305 -0.000505 0.093381 -0.003214 0.000037 0.000140 -0.139100 0.004099 -0.027656 -0.089563 -0.005316 -0.000106 -0.000054 -0.000616 0.000068 -0.000093 0.034157 -0.000515 0.008472 -0.020312 0.001286 -0.001068 0.027784 0.000013 0.000605 -0.176098 0.032879 -0.202547 -0.049639 0.106436 0.000029 0.000110 -0.030341 -0.006776 -0.000146 0.041829 0.048326 -0.000075 0.013219 -0.001686 0.000526 -0.000464 0.000083 -0.037418 -0.075412 0.111700 0.000186 -0.037385 -0.000500 0.050447 -0.000232 0.000116 -0.000015 0.000098 0.000114 0.000683 0.000006 0.000103 0.016525 0.143164 0.027287 0.023041 -0.088049 -0.034940 -0.017907 0.000021 -0.000081 -0.114323 -0.004416 0.021826 -0.000394 -0.042341 -0.010013 -0.010523 -0.000555 0.141037 -0.176951 0.004249 -0.112462 -0.000090 -0.000116 -0.149186 -0.000091 -0.078119 0.000122 0.054277 0.000115 0.000099 0.066097 0.000804 -0.003872 -0.000052 0.075103 -0.022741 -0.043181 0.000067 -0.029589 0.000038 -0.000868 -0.000178 0.027813 -0.086796 -0.007803 -0.267583 0.000218 -0.065086 0.000034 -0.000024 0.060692 -0.000154 0.043138 0.000212 0.065161 0.003654 -0.000186 0.110522 -0.152195 -0.000021 -0.000150 -0.066519 -0.000336 -0.000134 0.058590 -0.121033 -0.000092 0.000572 -0.000039 -0.131421 -0.035289 -0.000271 -0.057728 0.135516 0.000400 -0.000253 0.000546 -0.115793 0.000126 0.027389 -0.113873 -0.016238 0.000134 0.003616 -0.052226 0.002166 0.008730 -0.004324 0.044293 0.014152 -0.000164 -0.036850 0.012544 0.011429 0.000020 0.000120
0.141346 -0.000053 0.116243 0.204215 -0.236958 -0.047728 -0.000041 0.000061 -0.000067 -0.000206 -0.000161 -0.176207 0.003579 -0.001294 -0.000027 -0.229188 -0.000046 -0.000006 -0.000303 -0.000137 -0.000069 0.370879 0.003362 0.044691 0.216112 0.004104 0.000114 0.001464 -0.000036 -0.000144 0.282631 -0.167604 -0.000080 -0.241181 -0.000064 -0.163885 -0.038297 -0.110168 -0.024606 -0.125130 -0.021593 0.001368 -0.000103 -0.000119 0.184353 -0.051174 -0.000280 -0.000070 -0.000101 -0.104413 -0.000051 -0.000175 -0.051718 -0.000039 -0.000131 -0.000094 0.002188 -0.000253 0.030369 -0.010151 -0.000083 0.000001 0.164271 0.087002 -0.026756 -0.000276 -0.041877 -0.074686 -0.000172 0.004846 -0.000052 -0.127137 -0.000020 0.002626 0.045840 0.060102 -0.008996 -0.085964 -0.000044 -0.000060 0.055166 -0.000221 -0.000096 0.003188 0.029279 0.000009 0.208930 0.157750 -0.000057 -0.123372 0.083107 -0.275555 -0.000104 -0.000243 0.018315 0.005189 0.004718 0.025978 -0.010884 0.001683 -0.001547 0.000117 -0.062461 0.000625 0.035774 -0.000901 0.010396 0.000117 -0.180555 -0.051634 0.002008 0.068167 0.057606 -0.000046 -0.000160 -0.000194 -0.000217 0.000077 0.057803 0.005266 -0.000163 0.122018 0.287450 0.002624 0.321817 -0.000217 -0.002421 -0.144143 -0.005979 -0.212721 0.154598 0.061225 -0.000083 -0.000137 0.026727 0.036104 0.000131 0.073062 0.012732 -0.000164 -0.145515 -0.003686 -0.000172 -0.000259 -0.000054 -0.118419 -0.118978 -0.042362 -0.000185 0.109072 -0.000186 0.001733 -0.000043 0.000033 -0.000252 0.003321 -0.000042 -0.000224 -0.000010 -0.000145 -0.179720 -0.159845 -0.074245 -0.014738 -0.068150 0.171345 -0.071227 -0.000041 0.000009 0.151323 -0.213917 -0.167892 -0.000184 0.191992 -0.040773 0.054806 -0.000008 0.106744 -0.377438 -0.000305 -0.178192 0.000033 -0.000121 -0.097981 -0.002648 -0.176274 -0.000067 -0.000843 -0.000015 -0.000039 0.013627 -0.000204 -0.002535 0.000015 -0.193274 -0.038414 -0.044016 -0.000105 -0.144403 0.000116 -0.000007 -0.000087 -0.000186 -0.147469 -0.003133 -0.050680 -0.000071 0.192726 -0.000109 -0.000236 -0.131360 -0.000145 0.007449 -0.000128 -0.049204 -0.000921 -0.000172 0.040594 0.209827 -0.000231 -0.000156 0.064436 -0.000041 0.000097 0.122067 -0.110851 -0.000260 -0.000042 -0.000062 -0.142559 -0.015421 0.017912 0.355923 -0.138811 -0.000511 -0.000106 0.000001 -0.027838 -0.000049 0.108714 0.044980 0.206034 0.000108 0.001067 -0.239194 -0.001906 -0.171573 0.044896 -0.087098 0.001812 0.003181 -0.255056 0.251912 -0.026024 -0.000260 -0.000210
0.055259 -0.000021 -0.023414 0.006319 0.037706 -0.032082 0.000329 0.000054 0.000327 -0.000677 0.000123 -0.137339 -0.080642 -0.000311 0.000228 -0.030898 0.000023 -0.000667 -0.000242 -0.000081 -0.000142 -0.130428 0.000558 -0.085343 0.097372 0.004460 -0.000265 -0.003811 0.000047 0.001921 0.092420 0.016941 0.000231 -0.077590 0.000377 -0.102756 0.034215 -0.051358 0.017111 -0.107463 -0.033793 0.000466 -0.000252 -0.000096 0.001527 -0.148964 -0.000103 0.007315 0.002973 -0.007285 -0.001503 0.000026 -0.008422 -0.000003 0.000103 -0.000621 -0.007587 0.000781 -0.048247 0.018434 0.000374 -0.000115 -0.102181 -0.031082 -0.115156 0.000118 -0.141671 -0.109367 -0.000170 0.000978 -0.000515 -0.085326 -0.000221 0.019429 -0.028487 -0.111301 0.022793 0.183892 0.000240 0.000144 0.037510 -0.003376 -0.000200 0.000428 -0.092652 -0.000286 0.183700 0.074406 -0.000402 -0.079842 -0.107049 -0.028777 -0.000166 -0.000148 0.010785 0.027823 -0.000064 0.362086 -0.051106 -0.000535 -0.229559 0.001124 -0.046459 0.001194 0.084728 0.004828 0.000414 0.000092 0.001289 -0.053680 -0.000612 0.006121 -0.030695 -0.000157 -0.000686 -0.001141 -0.000141 -0.000052 0.063368 -0.000479 -0.000202 -0.007471 0.048898 -0.000078 0.090942 -0.000291 -0.000262 -0.082672 0.107866 -0.082396 -0.115050 -0.049370 0.000157 -0.000024 0.047037 -0.000940 0.000190 0.035913 -0.028015 -0.000311 -0.154225 0.000017 -0.000204 -0.000006 -0.000242 -0.100534 -0.059440 0.047897 -0.000209 -0.021275 0.000294 -0.018588 0.000230 0.000150 -0.000339 -0.007633 0.000114 -0.000861 0.000773 -0.000201 -0.029746 -0.048065 -0.221141 -0.116587 -0.136415 -0.049579 0.006507 0.000013 -0.000063 -0.071521 -0.042600 -0.003639 0.000152 -0.048214 -0.091580 0.035843 -0.001162 -0.053282 -0.239159 0.000550 -0.004384 -0.000082 -0.000199 0.051373 -0.000961 -0.267586 -0.000025 0.007965 0.000259 -0.000094 0.002555 -0.000004 -0.007962 -0.000091 -0.028457 0.145332 -0.084295 0.000178 -0.095735 0.000086 0.000302 0.000388 0.010311 -0.055257 0.013275 -0.049749 -0.000062 -0.050482 0.000064 -0.000248 -0.089892 -0.000185 -0.025837 0.000111 0.061477 -0.073353 -0.000108 -0.100867 0.040198 0.000126 -0.000121 -0.020101 0.000046 0.000250 0.059519 -0.056046 -0.000287 -0.000118 0.000624 -0.064404 0.182125 -0.004106 0.163921 -0.084551 -0.000638 -0.000210 -0.000051 -0.068267 -0.000240 -0.007475 0.025805 -0.078707 -0.000115 -0.000946 -0.175310 -0.001234 0.003181 -0.091087 0.023712 0.051275 0.002631 0.005246 0.020777 -0.010585 0.000258 -0.000844
0.000527 0.000255 -0.001461 0.001751 -0.000378 0.000660 -0.000965 0.000122 0.000068 -0.000144 0.000126 -0.002955 0.000098 0.002781 -0.000070 -0.002675 -0.000017 -0.000406 -0.000232 0.000232 0.000062 -0.001043 0.000737 -0.001021 0.001542 -0.000101 0.000022 -0.000991 -0.000036 -0.000008 -0.000354 -0.002563 0.000061 0.000262 -0.002750 -0.002555 -0.001086 0.000443 0.000006 -0.001695 -0.000682 0.000060 0.000057 0.000206 -0.001514 -0.000169 -0.000171 -0.000333 0.000860 -0.001539 -0.000292 0.000187 -0.001613 0.000205 0.000258 -0.000503 0.000389 0.000134 -0.003436 0.000794 -0.000164 -0.000209 -0.003107 0.004371 -0.000889 -0.000242 -0.001239 -0.002891 -0.000076 -0.000759 -0.000050 -0.004433 0.000089 0.001854 -0.000778 0.000032 0.000839 -0.000784 -0.000657 -0.000078 -0.001612 -0.000073 -0.000528 0.003534 -0.003541 -0.000011 -0.001451 0.001136 -0.000025 -0.002753 -0.006110 -0.001997 -0.000090 0.000048 -0.003151 0.000115 0.001166 0.000126 -0.002746 0.001098 -0.001032 0.000170 0.000612 -0.000283 0.000551 -0.002501 0.000550 0.000051 -0.003710 -0.002173 -0.004219 -0.003348 -0.002033 -0.000123 -0.000154 -0.000481 -0.000042 -0.000185 -0.004837 -0.000008 -0.000495 -0.001700 -0.001278 0.002007 -0.000835 -0.000061 0.000755 -0.005330 -0.004591 -0.002016 -0.001162 0.003841 0.000060 0.000151 -0.000275 -0.002417 0.000085 -0.001681 -0.001210 0.000089 -0.004087 0.000697 0.000031 0.000836 -0.000174 -0.003163 -0.001286 0.000070 0.000132 0.000260 -0.001679 0.001105 -0.000157 -0.000155 -0.000098 -0.002054 -0.000004 0.002441 0.000060 -0.000011 -0.003264 -0.001328 -0.001151 -0.000880 -0.000970 -0.000564 0.000257 0.000156 0.000004 -0.003423 0.001915 0.000581 -0.000605 0.000541 -0.002941 -0.001700 0.000463 -0.000060 -0.006427 0.000124 -0.001271 0.000101 0.000205 -0.005399 0.000957 -0.002950 0.000257 -0.001815 0.000304 -0.000115 -0.002904 -0.000015 -0.001186 0.000115 -0.005118 -0.001522 -0.004562 0.000081 -0.003077 -0.000040 0.000033 -0.000090 -0.000167 0.000835 0.001043 -0.005668 -0.000203 -0.001930 0.000157 0.000175 -0.001105 -0.000096 -0.000375 0.000116 -0.002103 -0.005312 -0.000175 0.000726 0.004441 0.000101 -0.000084 -0.004399 0.000036 0.000125 0.000700 -0.007057 -0.000010 -0.000639 -0.000081 0.000321 0.001608 -0.000186 0.002001 -0.000797 0.000114 0.000949 0.000015 -0.000978 0.000116 -0.000594 0.001067 0.000403 0.000040 -0.001579 -0.000948 -0.000050 0.003378 -0.003293 0.000465 0.004211 -0.001744 -0.000880 0.001196 -0.000080 0.000215 -0.000180
0.175902 0.000005 0.248979 0.307364 -0.170878 -0.212494 -0.002271 -0.000250 -0.000022 -0.000421 -0.000213 0.088545 0.093410 0.013617 -0.000171 -0.188780 0.000178 -0.000363 -0.000206 -0.000233 0.000108 0.221554 -0.000615 0.493828 0.122479 0.002223 0.000026 0.001490 0.000231 -0.000829 0.005063 -0.094444 0.000058 0.039566 -0.008436 0.188717 -0.264420 0.152324 0.176891 0.060201 -0.218118 -0.088553 0.000222 -0.000879 -0.108001 -0.262727 0.000067 -0.259409 0.003535 0.345365 0.000148 -0.000025 0.014686 0.000128 -0.000025 -0.000776 0.180729 -0.000526 0.008120 -0.186384 -0.000056 0.000106 0.134657 0.129888 -0.242914 -0.000289 -0.240729 -0.456872 0.000175 0.001728 0.000299 0.423258 0.000113 0.016844 -0.231433 -0.108088 0.351258 0.036032 0.000133 0.000645 -0.190696 -0.001122 0.000681 0.000368 0.107848 -0.000125 -0.203940 0.323034 -0.000074 0.013115 -0.157081 0.014490 -0.000066 -0.000220 0.079438 -0.003065 0.005501 -0.133382 0.059027 0.000739 -0.101082 0.000145 0.215772 0.000568 0.228254 -0.006305 -0.000692 -0.000000 -0.382800 0.081298 -0.030109 -0.340587 0.219598 -0.000182 -0.000256 -0.000692 0.000004 0.000185 0.407690 -0.002532 0.000301 0.254777 -0.168901 -0.000951 -0.018134 0.000093 0.000887 -0.327893 0.021518 -0.039370 -0.711720 -0.100074 -0.000142 -0.000163 -0.197327 -0.012983 0.000056 0.390232 -0.051158 -0.000057 0.071388 0.000114 -0.000419 0.000726 0.000008 -0.007971 -0.290745 0.304184 -0.000181 -0.122282 0.001716 0.012485 -0.000045 -0.000000 -0.000790 0.005318 0.000059 -0.000774 0.004696 -0.000118 -0.445860 -0.230822 -0.291251 -0.068996 0.153796 0.024687 -0.033125 -0.000199 -0.000053 0.239604 -0.106428 -0.269882 0.000855 0.238482 0.287968 -0.293071 0.000481 0.281803 -0.275430 0.000339 0.116288 -0.000267 -0.000112 -0.287902 -0.000385 -0.161869 -0.000060 0.046340 -0.000370 -0.000006 0.222259 -0.000694 0.002059 0.000173 -0.037642 0.164830 0.249903 -0.000076 -0.272917 -0.000034 0.000231 -0.000113 0.071382 0.186907 0.038129 0.050362 0.000011 -0.029986 -0.000247 0.000129 0.078137 -0.000223 -0.090181 -0.000181 0.298068 -0.022265 0.000253 0.081769 -0.010834 0.001376 0.000173 -0.247812 0.000278 0.000421 -0.256687 -0.219777 -0.000351 -0.000503 0.000128 -0.156467 -0.160165 0.002652 -0.020618 -0.201930 -0.000466 -0.000132 -0.000184 -0.122628 -0.000140 0.005254 -0.082906 0.223623 -0.000263 0.002051 0.064140 -0.000550 -0.325672 0.056363 -0.015519 0.006160 0.003107 -0.285811 -0.448274 -0.239437 -0.000007 0.000225
0.038797 -0.000647 0.058041 0.013168 -0.003626 -0.093875 -0.000189 0.000245 0.000160 -0.000066 0.000099 -0.022120 0.037952 0.018247 -0.000172 -0.036379 0.000114 0.000707 0.000174 -0.000047 0.000052 0.017242 0.028857 -0.002106 0.017879 0.002088 -0.000057 -0.000696 0.000149 0.004993 0.019180 -0.024823 -0.000108 0.018935 0.007790 -0.075713 0.021458 -0.025492 0.026394 -0.015886 -0.031795 -0.005981 0.000017 0.000017 0.022854 -0.038053 -0.000087 -0.041027 0.015876 -0.009754 0.000287 0.000086 -0.008950 -0.000054 0.000052 0.000322 0.001262 0.000020 -0.042608 0.023324 0.000036 -0.000058 0.009849 -0.049425 -0.030535 -0.000192 -0.061057 0.014097 -0.000057 0.000207 0.000133 -0.053141 0.000169 -0.016623 0.063121 0.031221 -0.013282 -0.025730 0.000152 0.000416 -0.018524 -0.000241 -0.000381 0.000550 -0.011146 -0.000139 -0.031672 0.014921 0.000150 -0.031415 -0.087867 -0.053933 -0.000130 0.000158 -0.086081 0.005381 0.000137 0.060348 -0.016804 0.001859 -0.012027 -0.000007 0.016375 -0.001017 -0.041539 0.002609 0.001113 0.000104 -0.040568 -0.003999 0.027531 0.041885 -0.010031 0.000009 -0.000039 -0.000388 -0.000169 0.000249 0.001275 -0.001411 0.000013 -0.041278 -0.019456 -0.000206 -0.001524 0.000006 -0.000178 -0.092566 0.020380 -0.097578 -0.042434 -0.048495 0.000258 -0.000002 -0.037805 -0.031694 0.000224 0.067384 0.044778 0.000048 -0.019004 -0.002737 0.000034 0.002315 -0.000276 -0.073704 -0.002076 -0.015812 0.000064 0.035399 -0.001255 -0.026894 -0.000151 0.000076 0.000215 -0.001808 0.000166 -0.001724 -0.000357 0.000007 -0.041097 0.053048 -0.024206 -0.024403 -0.085435 -0.001557 0.012085 0.000015 -0.000046 -0.033099 0.024603 0.001841 -0.000307 0.013302 0.019274 -0.014413 -0.000231 0.025416 -0.134809 -0.000230 -0.051201 0.000087 0.000186 -0.002877 -0.000613 -0.039696 0.000387 0.055544 0.000098 -0.000260 -0.010251 -0.000214 0.002197 0.000249 0.036858 0.033825 -0.047204 0.000031 -0.014757 -0.000095 -0.000255 -0.000210 0.048793 -0.046558 0.011961 -0.047666 0.000169 -0.044694 0.000103 -0.000060 -0.001744 0.000059 0.005782 0.000002 0.002918 0.099714 -0.000078 0.037357 -0.007892 -0.001396 -0.000074 -0.029759 -0.000175 0.000194 -0.031265 -0.073986 -0.000255 -0.000384 0.000005 -0.005222 -0.008694 0.000159 0.042662 -0.023548 -0.000067 -0.000063 0.000107 -0.003440 0.000197 0.002155 -0.051176 0.066166 0.000166 0.001540 -0.020244 0.000542 0.006243 0.001694 -0.034599 0.037632 0.000755 -0.007845 0.009589 0.002124 0.000068 -0.000040
-0.003021 0.000484 0.001014 -0.002516 -0.004009 -0.001807 -0.000104 -0.000193 0.000366 0.000167 0.000062 -0.006759 -0.001525 -0.003500 -0.000245 -0.006260 0.000034 -0.000755 0.000143 -0.000276 -0.000065 -0.000320 0.002773 -0.004544 -0.001514 -0.000392 -0.000014 0.000703 0.000035 0.000681 0.001384 -0.004101 -0.000190 -0.000800 -0.001735 -0.003600 -0.002583 -0.000150 -0.002922 -0.001771 -0.003224 -0.002146 -0.000262 0.000075 -0.000089 -0.006209 -0.000233 -0.000248 -0.000264 -0.002145 -0.000302 0.000004 0.000900 -0.000048 0.000049 -0.000414 -0.000731 0.000101 0.001270 0.000229 0.000301 -0.000011 -0.001358 0.000229 -0.003921 0.000046 -0.002144 -0.005295 -0.000034 -0.002464 0.000422 -0.005476 0.000003 -0.002780 0.004479 -0.005285 -0.001662 -0.002483 0.000097 0.001120 -0.005061 -0.000124 0.000156 0.001119 -0.004374 0.000168 -0.002103 -0.004693 -0.000218 -0.001648 -0.001703 -0.002245 0.000009 0.000225 -0.002000 0.001656 -0.000888 -0.002177 -0.002334 0.001167 -0.002711 0.000203 -0.003230 -0.001359 0.000020 -0.000400 0.000269 0.000094 -0.002410 0.001561 -0.000018 0.001078 -0.001079 -0.000246 -0.000029 -0.000100 0.000134 -0.000018 -0.006132 -0.002999 -0.000091 -0.002277 -0.000852 0.000064 0.001904 0.000010 -0.003143 -0.001445 -0.005450 -0.005261 -0.002687 0.001460 -0.000120 0.000147 -0.001390 -0.000129 0.000126 -0.000061 0.005615 -0.000152 -0.001354 0.001119 -0.000284 0.000106 0.000266 -0.002465 -0.002146 0.000173 0.000015 -0.002356 -0.000886 0.000040 -0.000313 0.000057 -0.000262 0.001731 0.000065 -0.000224 -0.000087 -0.000263 -0.003119 -0.002784 0.000389 0.000483 -0.006492 -0.001824 -0.002250 0.000209 -0.000155 -0.004135 -0.001673 0.000347 -0.000612 -0.001610 -0.004311 -0.000167 -0.000968 -0.004133 -0.005578 -0.000542 -0.000147 0.000196 -0.000018 -0.004169 -0.000165 -0.001693 -0.000050 -0.003878 0.000410 -0.000096 -0.002214 -0.000855 0.003273 0.000189 -0.005197 0.000618 -0.004395 0.000090 -0.003334 0.000213 -0.000386 -0.000034 0.000040 -0.002438 0.001437 -0.003781 0.000193 0.000524 0.000267 -0.000032 -0.001053 -0.000048 0.000676 -0.000051 0.002218 -0.000284 -0.000004 -0.000570 -0.001082 -0.000587 -0.000103 -0.004836 0.000077 -0.000010 -0.002408 -0.000985 0.000145 -0.000042 0.000025 0.001226 0.000707 -0.000078 -0.000889 -0.001065 0.000034 0.000550 -0.000424 -0.007932 0.000034 -0.002246 0.001658 -0.004552 0.000107 0.000415 -0.006678 0.001391 -0.001943 -0.000151 0.000594 -0.001910 -0.001545 -0.003917 -0.000871 -0.003977 -0.000039 -0.000076
-0.076629 0.000508 -0.012039 0.162751 -0.119694 0.125544 -0.002914 -0.000187 -0.000235 0.000352 0.000078 -0.071823 -0.000824 -0.019111 0.000002 -0.169231 -0.000035 -0.000455 0.000019 -0.000036 0.000052 -0.057329 0.041029 -0.014960 0.032663 0.024847 0.000272 -0.000649 -0.000166 0.005945 0.015182 -0.005453 0.000217 -0.028516 -0.013378 -0.138922 -0.081628 -0.037771 -0.103258 -0.101860 -0.076218 0.061066 0.000037 0.000137 0.076395 -0.118208 0.000165 0.046952 0.001898 0.020579 -0.000770 0.000183 0.033777 -0.000085 0.000153 -0.000395 -0.012773 -0.000227 -0.110437 0.032615 -0.000217 0.000007 -0.016056 0.105235 -0.089897 0.000145 -0.243302 -0.019605 0.000156 -0.002104 -0.000427 -0.105862 0.000421 0.091611 0.061449 0.034465 -0.012754 0.033331 -0.000145 0.000035 -0.011458 0.003836 0.000116 0.000080 -0.093802 0.000004 -0.043363 0.050837 -0.000390 -0.042484 -0.064244 -0.111136 -0.000012 -0.000193 -0.019228 0.017979 -0.004669 0.070702 -0.104557 -0.000386 -0.015777 -0.000244 -0.032297 -0.000498 -0.002777 0.018501 0.014595 -0.000138 0.054150 0.034336 0.027168 0.012843 -0.055822 0.000339 -0.000018 0.000222 0.000107 0.000166 -0.101662 0.001024 0.000340 -0.002208 -0.016213 0.000405 -0.057474 -0.000074 0.006447 -0.127705 -0.038533 -0.089488 -0.110669 0.000167 0.000215 0.000190 0.022356 0.090853 0.000006 0.044117 0.225741 0.000104 -0.033835 0.001574 -0.000400 0.000037 0.000366 -0.266152 0.077318 -0.062579 0.000079 0.019926 -0.003372 0.017213 0.000084 0.000004 0.000171 -0.001719 0.000015 -0.001199 -0.000530 0.000127 -0.035252 -0.142817 -0.003601 0.024719 -0.062209 -0.042487 -0.006073 0.000138 0.000075 -0.168745 0.007649 -0.015230 -0.000772 -0.083426 -0.056463 0.001336 -0.000034 0.008759 -0.210857 0.000068 -0.185897 0.000090 0.000094 0.202147 -0.000181 -0.063055 -0.000039 -0.012837 -0.000067 -0.000197 0.029169 0.000693 -0.007803 0.000112 0.047026 0.060075 0.008680 -0.000267 -0.075704 0.000065 0.000127 -0.000111 0.080016 -0.123955 0.013778 -0.135336 0.000216 -0.027123 0.000174 0.000013 -0.054791 0.000244 -0.045903 0.000206 0.079906 0.094450 0.000006 0.023866 0.034517 -0.000166 -0.000057 -0.096454 -0.000136 0.000341 0.064514 -0.092508 -0.000209 -0.000307 0.000378 -0.109877 0.034371 0.000914 0.050159 -0.048715 0.000248 0.000211 0.000153 -0.091882 0.000030 0.011516 -0.015382 -0.012628 0.000032 0.003634 -0.087823 -0.000215 -0.029214 0.017621 -0.035977 0.016122 -0.000706 -0.099392 0.016587 0.044070 -0.000080 0.000007
-0.147938 -0.000190 0.477960 0.156600 -0.297438 -0.139965 0.000831 0.000185 -0.000293 0.000026 -0.000232 -0.475546 0.250363 0.027054 -0.000241 -0.066102 -0.000029 -0.000351 -0.000010 0.000113 -0.000210 0.033781 0.034118 -0.053795 -0.173732 -0.002603 0.000200 -0.004629 -0.000423 -0.000141 0.352163 0.019837 -0.000045 -0.132785 0.011169 0.011214 0.252923 0.042966 0.239060 -0.342788 0.221616 -0.097611 -0.000190 -0.000261 -0.041162 -0.180970 -0.000278 0.268603 0.023873 -0.194249 -0.000204 -0.000243 0.035622 0.000159 -0.000038 0.000079 0.167381 0.000543 0.287860 -0.151823 -0.000718 -0.000141 0.371451 0.241817 -0.177335 -0.000161 -0.190599 -0.250201 0.000000 -0.001169 -0.000283 0.064471 -0.000110 -0.072795 0.947065 0.066714 -0.068817 -0.278038 -0.000093 -0.000022 0.003987 0.001700 -0.000194 0.001519 0.161842 -0.000566 0.056920 -0.138685 -0.000135 -0.196248 -0.158824 0.079772 -0.000165 -0.000055 0.039269 0.015035 0.003608 -0.071692 -0.101570 0.001157 0.473566 -0.000046 -0.080602 -0.000464 0.308253 0.072625 0.027295 0.000242 0.046533 -0.104037 0.025415 0.208597 0.120462 -0.000188 -0.001011 -0.000596 -0.000065 -0.000043 0.069038 -0.002228 -0.011790 0.032350 -0.226012 0.000638 0.642248 -0.000003 -0.001820 -0.554631 0.050253 -0.073312 -0.019902 -0.050462 -0.000002 -0.000149 0.620588 0.051444 0.000046 0.164306 0.150633 -0.000092 -0.012336 -0.001851 -0.000145 -0.000640 -0.000412 -0.018734 0.018660 0.462240 -0.000081 0.122793 0.001428 -0.007641 0.000080 -0.000156 -0.000251 -0.002787 -0.000005 -0.000438 0.000444 0.000003 -0.193609 -0.440068 0.030012 -0.022431 -0.142071 -0.186185 0.009027 0.000058 -0.000147 0.133626 0.027773 0.076429 -0.000058 -0.207854 0.029835 -0.158051 -0.000195 0.201003 -0.490847 0.002585 0.151676 0.000179 -0.000182 -0.236353 0.000524 0.309459 -0.000122 0.004213 -0.000066 0.000001 0.186631 -0.000874 -0.000099 -0.000110 -0.300357 -0.241001 0.111877 -0.000262 0.106565 -0.000225 -0.000235 0.000125 -0.035728 -0.083105 0.120152 -0.093540 -0.000242 0.053760 -0.000094 -0.000259 0.038109 -0.000129 0.543955 -0.000098 0.539743 0.029815 -0.000224 -0.000387 0.063190 0.000268 -0.000201 -0.030819 -0.000108 0.000257 0.329638 0.088734 -0.000255 -0.000725 0.000326 -0.066596 0.186144 0.008073 0.072747 -0.029700 0.000258 -0.000406 -0.000112 0.083476 -0.000153 0.479510 0.357761 0.150275 -0.000192 -0.002585 -0.071762 0.001298 -0.241173 0.054140 0.046029 0.022119 -0.001595 0.057666 0.104607 0.272588 -0.000162 -0.000040
-0.001131 -0.000200 -0.003389 -0.002709 -0.000177 0.001309 0.001082 0.000160 -0.000192 -0.000135 -0.000187 -0.005413 -0.001344 -0.004482 -0.000255 -0.005411 0.000129 0.000228 -0.000079 0.000268 -0.000171 -0.000504 -0.000701 -0.001119 0.000141 0.000620 -0.000082 -0.000079 -0.000239 -0.000603 -0.002203 0.000763 0.000185 -0.001814 -0.000953 -0.007505 0.001927 -0.006813 -0.003370 -0.001346 -0.009654 -0.000006 0.000026 0.000198 -0.003553 -0.003743 -0.000538 -0.000478 -0.001054 -0.005637 -0.001306 0.000251 0.000951 -0.000078 0.000042 -0.000070 -0.000720 -0.000175 -0.004565 -0.000966 -0.000029 0.000060 0.005252 0.001409 0.003190 0.000037 -0.000986 -0.002487 0.000124 0.003136 -0.000219 -0.004642 0.000275 0.002074 0.002635 -0.000151 -0.001071 0.001273 0.000246 0.001185 0.003105 0.001369 0.000064 0.000609 -0.003422 -0.000417 -0.001024 -0.003092 -0.000292 -0.003953 0.001371 -0.004512 0.000222 0.000010 0.000511 0.000781 0.001116 0.000660 -0.003594 -0.001415 -0.001482 0.000414 -0.006149 0.000542 -0.000081 -0.000806 -0.003440 0.000087 -0.002118 -0.001118 0.000898 -0.001611 -0.009451 -0.000004 0.000333 0.000343 -0.000047 0.000106 -0.004496 -0.000731 0.000441 -0.007134 -0.001473 -0.000195 -0.001110 -0.000087 0.001594 -0.006564 -0.010572 -0.008377 0.001790 -0.002329 0.000186 0.000169 -0.000451 -0.005990 0.000008 0.003275 0.001087 -0.000079 -0.006704 -0.004313 -0.000001 -0.000018 0.000068 0.004547 -0.003919 0.001543 0.000044 -0.001286 -0.001215 0.001432 -0.000099 0.000211 -0.000438 -0.000001 0.000072 0.000570 0.000322 0.000171 -0.002113 -0.005788 -0.001766 -0.001000 0.001177 -0.000170 -0.001382 -0.000090 -0.000271 -0.004692 -0.005492 0.000919 -0.000669 0.000027 -0.011982 -0.003028 -0.000621 -0.002914 -0.008627 -0.000315 -0.006605 -0.000242 0.000064 -0.003254 -0.000979 -0.004798 0.000241 -0.000850 -0.000268 0.000014 -0.004568 -0.001398 -0.002407 0.000166 -0.004150 0.000829 -0.012132 0.000097 -0.002906 0.000070 -0.000304 -0.000279 -0.000236 -0.005941 -0.000038 -0.012894 0.000130 -0.001794 -0.000088 0.000198 -0.005207 0.000098 -0.001573 0.000128 0.002710 0.000445 0.000710 -0.001316 -0.001497 0.000137 0.000036 -0.007543 0.000069 0.000125 -0.000724 -0.003487 -0.000420 0.000906 -0.000142 0.007567 -0.003277 -0.000309 -0.003678 -0.001694 -0.000358 0.001012 0.000006 -0.006571 -0.000012 -0.000247 -0.000385 -0.002625 -0.000188 -0.003105 -0.011859 -0.000578 0.000039 -0.000995 0.002079 -0.003756 0.000600 -0.003681 0.002685 0.001910 -0.000054 0.000211
-0.077391 0.000753 -0.029521 0.013277 -0.063667 0.037475 0.002639 0.000041 0.000093 0.000465 0.000097 -0.001160 -0.026135 0.018476 -0.000240 -0.091310 0.000037 -0.000252 0.000443 0.000117 0.000253 -0.020541 0.009447 0.045942 -0.028575 0.002540 0.000089 0.007413 0.000120 0.002974 -0.016661 -0.045021 -0.000092 -0.061159 0.046471 0.020751 0.079260 -0.040205 0.021333 -0.067690 -0.036227 0.002368 0.000220 0.000163 0.032994 -0.211275 0.000290 -0.008185 0.004676 -0.074073 -0.000197 0.000165 -0.038772 -0.000176 0.000012 -0.000012 -0.041752 0.000092 0.014163 -0.072314 0.000287 0.000177 -0.069755 -0.026944 -0.118321 0.000337 -0.090469 -0.091543 -0.000239 -0.006927 0.000109 -0.095687 0.000005 -0.008893 0.045553 -0.062505 -0.037379 0.065300 -0.000553 0.000343 0.098880 -0.006860 -0.000559 0.001234 -0.102602 0.000414 -0.023685 0.048228 0.000566 -0.036375 -0.009672 -0.054328 -0.000228 0.000254 -0.080088 0.018196 -0.002022 -0.053797 -0.047158 -0.000425 0.016135 0.000118 -0.023742 0.000283 -0.051727 0.019255 0.000755 0.000162 -0.062524 0.032788 -0.025169 -0.002346 -0.076420 0.000073 -0.000342 0.000216 -0.000063 -0.000033 -0.094459 0.002335 0.001213 -0.027840 0.010143 0.002363 -0.064438 0.000074 -0.002363 -0.096544 -0.067436 -0.184215 -0.020412 0.216156 -0.000220 0.000081 -0.043616 -0.031355 -0.000090 -0.067593 -0.002019 0.000033 0.006328 -0.013427 -0.000243 -0.000124 -0.000115 -0.083084 -0.037272 0.022528 0.000183 -0.124866 0.001469 -0.001410 -0.000115 -0.000229 -0.000399 -0.009160 -0.000047 -0.000418 -0.000153 -0.000245 -0.018582 -0.110563 -0.109176 -0.079632 -0.088645 -0.042326 0.022443 0.000223 0.000016 -0.001168 0.009287 0.045530 -0.000412 -0.051125 0.007053 -0.003316 0.000299 -0.038211 -0.294444 0.014567 -0.061864 0.000190 -0.000001 -0.086782 0.000495 -0.056778 -0.000026 0.047961 -0.000161 -0.000103 0.062692 -0.000171 0.000106 0.000015 -0.100778 0.033514 -0.033067 0.000058 0.028653 0.000025 -0.000047 0.000030 0.047911 -0.143602 0.009283 -0.052859 0.000130 -0.014942 0.000138 0.000150 0.006567 0.000071 -0.046525 0.000208 0.070746 -0.054324 -0.000062 -0.062123 0.007355 -0.001891 0.000097 0.030352 0.000091 0.000124 -0.000487 -0.026552 -0.000046 -0.000116 0.000219 0.002832 -0.072979 0.004227 0.031817 0.069076 -0.000899 0.000114 -0.000440 -0.060721 0.000229 0.007418 0.015313 -0.011113 -0.000168 0.003158 -0.165385 -0.000668 -0.010777 -0.018405 0.026604 0.009867 0.002233 -0.022459 -0.004611 -0.018148 0.000094 -0.000005
0.394646 0.000105 -0.193228 0.159546 0.211310 -0.018241 -0.002810 0.000147 0.000165 0.000143 -0.000103 0.077395 0.047076 0.002383 -0.000033 -0.135688 0.000126 -0.000091 -0.000043 0.000072 0.000219 0.299592 0.000519 -0.098026 -0.157610 -0.002980 -0.000117 0.000316 -0.000153 -0.000395 0.152326 -0.249842 -0.000237 -0.198077 -0.004957 0.003901 0.251673 -0.036345 0.038794 0.590836 -0.051522 0.304191 -0.000078 0.000028 0.252198 0.229414 0.000042 -0.099162 -0.001122 -0.154788 -0.000035 0.000105 0.083695 0.000090 -0.000236 -0.000092 0.487262 0.000045 0.173102 0.377229 -0.000169 0.000003 -0.015170 0.136564 0.084223 0.000075 -0.002239 0.147284 -0.000006 -0.001694 -0.000325 -0.170602 -0.000327 0.006318 -0.341414 -0.080294 -0.038541 0.054942 0.000334 0.000145 -0.250151 -0.002510 -0.000125 -0.000229 0.183135 -0.000015 0.123270 0.014064 -0.000089 0.330462 -0.186551 0.140344 0.000099 -0.000107 -0.078728 0.001996 -0.001391 -0.129385 -0.109249 -0.001500 0.186855 -0.000117 0.160694 0.001424 -0.087448 -0.004576 -0.000057 0.000005 0.051518 0.563696 -0.000382 0.164284 0.033132 -0.000155 -0.000405 -0.000231 -0.000095 0.000149 0.068509 -0.003206 -0.000347 0.200530 0.021754 0.000140 -0.039443 0.000167 0.005851 -0.128740 -0.004286 -0.459359 -0.169026 -0.095153 -0.000194 -0.000135 -0.500706 -0.143073 0.000197 -0.036041 -0.040098 0.000072 -0.174536 -0.010897 -0.000157 -0.000366 -0.000082 0.336494 0.202613 -0.140664 -0.000112 0.424157 -0.000088 0.000602 0.000164 -0.000116 0.000958 0.004203 -0.000167 0.000034 -0.000121 -0.000075 -0.071165 0.270124 1.152033 0.186335 0.050252 0.426499 0.243380 0.000169 0.000096 -0.338694 -0.048074 -0.002036 0.000590 -0.050654 0.095913 -0.060203 0.000030 -0.232087 -0.216036 -0.000247 -0.105045 -0.000110 -0.000193 -0.258859 -0.000132 -0.193692 -0.000043 -0.001577 0.000062 0.000022 0.011582 0.000359 0.002141 -0.000004 0.089929 0.103500 -0.007425 -0.000027 -0.253796 -0.000178 -0.000941 -0.000001 -0.000144 0.513573 0.002673 0.036096 -0.000146 -0.019588 -0.000222 0.000075 0.334595 -0.000103 0.037004 0.000097 0.300678 -0.003927 -0.000031 -0.035475 -0.168589 0.000195 0.000190 -0.054984 0.000708 -0.000128 -0.016239 -0.014991 -0.000057 -0.000789 0.000089 -0.125970 -0.077874 -0.002820 -0.097418 -0.086353 0.000171 0.000091 -0.000145 -0.128638 -0.000170 -0.176975 0.051343 0.082610 0.000267 0.003007 0.147260 -0.000349 0.168978 0.471246 0.040397 0.001964 0.003587 -0.071618 -0.042505 0.012928 -0.000077 -0.000222
0.030294 0.000091 0.006950 -0.066397 -0.612347 -0.310880 0.007070 0.000044 -0.000310 0.000133 0.000045 -0.752487 -0.490650 0.029074 -0.000015 0.253412 0.000081 -0.000308 -0.000107 -0.000009 0.000097 0.073820 -0.026818 -0.001930 -0.190474 0.006713 0.000155 -0.005781 -0.000352 -0.000549 -0.175143 -0.622870 0.000233 0.489136 -0.013437 -0.283216 -0.831244 -0.380201 0.288159 -0.141402 -0.584880 -0.022903 0.000200 0.000057 0.235968 0.000272 0.000171 0.027491 0.000368 -0.130582 -0.001407 0.000015 -0.267368 -0.000044 0.000167 -0.000809 0.329030 -0.000090 -0.814767 -0.683339 -0.000244 0.000149 -0.570533 -0.216432 0.248593 -0.000091 -1.411446 -0.034269 0.000177 0.002290 0.000295 -0.752768 0.000240 -0.083303 -0.259990 -0.177253 0.517992 0.349574 0.000130 0.000139 -0.240571 -0.005202 0.001160 -0.001674 0.367789 -0.000277 0.046562 -0.339438 -0.000362 -0.321547 0.168351 -1.906356 0.000094 0.000125 0.493718 0.018136 0.002997 -0.332766 -0.264050 -0.000060 -0.492036 -0.000178 0.530445 0.000435 0.340483 -0.110491 0.007026 -0.000003 -1.186970 0.394103 -0.034143 -0.090900 -0.178903 -0.000084 0.000175 0.000884 0.000075 0.000032 -0.781891 -0.000313 0.004486 -0.170420 -0.221751 0.002176 -0.524701 -0.000106 -0.002818 -0.380373 -0.098556 0.205075 0.536042 -0.619211 0.000227 0.000111 -0.036647 0.710624 -0.000099 -0.392770 0.087128 -0.000014 0.114838 -0.011952 -0.000442 0.002241 -0.000468 -0.351292 -0.854976 -0.233319 0.000005 -0.421789 -0.007338 0.109313 -0.000105 0.000031 -0.000433 -0.002137 0.000250 0.000381 -0.000021 -0.000000 0.770755 -0.566621 0.239019 -0.617028 0.049739 -0.325384 -0.475820 0.000069 0.000074 0.314424 0.629096 -0.284796 -0.000755 0.822724 -0.210880 0.394798 -0.000392 -0.407537 0.044668 -0.007717 0.535314 0.000010 -0.000014 -0.219823 -0.000260 -0.892886 0.000065 0.067590 -0.000116 0.000050 0.029653 -0.000079 -0.005969 0.000155 -0.573904 -0.665253 -0.352578 0.000081 -0.050264 0.000067 0.000645 0.000192 -0.033333 -0.259137 0.267487 -0.028442 0.000144 -0.465477 0.000102 0.000043 0.132212 0.000138 0.827799 0.000181 -0.184082 -0.068846 0.000137 0.299512 -0.052044 0.000161 -0.000051 -0.052540 -0.000059 0.000132 -0.293736 0.092957 0.000016 0.000973 0.000015 0.565192 0.283547 0.013056 -0.066632 0.284824 0.000349 0.001500 0.000022 -0.322127 0.000044 -0.587544 -0.201240 0.078330 0.000041 0.003483 -0.580803 0.003398 0.448900 0.228478 0.128990 0.067153 -0.002871 0.231491 0.106303 -0.584966 0.000269 -0.000102
0.086286 -0.000105 0.131413 0.495622 -0.071197 -0.099754 0.001162 -0.000109 -0.000061 0.000131 0.000001 -0.197413 0.142140 0.003488 -0.000090 -0.293974 0.000140 0.000478 -0.000220 -0.000068 -0.000220 0.039357 0.006432 0.039333 -0.019608 -0.002440 0.000167 -0.001321 -0.000346 -0.003616 0.255359 -0.057637 -0.000258 -0.065895 -0.001491 0.408444 0.479901 -0.108515 0.020161 -0.173924 -0.179240 -0.108815 0.000081 0.000187 0.073689 -0.156957 -0.000213 0.222255 -0.000227 -0.145494 -0.000293 0.000109 -0.143823 -0.000117 0.000208 -0.000190 0.205565 -0.000166 -0.001941 -0.010217 0.000045 -0.000002 0.417681 -0.207708 -0.018685 -0.000369 -0.117674 0.008786 -0.000075 -0.000269 0.000297 -0.287093 -0.000190 -0.006674 0.576468 0.182684 0.128145 -0.323645 0.000005 0.000128 0.129166 -0.003023 -0.000184 -0.000529 0.145904 0.000156 -0.339632 -0.086861 -0.000009 -0.083070 -0.195114 -0.370868 -0.000003 0.000095 -0.024622 0.005939 0.002018 0.076769 -0.049085 0.000076 0.027712 0.000056 0.032371 -0.000111 0.414463 -0.046258 -0.001541 0.000187 0.149903 -0.097751 0.027085 -0.310764 0.322820 -0.000097 0.000072 0.000135 0.000133 -0.000050 -0.086287 0.001904 -0.000431 0.518702 0.103318 -0.000278 0.006816 -0.000129 0.004484 -0.065046 -0.060789 -0.160552 -0.047746 0.321720 0.000114 0.000034 -0.061424 0.264699 0.000238 0.001859 0.262675 0.000233 0.115921 0.001425 0.000466 -0.000535 -0.000063 -0.389471 -0.323137 0.622342 0.000153 0.370034 0.001020 -0.014939 -0.000050 0.000010 -0.000345 0.000394 0.000140 -0.000648 -0.000203 -0.000165 0.209025 -0.122657 0.160175 0.262455 -0.067142 0.152046 -0.091014 0.000142 -0.000088 -0.197521 0.024110 0.097639 -0.000698 -0.255547 -0.130169 0.005966 -0.000054 -0.079246 -0.672986 -0.001695 -0.191088 0.000031 -0.000249 0.057889 0.001288 -0.289569 -0.000148 -0.020379 -0.000297 -0.000229 0.063210 0.000319 -0.001240 0.000038 -0.284661 0.264316 0.028561 -0.000073 -0.208667 -0.000032 -0.000199 -0.000110 -0.019185 0.159753 0.021486 0.121971 0.000057 -0.113919 -0.000006 0.000037 0.067257 -0.000103 0.495183 0.000103 0.224063 -0.016908 0.000060 0.220089 0.046830 0.000201 0.000074 -0.134976 -0.000119 -0.000045 -0.168885 -0.322201 -0.000330 -0.000455 -0.000019 -0.205954 -0.060018 0.000419 0.030063 0.019647 -0.000476 -0.000009 0.000054 -0.031204 0.000019 -0.120379 -0.277685 0.286704 -0.000014 0.001580 -0.124976 -0.002642 -0.007972 -0.127281 0.270236 0.017378 -0.000188 -0.189958 -0.013030 0.245912 0.000016 -0.000104
-0.010268 0.000311 -0.000537 -0.003640 -0.009213 -0.002937 -0.000033 -0.000008 0.000040 0.000155 -0.000137 -0.007229 -0.004426 -0.000538 -0.000033 0.001257 0.000245 -0.000358 0.000081 -0.000236 0.000157 -0.002755 0.003189 -0.004456 -0.000891 0.003530 -0.000077 -0.002523 0.000152 0.000484 0.000157 -0.004276 -0.000138 0.000528 0.000147 -0.016979 -0.000875 0.005162 -0.000310 -0.008656 -0.006525 0.000498 0.000009 0.000062 -0.000413 -0.006354 0.000098 -0.000033 0.000565 -0.009110 -0.000165 0.000164 0.002484 -0.000032 0.000051 0.000412 0.000171 -0.000178 -0.009955 -0.000231 -0.000061 0.000039 0.003961 -0.008770 -0.004697 0.000072 -0.008634 -0.003381 -0.000044 -0.001562 0.000211 -0.000854 -0.000018 0.000062 -0.002044 -0.002375 -0.000323 -0.007106 0.000300 0.000227 0.001616 0.000208 0.000092 -0.000327 -0.009786 0.000255 -0.004853 -0.002297 0.000512 -0.009111 -0.000596 -0.007814 -0.000212 -0.000217 -0.005249 -0.001223 0.000106 -0.002650 0.004741 -0.001054 0.006879 -0.000385 -0.005626 -0.001833 -0.000984 -0.001576 -0.000913 -0.000121 0.000967 0.001073 -0.000210 -0.009173 -0.007243 0.000194 0.000317 -0.000990 -0.000203 -0.000029 -0.012594 0.000448 -0.000266 -0.005293 -0.006631 0.000168 -0.000131 0.000179 -0.000062 -0.005060 -0.011745 -0.004630 -0.007258 -0.010256 -0.000220 0.000242 -0.010495 -0.009868 -0.000002 0.002285 -0.000191 0.000136 -0.007254 -0.000581 -0.000159 0.000606 0.000914 -0.001823 0.003148 -0.006800 0.000017 -0.000570 0.000137 -0.000214 -0.000160 0.000070 -0.000159 -0.000333 0.000043 -0.001162 -0.000648 -0.000082 -0.006657 0.004377 -0.003887 0.001361 -0.008414 -0.005548 -0.002596 -0.000213 0.000113 -0.008894 0.000014 0.000185 0.000075 -0.000893 -0.010147 -0.001972 -0.000709 -0.002802 -0.015215 -0.000458 0.002756 -0.000155 0.000204 -0.008687 -0.000411 -0.005313 0.000107 -0.000830 0.000049 0.000015 -0.004157 0.000413 -0.002278 0.000230 -0.001503 0.003598 -0.000612 0.000092 -0.003676 0.000217 -0.000923 -0.000333 -0.000077 -0.009728 0.002143 -0.003721 0.000146 0.002327 0.000099 0.000059 -0.001060 0.000293 -0.002117 0.000264 -0.001842 -0.002054 0.000017 -0.001617 0.001290 0.001682 -0.000107 -0.005174 0.000069 0.000201 0.000863 0.000554 -0.000192 -0.000598 0.000438 -0.007780 -0.001908 -0.001043 -0.005621 -0.006088 -0.000053 0.000439 -0.000142 -0.001117 -0.000068 -0.001147 0.000472 0.002052 0.000248 -0.000908 -0.008057 0.000183 -0.000189 0.000163 0.007044 0.000835 -0.001676 0.000523 -0.000284 -0.002863 0.000205 -0.000056
-0.164164 0.000590 0.204261 0.011547 0.285946 -0.074147 -0.002480 -0.000142 0.000075 0.000331 -0.000112 -0.038362 0.285822 -0.000652 -0.000234 0.199215 0.000077 0.000347 0.000184 0.000197 0.000116 0.087134 -0.000135 -0.226958 -0.134160 -0.005900 -0.000023 0.011222 0.000224 -0.002011 0.426750 0.121996 -0.000271 -0.152109 0.000961 0.453067 -0.130648 0.219833 0.151495 0.407410 -0.340115 -0.104947 -0.000226 0.000167 0.131031 0.136765 0.000678 0.026510 0.004789 0.158832 -0.000458 0.000173 0.222988 0.000210 0.000139 -0.000075 0.114029 0.000105 0.390845 0.221758 -0.000096 -0.000425 0.103010 0.202539 -0.248491 0.000167 0.114243 0.640197 -0.000117 0.006304 0.000038 0.102426 0.000007 0.098651 0.294428 0.307512 0.200498 0.169343 -0.000267 0.000051 0.165331 0.007047 0.000001 0.001171 0.099124 0.000186 -0.125116 0.081750 0.000900 0.196103 -0.068275 -0.242890 -0.000133 -0.000084 0.107721 0.006681 -0.001154 0.136865 0.226346 -0.001405 -0.113446 0.000198 0.019022 -0.000642 -0.006649 -0.009430 -0.001535 0.000160 -0.177541 0.229526 0.000985 0.135224 0.164446 0.000123 -0.000011 -0.000140 -0.000007 -0.000180 0.117909 -0.004301 0.013689 0.231683 0.228739 -0.000531 0.290143 -0.000044 0.000049 -0.118943 -0.003385 -0.135846 0.456691 0.226482 -0.000214 0.000147 0.372940 -0.363190 0.000049 0.148248 -0.071008 -0.000218 -0.042477 -0.000291 0.000050 0.000823 -0.000121 0.154895 -0.073303 0.240945 -0.000016 0.221562 -0.001479 0.000334 0.000061 -0.000185 0.000423 0.003506 -0.000120 -0.000911 -0.001478 -0.000079 0.018263 0.016359 0.047796 -0.000524 -0.152109 0.374490 0.067667 -0.000012 -0.000104 0.223312 0.143232 -0.109125 0.000647 0.190409 0.091801 0.040506 -0.000407 0.218147 -0.399704 -0.000419 0.057353 -0.000093 0.000122 0.552755 0.000471 -0.115139 0.000064 0.002490 0.000406 0.000055 0.265880 -0.000479 0.001258 0.000108 -0.108905 0.024644 -0.061914 0.000214 0.022257 -0.000315 0.000124 -0.000198 -0.000975 0.105176 -0.064666 -0.189216 0.000066 0.014295 -0.000124 -0.000102 -0.172220 0.000119 0.012071 -0.000220 0.202520 -0.081743 -0.000022 0.228905 0.154509 0.001878 0.000024 0.205594 0.000158 0.000211 0.265257 -0.044155 -0.000034 -0.001175 -0.000041 0.244814 0.019222 -0.003081 0.189074 0.294049 -0.000449 0.000364 -0.000282 0.257335 0.000204 -0.004865 -0.004237 0.766889 -0.000137 -0.003315 -0.150646 0.009747 -0.003177 0.183596 0.302606 0.008913 -0.002096 0.425771 0.066895 -0.028084 -0.000027 0.000090
0.248466 -0.000011 0.156504 -0.065301 -0.121547 0.340026 -0.000178 -0.000079 -0.000064 0.000075 -0.000120 0.054777 0.667367 -0.043693 0.000096 -0.010307 -0.000031 -0.000463 -0.000208 0.000084 -0.000207 0.093690 0.018814 0.104309 0.028857 -0.002655 -0.000046 0.010240 -0.000084 -0.000345 0.291247 -0.025842 -0.000078 0.384555 0.000393 0.149156 -0.102816 0.030640 -0.171384 0.026484 0.058503 0.230033 -0.000066 -0.000234 0.037053 0.121472 -0.000133 0.266122 0.031595 -0.021165 0.000183 -0.000260 0.133618 -0.000208 -0.000113 -0.001261 0.110021 -0.000139 -0.156133 0.260374 0.001995 -0.000233 0.310270 0.173552 0.285541 0.000152 0.104123 -0.119251 -0.000105 -0.004002 -0.000607 0.055749 -0.000177 0.031329 0.234615 0.424766 -0.021273 0.068447 -0.000173 0.001051 -0.216292 -0.002440 -0.000232 0.000845 0.077246 -0.000004 0.154335 0.190642 0.000073 0.025260 0.160684 0.081382 -0.000024 -0.000118 0.018034 0.001399 -0.006427 0.184368 0.220257 -0.002183 0.464211 -0.000158 0.066711 0.000040 0.049089 -0.015672 0.007600 -0.000082 0.154210 0.246584 0.009361 0.606792 0.207330 -0.000124 -0.000115 0.001968 -0.000111 -0.000131 -0.069762 -0.002721 0.004035 0.347489 0.190617 0.001307 0.137296 -0.000045 0.000672 0.057319 -0.022475 -0.154916 0.149142 0.410208 -0.000119 -0.000091 0.343754 0.184920 0.000048 0.029966 0.372061 -0.000201 -0.038531 -0.003956 -0.000261 0.003171 0.001441 0.242228 0.154480 0.001283 -0.000161 -0.174040 0.000378 -0.082132 -0.000157 -0.000047 0.001209 0.016352 -0.000077 -0.002074 -0.000837 0.000082 0.124858 0.261539 0.086709 0.372961 -0.060012 0.307801 0.147466 -0.000020 -0.000044 0.072916 -0.031745 0.133848 -0.000289 -0.016549 0.053261 -0.055663 -0.000086 -0.151093 -0.151471 -0.001264 0.021515 0.000083 -0.000160 0.212473 -0.000069 0.282892 -0.000092 0.048793 -0.000131 -0.000086 0.280222 -0.000390 -0.001658 -0.000130 0.079452 0.242293 -0.068829 -0.000136 0.170798 -0.000131 -0.000280 0.000183 0.051638 -0.198378 -0.085556 0.114006 -0.000017 0.311382 -0.000077 -0.000260 0.135797 -0.000019 0.333042 -0.000010 0.148364 -0.031778 -0.000075 0.076736 0.055832 0.000836 -0.000168 -0.123465 -0.000039 -0.000087 0.234192 0.137518 -0.000107 0.000141 -0.000030 0.340826 0.205986 -0.000713 -0.039448 -0.001559 0.000038 0.001939 -0.000107 -0.022333 -0.000098 0.425976 0.378141 0.009799 -0.000027 -0.004252 0.009443 0.002649 0.152371 0.008262 0.075387 -0.051737 0.002036 0.181160 0.075031 0.273428 -0.000069 0.000279
0.000285 -0.000555 -0.000758 -0.000180 0.000064 -0.000936 0.000454 -0.000143 0.000598 0.000227 -0.000010 -0.000043 -0.000300 -0.000117 0.000097 -0.001564 -0.000166 -0.000059 0.000235 -0.000046 -0.000249 -0.000322 -0.000647 0.000042 -0.000309 -0.000147 -0.000039 -0.000155 -0.000067 -0.000589 0.000107 -0.000113 -0.000114 -0.000726 0.000192 -0.000273 -0.001096 -0.000590 -0.000223 0.000308 0.000009 -0.000528 -0.000162 -0.000237 -0.000876 -0.000184 0.000369 0.000293 -0.000001 0.000375 -0.000275 -0.000129 -0.000143 -0.000038 -0.000221 0.000463 -0.000320 0.000082 0.000388 0.000315 0.000172 0.000245 -0.000707 -0.000711 -0.001313 -0.000175 -0.000436 -0.000433 -0.000172 -0.000384 0.000095 -0.000410 -0.000136 -0.000095 -0.000518 -0.000211 -0.000295 -0.000826 -0.000054 -0.000094 -0.000191 0.000238 0.000167 -0.000281 -0.000428 -0.000002 -0.000021 0.000082 -0.000084 -0.000752 -0.000267 -0.000636 -0.000089 0.000179 -0.000714 0.000005 -0.000036 0.000218 -0.000503 -0.000448 -0.000516 0.000594 -0.000345 0.000067 -0.000135 -0.000649 0.000231 -0.000184 -0.000508 0.000639 -0.000516 -0.000448 -0.001065 0.000118 0.000237 -0.000383 0.000039 -0.000202 -0.000633 -0.000367 -0.000099 -0.000507 -0.000691 0.000489 -0.000469 -0.000205 0.000124 -0.000998 -0.000439 -0.001911 -0.001535 0.000053 -0.000018 -0.000049 0.000529 -0.000865 -0.000064 -0.000224 -0.000720 0.000043 -0.000326 -0.000730 -0.000258 -0.001140 -0.000167 -0.000314 -0.000334 -0.000097 -0.000200 -0.000321 0.001065 -0.000386 -0.000289 -0.000239 0.000011 -0.000027 -0.000145 -0.000228 0.000003 -0.000156 -0.000100 -0.000564 0.000273 0.000378 -0.000175 -0.000095 -0.000394 -0.000205 0.000071 -0.000572 0.000109 -0.000644 -0.000552 0.000041 -0.000591 -0.000329 -0.000017 -0.000413 -0.001482 -0.000229 -0.000582 0.000014 0.000070 -0.000529 -0.000260 -0.000201 0.000006 -0.000178 0.000192 -0.000003 -0.001238 -0.000164 -0.000067 -0.000032 0.000117 -0.000001 -0.000955 -0.000001 -0.000159 0.000117 0.000733 0.000365 -0.000315 -0.000387 -0.000099 -0.001294 -0.000134 0.000333 -0.000203 -0.000005 -0.000102 -0.000057 -0.000387 -0.000008 -0.000472 0.000355 -0.000613 -0.001066 -0.001223 -0.000063 -0.000055 -0.000213 0.000111 -0.000182 -0.000405 -0.000068 -0.000282 -0.000388 0.000089 -0.000792 -0.000176 -0.000136 -0.000059 -0.000301 0.000107 -0.000312 0.000490 0.000193 -0.000106 -0.000276 -0.000254 -0.000847 -0.000122 -0.000563 -0.000326 -0.000059 -0.000217 0.000084 -0.000273 -0.000082 -0.000208 -0.000615 0.000422 -0.000678 -0.000022 0.000520
-0.000843 0.000511 -0.001044 -0.000577 -0.000640 -0.000435 -0.000089 0.000021 -0.000298 0.000059 -0.000144 -0.001532 -0.001070 -0.000759 -0.000126 -0.000041 0.000240 -0.000152 0.000017 0.000303 -0.000027 -0.000095 -0.000550 -0.000918 -0.000312 -0.000828 0.000016 0.000209 -0.000029 0.000228 -0.000060 -0.000418 -0.000135 -0.000194 -0.000798 -0.000238 -0.000572 -0.001649 -0.002218 -0.000118 -0.000573 0.000022 0.000046 0.000199 -0.000428 -0.000293 0.000117 0.000120 -0.000009 0.000266 -0.000184 -0.000175 -0.000453 -0.000087 -0.000221 0.000021 -0.002116 -0.000141 0.000072 -0.000021 0.000192 -0.000016 -0.000170 -0.000122 -0.000372 0.000099 -0.001304 -0.000542 0.000086 -0.000015 -0.000572 -0.001248 0.000005 -0.000093 -0.000165 -0.000356 -0.000098 0.000497 -0.000222 -0.000028 -0.000390 -0.000067 0.000246 -0.000745 -0.000428 -0.000071 -0.000996 0.000408 0.000138 0.000345 -0.001152 -0.000386 0.000090 0.000108 -0.000997 0.000157 -0.000692 -0.000532 -0.001501 -0.000488 0.000279 -0.000037 -0.000958 -0.000558 -0.000919 0.000122 -0.000045 -0.000134 -0.000535 -0.000745 -0.000439 -0.000162 -0.001931 -0.000186 0.000171 -0.000497 0.000243 -0.000212 -0.000803 -0.000220 -0.000098 0.000357 -0.001021 0.000156 -0.000942 0.000042 0.001197 -0.000912 -0.002081 -0.001365 0.000083 -0.000848 -0.000047 0.000084 -0.000371 -0.001119 0.000222 -0.000665 -0.000244 0.000164 -0.000641 -0.000464 -0.000297 -0.000076 -0.000176 -0.001128 -0.001506 -0.000041 0.000010 -0.000381 0.001082 -0.000297 0.000147 0.000267 -0.000275 -0.000078 -0.000122 -0.000922 -0.000307 -0.000141 0.000091 -0.000096 -0.000176 -0.000161 -0.002018 -0.000638 -0.001861 -0.000199 -0.000130 -0.000018 0.000203 -0.000159 -0.000699 -0.000562 -0.001562 0.000114 -0.000441 -0.000691 -0.001644 -0.000515 0.000208 0.000115 0.000036 -0.000821 0.000010 -0.000668 0.000182 -0.000517 -0.000244 0.000004 -0.000305 -0.000101 -0.001089 0.000065 -0.001652 0.000318 -0.001524 0.000132 -0.001420 0.000156 -0.000000 -0.000031 0.000165 -0.001529 -0.001205 -0.001612 -0.000068 0.000252 -0.000195 -0.000044 0.000080 -0.000029 0.000172 0.000092 -0.001645 -0.000194 0.000166 0.000086 -0.000045 -0.000091 -0.000044 -0.001356 0.000031 0.000265 -0.000948 -0.001142 -0.000043 0.000037 -0.000005 -0.000509 -0.000185 -0.000444 0.000664 0.000079 0.000027 0.000153 -0.000203 -0.000718 0.000231 -0.000446 0.000491 0.000136 0.000203 -0.000361 -0.002269 -0.000299 -0.000325 0.000602 -0.000300 -0.000301 -0.000230 -0.000011 -0.000184 -0.000092 -0.000017 -0.000008
0.045126 -0.000112 0.008550 -0.014734 -0.000128 -0.015983 -0.001459 -0.000236 -0.000042 0.000204 0.000141 -0.008156 0.022644 0.002874 -0.000051 -0.001001 0.000394 0.000211 -0.000186 0.000152 -0.000038 -0.027255 0.010802 -0.032127 0.028660 -0.000503 0.000191 0.000066 0.000124 -0.000265 0.049827 -0.026333 0.000143 -0.031738 0.021236 -0.017729 0.000394 0.000576 0.019717 -0.013668 -0.041076 0.003186 0.000149 0.000194 0.027656 -0.043838 -0.000095 -0.080357 0.007554 -0.035875 0.000616 0.000235 0.114837 0.000143 0.000001 0.001583 0.025946 -0.000218 -0.043187 -0.024482 0.000553 0.000078 -0.026084 -0.001703 -0.025235 -0.000177 -0.075897 0.037582 -0.000059 0.000476 -0.000095 -0.075568 0.000089 0.035338 -0.025151 -0.023677 -0.029945 0.028472 -0.000163 0.000390 0.027634 -0.002137 -0.000024 -0.001445 -0.030371 -0.000336 -0.067016 0.004876 0.000065 -0.038653 -0.035765 -0.045740 0.000024 0.000185 -0.079635 0.019751 -0.006912 0.135135 0.034166 -0.000512 -0.048226 -0.000360 -0.038654 0.000153 -0.053426 0.045263 0.000334 -0.000113 -0.061024 -0.011080 0.002386 -0.005614 0.007432 0.000218 0.000294 -0.000022 0.000052 0.000177 0.028652 0.001247 -0.000375 -0.006899 0.045380 0.000035 0.033341 0.000014 0.002246 -0.082419 -0.010529 -0.059860 -0.047978 -0.028086 0.000126 0.000087 -0.037495 -0.065028 -0.000060 0.014496 -0.036284 0.000021 -0.046993 -0.001854 0.000176 -0.000999 0.000393 -0.029482 -0.048560 0.027101 0.000162 0.045341 -0.000906 0.013248 -0.000053 0.000132 0.000217 -0.002191 0.000028 0.000512 0.000376 0.000092 -0.015088 0.028743 0.055106 0.016654 -0.043363 -0.022856 -0.018776 -0.000043 -0.000008 -0.054153 0.021080 -0.002449 -0.000876 -0.000525 -0.031825 0.036530 -0.001311 -0.008616 -0.149047 0.000209 -0.069256 0.000142 0.000072 0.122395 0.000943 0.026294 0.000149 0.009511 -0.000033 0.000097 0.079677 0.000192 0.001311 0.000182 -0.114970 -0.008013 0.023051 -0.000056 -0.005040 0.000219 -0.000213 -0.000153 -0.001442 -0.065848 -0.006546 -0.104880 0.000090 0.014643 0.000033 -0.000209 -0.002523 0.000048 -0.033267 0.000146 -0.020607 0.003675 -0.000346 -0.008612 -0.009549 -0.000314 -0.000161 -0.098016 -0.000053 0.000023 -0.014123 -0.000888 -0.000334 -0.000641 -0.000104 -0.049598 0.012646 0.003693 -0.005628 0.001728 0.000193 -0.000301 0.000057 -0.080646 0.000225 -0.010572 -0.090855 0.131142 0.000009 -0.000912 0.065448 -0.000221 0.133965 -0.021953 -0.016342 0.006964 -0.000594 -0.063830 0.070862 -0.002172 -0.000286 -0.000248
-0.210573 -0.000066 -0.479725 0.016517 -1.117479 -0.728750 0.005160 -0.000132 0.000294 -0.000219 0.000076 -0.383076 0.203051 0.079206 0.000115 -0.986275 -0.000001 0.000224 -0.000147 0.000153 -0.000008 -0.043069 0.052289 -0.376021 0.049069 0.009160 -0.000173 0.005570 0.000781 0.002547 -0.209524 0.097344 0.000184 -0.080317 -0.028156 -0.042998 -0.529628 -0.171682 0.018946 -0.751175 0.310568 0.281069 0.000058 0.000020 -0.357974 -0.702453 0.000940 0.024176 -0.011692 -0.197705 -0.000088 0.000199 -0.295781 -0.000098 0.000134 -0.000856 0.314065 -0.000453 0.599956 0.016897 0.000634 0.000014 0.232313 -0.141272 -0.246023 -0.000015 0.513260 -0.327724 -0.000064 0.000763 0.000133 -0.667709 0.000023 0.017747 -0.242695 0.668673 -0.092168 0.118220 0.000076 0.000472 -0.018189 0.007589 0.000287 0.001753 0.245374 0.000009 0.598642 -0.495926 -0.000365 -0.326286 -0.151341 0.280410 0.000205 0.000281 -0.506707 -0.048153 -0.004185 -0.582011 0.270498 0.000024 0.518483 0.000274 0.345550 -0.001545 0.157035 0.019258 0.004596 0.000046 0.458948 -0.053717 0.016905 -0.082459 0.266680 -0.000005 -0.000018 0.001108 0.000032 -0.000084 -0.802336 -0.003097 0.010957 -0.255960 -0.142443 0.003032 -0.417991 0.000033 0.006959 0.245570 -0.107105 -0.203481 -0.381664 0.226895 0.000064 0.000008 -0.524648 0.161487 -0.000119 0.033897 -0.040785 0.000069 -0.488993 -0.004056 -0.000263 0.000381 -0.000971 -0.586206 0.415067 0.010808 0.000129 0.010107 0.002380 0.027078 0.000049 -0.000204 -0.000225 0.000430 0.000240 -0.001200 0.000651 0.000108 -0.028545 0.427842 0.094890 0.263043 -0.162620 0.443740 0.391429 0.000062 0.000126 -0.354308 0.208337 0.094265 0.000013 -0.409949 -0.517027 0.314104 0.000767 -0.146738 -0.025498 -0.006613 -0.131969 0.000046 -0.000012 0.342659 0.001337 0.029473 0.000228 0.047977 -0.000292 0.000014 0.269690 0.000036 0.007991 -0.000368 -0.583470 0.300649 0.397405 -0.000158 -0.018313 0.000133 -0.000330 0.000529 0.051451 -0.459911 -0.146581 0.353595 0.000013 0.551948 0.000208 0.000152 0.234327 -0.000085 0.355304 0.000028 -0.271661 0.091391 0.000069 -0.930299 -0.169657 0.000127 -0.000120 0.028395 0.000097 0.000185 -0.317697 -0.132659 0.000028 -0.000467 0.000121 -0.719306 -0.379703 0.007112 -0.264991 0.206324 -0.000273 0.000356 0.000043 -0.335271 0.000210 -0.007474 0.229603 0.032894 0.000172 0.005293 0.554570 0.003811 -0.224097 -0.665081 -0.212559 0.067000 0.002201 -0.807362 0.067077 -0.261856 -0.000047 0.000348
0.001777 -0.000350 -0.000340 -0.000763 -0.004626 -0.001545 -0.000393 0.000066 -0.000038 -0.000261 -0.000033 -0.000805 -0.003593 -0.000763 -0.000146 -0.001040 -0.000142 -0.000422 -0.000697 -0.000184 -0.000215 -0.001459 0.000624 -0.001596 0.001047 -0.000281 0.000265 -0.000492 -0.000496 -0.000046 -0.000768 -0.005640 0.000244 0.000012 -0.000633 0.000361 0.001274 -0.003455 -0.002243 -0.000735 -0.003427 -0.000361 -0.000170 -0.000045 -0.000404 -0.002150 -0.000469 -0.000344 -0.000190 0.000149 -0.000372 0.000003 0.000251 -0.000149 -0.000261 -0.000415 -0.000737 -0.000700 -0.000715 -0.000548 -0.000358 0.000730 0.003062 -0.000299 -0.003506 -0.000023 -0.003447 -0.001724 -0.000108 -0.000169 -0.000342 -0.002761 0.000152 0.001962 -0.000142 -0.000020 0.000228 -0.001626 -0.000141 -0.000511 -0.000473 0.003034 -0.000223 -0.000081 -0.001822 -0.000642 -0.002414 0.000778 -0.000099 -0.001871 0.000306 -0.003739 -0.000060 -0.000012 -0.005325 -0.000185 -0.000504 0.000625 -0.003565 -0.000959 0.000685 -0.000324 -0.001128 -0.000925 -0.001449 -0.001031 0.001366 -0.000135 -0.005419 -0.000092 -0.000880 -0.003167 -0.004010 -0.000234 -0.000338 -0.001870 0.000001 -0.000062 -0.001435 -0.004315 0.000042 -0.000445 -0.001564 -0.000182 -0.000742 -0.000096 0.000314 -0.003531 -0.000035 -0.008106 -0.001312 0.002209 -0.000092 -0.000066 0.001202 -0.003786 -0.000231 0.000031 0.000040 -0.000212 0.002955 0.002023 -0.000072 -0.001013 -0.000407 -0.003368 -0.000755 0.002241 -0.000069 -0.000919 0.002511 -0.000281 0.000651 0.000084 -0.000354 -0.000666 -0.000020 0.000524 0.000564 -0.000188 0.001143 0.000297 0.000475 -0.000305 -0.003384 0.001143 -0.000761 -0.000037 0.000156 -0.000628 0.002436 -0.001673 -0.000038 -0.000813 -0.003725 -0.002019 -0.000207 0.000132 -0.011938 -0.000165 -0.002919 0.000199 -0.000230 -0.000155 0.000236 -0.000639 -0.000054 -0.000226 0.001296 -0.000102 -0.000512 -0.000158 -0.001469 -0.000084 -0.000314 -0.000131 0.001601 -0.000101 -0.002714 0.000146 0.000494 0.000009 -0.000249 0.002435 0.000708 -0.002560 -0.000235 0.000359 -0.000016 0.000109 0.000810 -0.000203 0.001611 -0.000082 -0.000095 0.002665 -0.000554 0.000649 0.000044 0.000127 -0.000109 -0.000442 0.000194 -0.000102 -0.000329 -0.002594 0.001582 -0.000976 0.000305 -0.001527 0.001631 0.000224 0.000380 -0.000830 0.000736 0.000240 0.001379 0.000139 -0.000049 0.000520 -0.001741 -0.000649 -0.000138 -0.000984 -0.004582 -0.000284 -0.006480 0.000310 0.000253 -0.001168 0.001308 0.000801 0.001102 -0.002356 -0.000099 0.000145
-0.428262 -0.000404 -0.516206 -0.197047 -0.121880 -0.187755 0.000881 0.000236 0.000227 -0.000156 -0.000268 0.587954 -0.219617 0.022646 -0.000168 0.123353 -0.000048 0.000221 0.000161 0.000042 -0.000117 -0.399974 0.016733 -0.572432 -0.487329 0.003259 0.000127 0.002023 -0.000075 -0.002495 -0.430056 -0.506543 -0.000061 -0.228502 -0.000463 -0.053062 0.845818 0.140813 0.092256 0.707618 -0.303407 -0.071896 0.000058 -0.000679 0.038738 -0.091220 -0.000038 0.124107 -0.001406 -0.539850 -0.000411 0.000256 0.029254 0.000007 0.000027 -0.000596 0.011382 -0.000384 0.216487 -0.626461 -0.000036 -0.000067 -0.312001 0.216146 -0.357604 -0.000022 0.293989 1.056145 0.000066 -0.001443 0.000741 0.301899 0.000056 -0.043542 -0.428294 -0.243112 -0.207137 -0.026211 0.000268 -0.000906 0.229584 -0.001153 -0.001242 -0.001303 -0.075056 0.000228 -0.180781 0.342567 -0.000028 0.819084 -0.410710 0.634907 0.000071 -0.000170 -0.686303 0.012249 -0.001718 -1.023739 -0.462857 0.000201 0.157019 0.000254 -0.285680 -0.000072 -0.253959 -0.018682 -0.006666 -0.000001 0.467718 -0.125093 -0.010376 -0.256265 -0.020317 0.000169 0.000049 -0.000830 0.000070 0.000152 0.358305 -0.002930 -0.004992 -0.569985 -0.256442 -0.003530 -0.481957 0.000130 0.008478 -0.284121 -0.030537 -0.139655 -0.804917 -0.635565 0.000092 0.000256 -0.047337 -0.413052 -0.000121 0.250983 -0.053530 0.000021 -0.428066 -0.004968 0.000564 -0.000895 -0.000699 0.156335 0.690934 0.653162 -0.000158 -0.118478 0.004192 -0.031290 -0.000275 0.000080 -0.000926 -0.003679 -0.000236 -0.000808 0.000109 -0.000002 -0.883270 -0.560667 0.251199 -0.502891 0.012885 0.201600 0.680003 0.000193 -0.000090 0.381308 0.255857 -0.210820 -0.000174 -0.095530 -0.001442 -0.449092 0.000511 0.011142 0.102743 -0.013906 -0.001048 0.000104 -0.000069 -0.164696 0.000962 -0.003524 -0.000055 0.036482 -0.000293 0.000028 -0.171890 0.000259 0.000946 0.000145 0.655331 0.313438 0.276339 0.000247 -0.168081 -0.000283 -0.000823 -0.000032 -0.033448 -0.298549 0.039336 -0.395314 0.000077 0.271956 0.000019 -0.000019 -0.594500 -0.000077 -0.387037 0.000025 -0.235942 0.014031 0.000391 -0.234667 -0.335317 0.001831 -0.000088 0.409299 -0.000033 0.000178 0.067394 -0.461645 -0.000359 -0.001439 0.000019 -0.620434 -0.632180 -0.011990 -0.632260 -0.385557 -0.000186 0.000243 0.000198 -0.273472 0.000265 -0.037086 -0.196369 0.262801 -0.000102 0.002880 -0.224319 -0.001203 0.516749 -0.123716 0.843685 -0.015857 0.003577 -0.107844 -0.255051 -0.534091 0.000096 -0.001286
-0.000348 -0.000558 0.018050 0.025678 -0.016341 -0.025884 -0.000425 0.000087 -0.000053 -0.000065 -0.000046 -0.013111 -0.014801 -0.000679 -0.000052 0.005602 0.000119 0.000253 -0.000038 -0.000077 -0.000066 -0.009262 0.013802 0.007423 0.000539 -0.001004 -0.000150 -0.000217 0.000116 -0.001959 0.007192 0.024785 -0.000007 -0.004229 0.000659 0.000405 0.011854 0.012492 -0.018123 -0.014471 -0.013178 0.030552 -0.000004 -0.000026 0.004517 -0.015679 -0.000161 -0.002996 -0.000470 -0.000601 -0.000171 -0.000020 0.007137 -0.000011 -0.000033 0.000177 -0.006056 0.000039 -0.000470 -0.000325 0.000380 0.000029 -0.030720 -0.012857 -0.006275 -0.000076 -0.018597 0.006767 -0.000064 -0.000243 -0.000132 -0.027492 -0.000073 0.001250 0.001835 0.016756 -0.005233 -0.011351 -0.000368 0.000165 0.001640 -0.004971 -0.000083 -0.001331 -0.017985 -0.000103 0.003450 0.005294 0.000640 -0.013165 -0.017277 -0.012060 -0.000016 -0.000122 -0.014015 0.001557 -0.000450 0.003403 -0.009668 -0.000673 0.019696 -0.000147 -0.016863 0.000181 -0.001521 -0.001572 0.000695 0.000024 -0.002855 -0.006846 0.009294 0.021899 -0.022976 -0.000084 0.000069 -0.000103 0.000014 0.000050 -0.026362 0.002395 -0.000769 0.005890 -0.011972 -0.000110 -0.012051 0.000119 0.000575 -0.021695 0.000140 -0.026520 -0.007698 -0.004193 -0.000041 -0.000009 -0.000719 -0.015130 -0.000062 -0.000110 0.002485 0.000218 -0.018027 0.002462 -0.000057 -0.000702 0.000785 -0.014463 -0.006676 -0.020399 -0.000044 -0.002039 0.001273 0.012152 -0.000026 0.000019 -0.000092 -0.003044 -0.000028 0.000100 0.002357 -0.000006 -0.022046 0.000047 0.003444 0.016822 -0.047459 -0.004946 0.014160 -0.000041 0.000001 -0.018143 -0.002503 0.009725 -0.000351 -0.014782 -0.023087 -0.006768 0.000166 0.003866 -0.073923 0.000094 -0.014316 -0.000013 0.000009 -0.010220 -0.000006 -0.006660 0.000367 0.008099 -0.000051 -0.000239 -0.009975 0.000154 -0.001257 0.000119 -0.011412 0.000745 0.006641 0.000096 0.006508 -0.000194 0.000660 -0.000202 -0.001337 -0.010133 0.036986 -0.040377 0.000044 0.005346 -0.000020 0.000122 -0.015421 -0.000046 -0.002462 0.000132 -0.021052 0.000560 0.000198 -0.027442 0.015250 0.000618 -0.000052 -0.009908 -0.000019 0.000204 -0.015455 -0.006949 0.000154 -0.001881 0.000114 -0.004620 0.003896 -0.007932 0.019439 0.010842 0.000020 0.000103 0.000074 -0.010233 -0.000036 -0.003819 -0.020719 0.000001 0.000065 0.001453 -0.011917 0.000321 -0.007366 -0.000435 -0.004490 0.010764 0.001569 0.010752 -0.002477 -0.005587 -0.000213 -0.000158
0.627111 -0.000119 0.332627 -0.008555 0.417071 -0.130493 -0.000099 -0.000134 -0.000079 0.000049 -0.000252 -0.071778 -0.098538 0.074456 -0.000049 0.276872 -0.000093 -0.000157 -0.000128 -0.000200 -0.000192 0.401192 0.034017 -0.243126 0.596443 0.013062 0.000026 0.004696 0.000507 0.000982 0.403555 0.469145 -0.000172 -0.037858 0.009615 0.122701 -0.133971 -0.074681 -0.066482 0.188767 -0.005047 -0.090156 -0.000136 -0.000071 0.197587 -0.081867 -0.000264 0.560167 0.000974 0.182267 -0.000157 -0.000158 0.124663 0.000108 -0.000243 -0.000118 0.018678 -0.000039 -0.110567 0.212202 -0.001262 0.000083 0.249164 0.049161 0.005276 -0.000010 -0.448598 0.125566 -0.000173 0.002747 -0.000064 -0.154437 -0.000037 0.027490 0.369454 0.018077 0.171579 -0.087344 -0.000212 0.000525 0.564846 0.003163 0.001010 0.000321 -0.184802 -0.000244 0.320014 -0.114611 -0.000077 0.233597 -0.439949 -0.117379 -0.000128 -0.000156 0.022197 0.090509 0.019491 0.547727 0.041554 -0.000158 0.071791 -0.000103 0.137642 -0.000094 0.359935 0.012779 0.015110 0.000004 -0.076614 -0.117063 0.032743 0.295792 -0.227393 -0.000182 0.000139 -0.000737 -0.000091 -0.000100 0.096049 -0.000531 0.003210 0.086705 0.568124 -0.000179 0.135137 -0.000250 0.001293 -0.232603 0.007010 -0.715474 -0.051046 0.059001 -0.000007 -0.000131 0.259387 0.144312 -0.000059 0.258922 -0.027169 -0.000143 -0.226975 0.002318 -0.000069 -0.000018 0.001112 0.155246 0.038600 0.130798 0.000162 0.150994 0.002412 -0.025635 -0.000118 -0.000027 -0.000528 0.003128 -0.000240 -0.000022 0.000015 -0.000214 0.332153 0.281332 -0.162194 0.058168 -0.010321 -0.005418 0.316982 -0.000076 0.000074 -0.114213 0.135215 0.172089 0.000344 0.480994 0.123332 0.101206 0.000709 -0.396240 -0.485277 -0.000808 -0.252983 0.000126 0.000071 -0.174420 0.000667 -0.210636 0.000059 -0.010340 -0.000041 -0.000118 0.064734 -0.000254 0.001401 -0.000123 0.263571 0.054976 0.337691 0.000265 0.200970 -0.000008 0.000441 -0.000585 -0.036535 0.214264 0.001476 -0.404865 -0.000014 -0.011801 -0.000134 -0.000175 -0.174742 0.000051 -0.022178 -0.000087 -0.047144 0.035677 -0.000265 -0.137296 0.637941 0.000456 -0.000023 -0.113717 -0.000104 -0.000160 0.027031 0.065624 0.000095 -0.000951 -0.000157 -0.034185 0.290985 0.023544 0.720460 -0.143302 0.000407 -0.000218 0.000453 0.244976 -0.000226 -0.012431 0.251294 0.550422 -0.000080 0.002638 -0.028757 0.004008 1.028744 -0.085649 0.048423 -0.067067 0.004638 -0.079599 0.577987 0.156852 -0.000122 -0.000276
0.155596 -0.000116 0.073789 -0.024493 -0.205041 -0.180155 0.004431 -0.000119 -0.000254 0.000086 0.000042 -0.100668 0.027087 0.030799 -0.000248 0.341492 0.000001 -0.000748 -0.000245 0.000134 0.000088 0.165425 -0.005541 -0.018383 -0.168262 -0.002287 0.000113 -0.004082 -0.000242 0.002575 -0.241578 0.163583 0.000430 0.139805 0.005985 0.172305 -0.207687 0.034714 -0.128422 -0.479335 -0.031829 0.201333 0.000129 0.000109 0.043068 -0.040485 0.000149 0.166231 0.003347 -0.127039 0.000456 0.000179 -0.055739 -0.000096 -0.000039 0.000703 0.125223 -0.000246 0.006015 0.425376 0.000169 -0.000074 -0.073930 -0.120629 -0.070898 0.000003 -0.265661 -0.064628 -0.000021 -0.001274 -0.000670 -0.035163 0.000007 0.033366 -0.322097 0.401920 -0.105291 -0.008539 -0.000139 0.000023 0.111175 0.007236 -0.000156 -0.000302 -0.027111 0.000020 -0.042047 0.328789 -0.000772 0.081839 -0.182110 -0.117419 -0.000063 0.000042 -0.198983 0.044195 -0.006709 -0.134176 0.269430 0.000897 -0.137491 -0.000074 -0.006791 -0.001504 0.130089 0.056234 0.023698 0.000123 0.105709 -0.005998 0.036893 -0.057749 -0.179934 0.000253 -0.000309 0.000788 -0.000075 -0.000192 0.101216 -0.001405 0.007394 -0.028626 0.066777 0.000690 0.249062 -0.000133 0.001327 -0.369797 -0.087407 -0.386624 0.000743 0.036370 0.000144 0.000095 0.214413 -0.038100 0.000126 0.216578 0.254049 0.000105 0.062284 -0.006979 -0.000405 -0.000226 -0.000010 -0.246911 0.264000 0.034827 0.000182 0.032121 -0.000233 0.062973 0.000117 -0.000009 -0.000785 0.000875 0.000010 0.001168 0.000281 0.000090 -0.129397 -0.001566 -0.085525 0.046007 -0.152540 0.102921 0.022876 -0.000218 -0.000154 -0.081442 0.123794 0.065692 -0.000642 -0.176716 -0.061040 0.216744 -0.000015 0.074929 -0.526413 -0.000375 -0.005744 0.000031 -0.000143 -0.029530 0.000033 0.392580 -0.000146 -0.061857 -0.000390 -0.000018 0.012291 -0.000119 0.008003 -0.000008 -0.113246 -0.090034 -0.217747 -0.000052 -0.044247 0.000151 0.000136 0.000600 0.027447 -0.269460 0.076605 -0.220545 0.000023 -0.010228 0.000034 0.000068 -0.246597 -0.000061 0.110973 0.000127 0.080169 -0.012073 0.000099 0.208625 -0.052930 -0.000054 -0.000071 0.057085 -0.000207 0.000188 0.099882 -0.327022 -0.000279 0.000660 -0.000043 0.234318 0.010938 0.008270 0.155019 -0.107821 -0.000516 0.000081 -0.000272 -0.042602 -0.000240 0.090790 0.267571 -0.235984 -0.000071 -0.003100 -0.021724 -0.005828 0.035555 -0.018261 -0.159594 0.035568 0.000123 0.110546 0.184157 -0.062311 0.000219 -0.000230
0.074876 -0.000325 0.688226 -0.283599 0.262130 -0.469897 0.001229 0.000241 -0.000124 -0.000075 -0.000062 0.170938 -0.117807 0.109936 0.000028 0.206527 -0.000028 -0.000657 0.000392 -0.000213 -0.000125 0.299417 0.045584 0.155327 0.427707 -0.002537 -0.000190 0.001506 -0.000065 0.001881 0.447218 0.215284 0.000227 -0.006175 0.002266 -0.488557 0.267323 0.137238 -0.147761 0.579987 -0.430505 0.112208 -0.000016 -0.000084 0.185230 -0.178967 -0.000265 0.189541 0.003094 0.073210 0.000410 -0.000116 0.608391 0.000132 -0.000267 0.000547 0.042994 -0.000449 0.113901 0.440104 0.000136 0.000438 0.229692 -0.518054 0.560557 -0.000263 -0.119693 0.033742 0.000031 0.001967 -0.000649 -0.198427 -0.000052 0.068432 0.305138 0.150648 0.016443 -0.071611 -0.000036 0.000080 0.436381 -0.001397 -0.000217 -0.001557 -0.111897 -0.000554 0.314680 0.016534 -0.000243 -0.359595 0.147246 0.134810 -0.000122 -0.000070 0.137456 0.049862 -0.000537 0.135653 -0.029695 -0.001388 0.199979 -0.000486 -0.115545 -0.000152 0.180777 0.020458 0.005078 -0.000016 0.072100 0.043967 -0.055111 -0.383474 0.034841 -0.000101 -0.000615 0.000090 -0.000125 -0.000104 0.002102 -0.004637 0.000185 -0.128009 0.078952 -0.000379 0.351024 -0.000052 0.000125 0.085381 -0.027703 -0.278376 -0.103765 0.491151 -0.000021 -0.000147 0.301018 -0.285258 -0.000110 -0.015605 0.133882 0.000035 0.377008 0.000032 -0.000284 -0.002483 0.000126 -0.026766 -0.438949 0.102234 -0.000032 0.555852 0.000615 -0.002551 -0.000195 -0.000152 -0.000777 0.002688 0.000119 -0.000882 0.000363 0.000176 0.002723 -0.178792 -0.066235 0.226348 -0.055345 0.104750 0.214463 0.000113 -0.000153 -0.017594 0.215462 -0.181792 -0.000502 0.326751 0.260755 0.152320 -0.000086 0.187127 -0.423537 -0.003753 0.004181 -0.000091 -0.000017 0.398401 -0.000379 0.115227 -0.000064 0.031619 -0.000034 -0.000223 0.068557 -0.000135 -0.001457 -0.000135 0.186552 -0.229533 -0.140479 -0.000226 -0.386955 -0.000029 0.000217 0.000098 0.022450 -0.388664 0.055452 -0.178189 -0.000007 0.059050 -0.000228 -0.000169 0.124507 -0.000224 0.035884 0.000195 0.036647 -0.010391 0.000581 -0.280513 0.283574 -0.000013 -0.000052 -0.147258 0.000316 0.000080 -0.035066 0.397620 -0.000499 -0.000445 0.000666 0.408826 0.200879 0.003327 0.958517 0.426945 -0.000412 -0.000319 -0.000502 -0.138558 -0.000161 0.282027 0.537733 0.442682 -0.000049 -0.002571 0.201597 -0.002623 0.378151 -0.137656 -0.180323 -0.026311 0.001492 0.266008 0.710881 0.277944 0.000045 0.000074
-0.000843 0.000043 0.000898 -0.002212 -0.001591 0.001370 -0.000505 0.000206 0.000012 0.000159 -0.000004 -0.002396 -0.000257 0.001184 -0.000170 0.000671 0.000117 -0.000105 -0.000196 0.000259 -0.000042 0.001430 -0.001496 -0.000637 -0.002150 -0.000257 -0.000243 0.000424 0.000715 0.000569 -0.000917 -0.003237 -0.000369 -0.002873 -0.002394 -0.002824 0.000535 0.002405 -0.002164 0.000391 -0.002156 -0.000127 -0.000101 0.000209 0.003018 -0.005213 -0.000079 0.000151 0.001072 -0.000314 0.000539 -0.000097 -0.001571 0.000024 0.000023 0.000337 -0.001947 -0.000225 -0.007889 0.000491 0.000058 0.000041 -0.013294 -0.000386 0.000438 0.000116 -0.008701 -0.000322 0.000239 -0.000511 -0.000015 -0.004122 -0.000014 -0.000041 -0.001958 0.000703 0.000852 0.001256 0.000040 0.000630 -0.002544 0.000035 0.000067 -0.001152 0.001718 0.000224 -0.002683 -0.001245 0.000855 -0.011037 -0.002820 -0.007002 0.000142 0.000131 -0.005514 0.000181 0.001215 0.001624 -0.002221 0.000052 -0.006955 0.000141 -0.003555 0.000537 -0.004236 0.000642 -0.001325 -0.000102 -0.003661 -0.002399 0.003266 0.001758 -0.012596 -0.000134 -0.000275 -0.000401 -0.000054 -0.000056 -0.008279 0.004004 -0.000208 -0.000499 -0.002091 0.002451 -0.000421 0.000045 -0.002772 0.000053 -0.003413 -0.001927 -0.002086 -0.000286 -0.000103 -0.000119 0.001424 -0.004432 -0.000071 -0.000327 -0.001522 -0.000073 -0.001171 -0.000924 0.000033 0.000300 0.000520 -0.000786 0.000577 -0.003638 0.000011 -0.000996 0.000719 0.001030 0.000119 -0.000009 -0.000823 0.000819 -0.000063 -0.000713 0.000957 -0.000117 0.001503 -0.001441 0.000255 -0.002834 -0.003114 0.001099 -0.001311 -0.000013 -0.000101 -0.001706 -0.002552 -0.000091 0.000965 -0.001573 -0.002689 -0.000495 -0.000073 -0.000001 -0.013844 -0.000726 -0.005806 0.000094 0.000073 -0.003452 -0.000086 -0.000291 -0.000131 -0.000088 -0.000238 -0.000130 -0.001597 0.002075 0.001775 -0.000109 -0.002586 -0.000183 -0.004031 0.000044 0.000229 -0.000118 0.000313 0.000061 -0.000424 -0.003460 0.001194 -0.002639 -0.000014 -0.000765 -0.000073 0.000092 -0.001729 0.000039 -0.000247 -0.000122 0.000023 0.001596 0.000098 0.000260 -0.000002 0.001252 0.000211 -0.000215 0.000197 0.000158 -0.000454 -0.003139 -0.000175 -0.000461 -0.000115 0.000798 -0.001648 -0.000901 -0.001187 -0.000235 -0.000673 -0.000275 -0.000243 -0.001782 0.000133 -0.002404 -0.004255 -0.002810 0.000002 -0.001327 -0.001764 -0.000951 -0.001045 0.006415 -0.000655 0.002632 0.000776 0.000783 -0.000532 -0.003383 -0.000194 0.000268
-0.151053 -0.000087 0.353340 0.462745 -0.539410 0.281861 -0.001067 -0.000183 -0.000502 -0.000372 -0.000161 -0.682433 0.963956 -0.042691 0.000166 -0.186929 0.000167 -0.000039 -0.000319 -0.000053 0.000001 -0.195220 0.011555 0.369682 -0.115953 0.002857 -0.000045 0.007926 0.000373 0.000772 -0.053824 0.278081 0.000007 0.714873 -0.008847 0.041856 -0.131590 -0.386699 0.506949 -0.843416 -0.148290 0.569882 -0.000105 -0.000060 -0.012859 -0.497181 -0.001111 -0.133751 -0.004978 -0.410672 0.000451 0.000122 -0.550607 0.000027 -0.000197 -0.001352 -0.551492 -0.000519 -0.657792 0.407547 -0.000561 -0.000525 0.764956 0.523562 -0.126403 0.000015 0.514042 -0.046215 0.000133 -0.000959 -0.000080 -0.121548 -0.000052 0.092895 0.808358 -0.090895 0.040470 -0.109153 0.000455 -0.000693 -0.499702 0.000221 -0.001253 0.000795 0.617381 -0.000134 -0.057399 -0.170701 0.000284 -0.725027 0.049066 0.279487 0.000178 -0.000108 0.000186 0.001235 0.012973 0.027625 -0.679548 -0.000661 0.302731 -0.000298 0.711475 -0.002595 0.405380 -0.033016 -0.006712 -0.000103 -0.019529 0.196535 0.015357 -0.185042 0.857641 0.000128 -0.000175 0.000244 -0.000197 0.000069 -0.028504 -0.004798 0.014093 0.129333 0.092041 0.001958 0.432412 0.000039 0.001620 -0.343261 -0.009445 -0.061787 0.308226 0.211928 0.000036 -0.000111 0.208435 0.712255 0.000073 0.106459 -0.339555 -0.000265 -0.221205 0.000468 0.000240 0.002016 -0.006622 -0.185073 0.494873 0.569815 -0.000119 -0.508573 0.001298 -0.077168 -0.000650 -0.000186 -0.002485 -0.003554 0.000236 -0.000401 -0.001774 0.000160 0.425475 -0.069392 -0.000999 -0.543032 0.109058 -0.082866 -0.046295 -0.000076 -0.000181 0.086481 -0.217797 0.382981 -0.000414 0.310336 -0.249185 0.425830 -0.000822 0.438615 -0.149980 0.001601 0.347533 -0.000242 -0.000091 0.022288 -0.000788 -0.145800 -0.000215 0.025772 -0.000237 -0.000011 0.010031 -0.001343 0.000739 -0.000031 -0.935956 -0.430362 -0.471122 -0.000260 -0.620569 -0.000107 -0.000108 -0.000417 0.025139 -0.069261 -0.066521 -0.186975 -0.000133 -0.068509 -0.000171 -0.000149 -0.394524 -0.000266 0.404006 -0.000137 0.655538 -0.029874 0.000467 0.383644 -0.195408 0.002223 -0.000094 0.240235 0.000384 0.000239 -0.205950 -0.223597 -0.000120 -0.000132 0.000223 0.472677 0.398776 0.014080 -0.447370 -0.081354 -0.000952 0.000716 0.000058 0.028211 -0.000092 0.817508 -0.085711 0.165382 0.000062 -0.007396 -0.553401 0.006732 0.203713 -0.434170 0.537371 0.028541 0.003058 0.108154 0.060810 -0.093110 -0.000055 0.000882
-0.013666 -0.000151 0.110302 0.328802 0.190121 0.039769 -0.000535 -0.000145 -0.000289 0.000214 -0.000128 -0.005485 0.141930 0.009417 -0.000028 0.062562 -0.000066 -0.000260 0.000275 0.000272 0.000014 0.127100 0.004713 0.028274 -0.000274 0.001482 0.000039 0.000169 -0.000279 -0.001934 0.308897 0.559187 -0.000253 0.191235 0.004742 0.005875 0.206051 -0.099701 0.155226 -0.234576 -0.040097 0.300870 -0.000228 -0.000016 0.096662 0.010386 0.000116 -0.048898 0.005230 -0.061557 -0.001374 -0.000044 0.241189 -0.000005 -0.000061 0.000243 0.127951 -0.000191 0.508088 -0.132581 -0.000208 -0.000714 -0.098250 0.169574 0.351624 -0.000072 -0.038640 -0.262498 0.000199 -0.001807 -0.000356 0.014024 0.000077 -0.009580 0.012615 0.125420 0.200666 -0.047710 -0.000050 0.000143 0.380634 0.002679 0.000463 -0.000868 -0.210482 -0.000319 0.007387 -0.080181 -0.000360 -0.067285 -0.117250 0.124339 0.000247 -0.000118 -0.160130 0.037085 0.000821 0.247793 -0.044148 0.000391 -0.223024 -0.000249 -0.025759 -0.000455 -0.042225 -0.032101 0.015216 -0.000011 -0.140476 -0.042179 -0.017050 -0.378286 0.122027 0.000045 -0.000573 0.001298 0.000223 -0.000067 0.207080 0.001759 0.012071 0.215607 -0.036048 -0.000805 0.040950 -0.000026 -0.004622 -0.009259 -0.089392 -0.304085 0.147566 -0.209357 0.000148 0.000184 -0.306453 -0.094773 -0.000079 0.035887 0.284145 -0.000136 -0.142060 -0.003398 -0.000609 0.000163 -0.000236 -0.030332 -0.418612 0.298256 0.000120 0.133006 0.003791 0.043620 0.000274 -0.000018 -0.001271 0.001612 -0.000081 -0.000275 -0.000993 0.000071 -0.064847 0.195813 -0.120026 -0.076033 -0.268675 0.029532 0.570942 -0.000046 0.000229 -0.092984 0.081140 0.104728 0.000081 -0.128713 -0.053450 0.167668 0.000451 -0.080931 -0.529151 -0.003485 0.212241 -0.000035 0.000206 0.384927 0.000262 0.261288 -0.000106 0.000806 -0.000327 0.000206 -0.178965 -0.000889 0.005256 0.000087 0.146777 0.471368 -0.098485 -0.000257 -0.139142 0.000074 0.000011 0.000091 0.016102 -0.077084 -0.014242 -0.083898 0.000087 0.035234 -0.000198 0.000111 -0.177019 0.000264 0.250727 -0.000136 -0.001733 -0.002694 -0.000042 0.735605 0.202660 -0.000967 0.000244 0.119861 0.000209 0.000009 -0.111361 0.298032 -0.000329 -0.000535 0.000075 0.215427 -0.011992 -0.004594 0.261948 -0.127991 0.000113 -0.000151 -0.000003 -0.064513 -0.000093 0.454369 -0.276716 0.061212 0.000027 0.007338 0.277312 -0.000379 0.271724 -0.096962 0.259504 0.035479 -0.001004 0.337229 -0.142038 0.081891 -0.000056 -0.000181
-0.002620 -0.000265 -0.000042 -0.000673 -0.000893 0.000356 -0.000561 0.000129 -0.000753 -0.000186 0.000018 -0.001518 -0.001382 -0.000790 -0.000056 -0.001223 -0.000158 -0.000626 0.000496 -0.000008 -0.000273 -0.002869 0.000857 0.001497 -0.000163 0.000023 -0.000029 0.000589 -0.000040 -0.000856 0.000548 -0.002230 -0.000083 -0.000074 0.000119 -0.000302 -0.001335 -0.000649 0.000346 0.001717 -0.001900 -0.000116 0.000230 0.000018 0.000639 -0.000875 -0.000114 -0.000554 0.000315 0.000806 0.000204 -0.000129 0.002724 0.000033 -0.000261 0.005495 -0.002832 -0.000079 -0.002072 -0.000004 -0.000591 -0.000036 -0.001661 -0.000385 0.002070 -0.000038 -0.001387 0.001159 -0.000054 -0.001304 -0.000227 -0.000870 -0.000217 0.000197 0.000092 -0.000610 0.000209 -0.000469 0.000076 -0.000083 0.000513 -0.000168 -0.000137 -0.001318 -0.000735 0.001552 0.000777 -0.001506 -0.000265 -0.003057 -0.004155 -0.000464 -0.000223 -0.000162 -0.003812 -0.000259 0.000398 0.001757 0.000560 -0.000951 -0.000165 0.000110 -0.002012 0.000165 -0.001137 0.001007 -0.002837 0.000206 -0.003555 -0.001128 0.001349 -0.003324 -0.000786 -0.000267 -0.000093 0.000684 -0.000152 -0.000086 -0.001469 -0.000355 0.000517 -0.002091 0.000597 -0.000606 -0.002636 -0.000076 0.000740 0.000136 -0.003420 -0.002253 -0.003593 -0.001486 -0.000166 -0.000045 0.000810 -0.002785 0.000062 -0.000209 0.001860 0.000203 -0.001020 -0.000148 -0.000057 -0.000737 -0.000864 0.002079 -0.000826 -0.001907 0.000010 -0.000763 0.003310 -0.000949 -0.000012 -0.000215 -0.000587 -0.000599 -0.000207 -0.000541 -0.000190 -0.000209 -0.001107 -0.000436 0.001318 -0.001020 -0.002709 0.000276 -0.000171 0.000174 -0.000092 -0.001704 -0.001187 -0.001242 -0.000061 -0.000435 -0.005529 -0.000405 -0.000149 -0.001570 -0.006985 0.000142 -0.002385 -0.000217 -0.000066 -0.001659 0.000160 0.001907 -0.000155 -0.003359 -0.000264 -0.000059 0.000494 -0.000139 -0.000643 -0.000213 -0.000499 0.000128 0.000181 0.000237 -0.001945 -0.000153 0.000357 -0.000135 -0.000785 -0.002406 -0.000175 -0.004766 -0.000098 -0.002569 0.000205 -0.000037 -0.000678 -0.000180 0.000584 0.000013 -0.000803 0.000382 -0.000245 0.000990 0.001002 0.000053 -0.000225 -0.000291 -0.000055 0.000181 -0.002021 -0.003124 -0.000247 -0.002110 -0.000056 0.000524 -0.000902 0.001161 0.000991 -0.000609 -0.000249 -0.000489 -0.001150 -0.001671 -0.000068 0.001228 -0.001571 0.001146 -0.000064 -0.001463 -0.001659 -0.000209 0.000673 -0.000449 0.000480 -0.001043 0.000748 -0.001764 0.000952 -0.004390 0.000230 -0.000137
-0.000843 -0.000633 0.000004 -0.000093 -0.001078 0.000209 -0.000192 0.000147 -0.000065 0.000303 -0.000203 0.000847 -0.001226 -0.000120 0.000069 -0.000643 0.000163 -0.000272 0.000134 0.000148 -0.000049 0.000084 0.000851 -0.000418 -0.000579 -0.000462 -0.000107 -0.000736 0.000089 -0.000256 0.000009 -0.001084 0.000078 -0.000365 -0.000364 -0.000324 -0.000425 0.000383 -0.000261 -0.000067 -0.000251 -0.000278 0.000003 -0.000001 -0.000029 -0.000394 -0.000243 -0.000319 0.000091 0.000061 0.000037 0.000200 -0.000829 -0.000036 -0.000095 -0.000449 0.000902 0.000275 -0.000248 0.000032 -0.000018 -0.000006 -0.000643 -0.000127 -0.000185 -0.000092 -0.000256 -0.001422 -0.000042 -0.000490 -0.000818 -0.000584 0.000174 -0.000726 -0.000076 0.000054 -0.000594 -0.000275 0.000225 -0.000131 0.000015 -0.000095 -0.000089 -0.000118 0.000180 0.000347 -0.000509 -0.000442 -0.000345 -0.001489 -0.000247 -0.000343 0.000186 -0.000003 -0.000598 -0.000237 -0.000206 -0.000474 -0.000182 -0.000111 -0.000494 -0.000287 0.000010 0.000174 -0.001338 -0.000913 -0.000204 0.000057 -0.000127 -0.000877 -0.002239 -0.001090 -0.000730 0.000025 -0.000278 -0.000779 0.000040 -0.000102 -0.001066 -0.000574 -0.000274 -0.001182 -0.001030 -0.000463 -0.000742 -0.000036 0.000282 -0.000062 -0.000795 -0.001062 -0.000947 0.000144 0.000233 -0.000003 0.000128 -0.000743 0.000103 0.001204 -0.001135 -0.000350 -0.001130 -0.000552 -0.000369 -0.000147 -0.000150 -0.000260 -0.000520 -0.000164 -0.000089 -0.000826 -0.000259 0.000596 -0.000274 -0.000090 -0.000490 -0.000608 -0.000197 0.000175 0.000149 -0.000177 -0.000184 0.000307 -0.000333 -0.000918 -0.000593 0.001189 -0.000263 -0.000146 -0.000180 -0.001217 -0.000144 0.000245 -0.000746 -0.000096 -0.001199 -0.000840 -0.000108 -0.000612 -0.001354 -0.000073 -0.000875 0.000047 -0.000155 -0.000187 -0.000222 -0.000580 -0.000208 -0.000758 -0.000161 0.000254 -0.000828 -0.000023 -0.000531 -0.000164 -0.000958 0.000153 -0.000715 -0.000045 -0.000231 -0.000159 -0.000003 0.000082 0.000251 -0.000510 -0.000377 -0.001632 -0.000125 -0.000038 -0.000032 0.000030 -0.000777 -0.000053 -0.000628 -0.000093 -0.001343 -0.001405 -0.000031 -0.000440 0.000224 0.000012 0.000012 -0.001504 0.000144 0.000276 0.000577 -0.001453 -0.000182 -0.000934 -0.000463 -0.000691 -0.000241 -0.000916 0.000443 -0.000201 -0.000461 0.000148 0.000003 -0.000815 -0.000189 0.000132 -0.000462 -0.000149 -0.000230 -0.000076 -0.000089 -0.000445 -0.000688 -0.000444 0.000125 -0.000118 -0.000296 -0.000138 -0.000153 -0.001501 0.000067 -0.000246
0.621440 -0.000194 0.309644 -0.175663 0.374695 0.717407 -0.001317 -0.000110 0.000033 -0.000034 -0.000050 0.203743 0.197545 0.006966 -0.000024 0.480387 0.000102 -0.000305 -0.000486 0.000234 -0.000052 0.255604 0.041107 -0.010606 -0.151740 0.001822 -0.000100 0.000956 -0.000578 -0.000846 0.059124 0.269923 0.000010 0.286571 0.007511 0.092169 -0.122478 0.047616 0.264351 -0.046194 0.315649 0.117063 -0.000005 0.000179 0.232192 0.394702 0.000024 0.259199 -0.009609 0.164477 -0.000525 0.000042 0.329130 0.000161 -0.000065 -0.000371 0.845662 0.000291 0.468212 0.053155 -0.000566 -0.000256 0.178285 -0.070210 0.502175 -0.000198 -0.006316 0.419794 -0.000039 -0.001125 0.000032 -0.094668 -0.000231 0.016142 -0.333947 0.373821 0.512485 0.133161 0.000034 0.000099 0.150422 -0.000102 -0.000032 0.000286 -0.228577 0.000113 0.190525 0.014791 0.000016 -0.101509 -0.016077 0.156622 -0.000099 -0.000114 -0.157352 0.013982 0.000243 0.222875 0.121855 -0.000298 0.463527 0.001294 -0.027366 0.001161 0.323940 -0.006150 0.002624 -0.000088 -0.216993 0.261121 0.018760 0.103934 -0.261749 0.000155 0.000179 -0.001105 -0.000019 0.000128 0.359761 -0.003085 -0.000831 -0.187770 -0.359914 -0.001288 -0.120841 -0.000208 0.003183 -0.152899 0.011108 -0.384379 0.158879 -0.023023 0.000152 0.000015 0.698550 -0.117253 -0.000022 0.385067 0.137081 -0.000254 0.083587 -0.002075 0.000419 -0.000112 0.000394 0.199588 -0.164069 0.091340 0.000010 0.327559 -0.000037 0.080425 0.000146 -0.000066 -0.000498 -0.002770 -0.000204 0.000089 0.000255 -0.000181 -0.153372 0.279659 0.169817 0.174560 0.007162 0.336577 -0.007091 -0.000222 -0.000082 -0.320380 0.199423 -0.003587 -0.000227 0.328465 -0.023551 0.066157 -0.000045 0.260933 -0.553719 -0.000317 0.132470 -0.000029 0.000128 0.319473 0.001295 0.102602 0.000158 0.010033 -0.000146 -0.000001 0.296276 0.000166 0.000141 -0.000093 0.030278 0.780565 0.313677 -0.000073 0.056175 -0.000224 -0.000088 -0.000626 0.003001 0.337245 -0.043456 -0.350894 0.000280 0.094870 0.000009 -0.000210 0.071324 -0.000164 0.374677 0.000161 0.162833 0.001026 -0.000161 -0.260467 0.302024 -0.000209 -0.000100 0.052890 -0.000080 -0.000154 0.680564 0.353572 -0.000412 -0.000552 0.000026 0.713201 -0.000280 -0.000031 0.318701 0.209250 0.000247 -0.000457 -0.000302 0.016843 -0.000251 0.078990 0.198184 0.020651 0.000004 -0.000163 0.581680 0.000776 0.062192 0.891280 0.386076 0.007233 0.000755 -0.021880 -0.027237 0.485877 -0.000164 0.000237
-0.036312 0.000394 0.133984 0.142387 -0.138126 0.002740 0.001394 0.000088 -0.000186 -0.000345 0.000047 0.017706 -0.057676 0.000578 -0.000036 -0.248796 0.000133 0.000175 -0.000179 0.000151 -0.000267 0.123261 0.005765 0.000201 0.309829 -0.001963 -0.000067 0.000828 -0.000230 0.000711 0.066164 0.158541 0.000185 0.055140 -0.006890 -0.012247 -0.025062 0.124619 0.056721 -0.022145 -0.037222 0.098160 0.000176 0.000092 -0.020539 -0.066928 -0.000125 0.010554 -0.000300 -0.032978 -0.000109 -0.000003 -0.057783 0.000200 0.000042 -0.000416 -0.000249 -0.000154 -0.101879 0.054343 -0.000212 -0.000001 -0.178968 0.328865 -0.295878 -0.000268 -0.101652 -0.066848 0.000205 0.000524 -0.000235 -0.152202 0.000228 0.005991 0.186989 -0.049855 -0.043182 -0.154959 0.000046 0.000017 -0.067846 0.004484 0.000048 0.001130 -0.161510 0.000125 0.077888 0.314137 -0.000020 0.018380 0.123601 -0.228569 0.000239 0.000053 -0.128146 -0.001129 0.003476 0.162405 -0.180365 0.000388 0.135312 -0.000206 -0.124661 -0.000180 -0.152335 -0.004741 0.000522 0.000091 -0.430895 -0.009444 -0.004068 0.036688 -0.015402 -0.000050 -0.000185 -0.000602 0.000135 0.000014 -0.066398 0.002228 -0.000031 -0.043380 0.110545 0.000552 -0.098481 -0.000147 -0.003628 -0.288302 0.021831 -0.020550 -0.066529 0.065043 0.000050 0.000162 0.232954 0.002211 -0.000003 0.189042 0.038436 0.000106 -0.021029 0.002199 0.000620 -0.000494 0.000211 -0.229487 -0.150148 0.004752 0.000127 0.379686 -0.000476 -0.001268 -0.000034 -0.000058 -0.000983 -0.000930 0.000071 -0.000378 -0.001167 -0.000112 0.241922 -0.080208 -0.024118 -0.103870 -0.152600 -0.076156 0.241591 0.000163 -0.000113 -0.122205 0.442245 -0.202763 -0.000478 -0.253434 -0.210532 0.205242 -0.000016 0.081734 -0.257293 -0.000440 -0.038565 0.000149 0.000302 0.063224 -0.000401 -0.172322 -0.000042 0.005957 -0.000022 0.000102 0.169064 0.000011 0.005472 0.000240 -0.119233 0.099605 -0.005372 -0.000064 0.062811 0.000214 -0.000146 -0.000097 0.011895 0.008659 0.003563 -0.236301 0.000059 -0.149263 0.000030 -0.000025 -0.019243 -0.000024 -0.116887 0.000087 0.118123 0.010949 0.000150 -0.176450 0.160037 -0.000902 0.000039 -0.240368 -0.000010 0.000108 0.156311 -0.153856 0.000193 -0.000488 -0.000002 0.009901 0.234486 0.000682 0.399910 -0.193295 -0.000312 -0.000084 -0.000034 -0.321242 0.000008 -0.189178 -0.092027 0.171596 0.000018 0.002308 -0.170999 0.001452 0.132693 0.082199 0.171999 0.006187 0.004107 -0.123632 0.109770 0.284567 0.000143 -0.000081
0.074907 -0.000539 0.031879 0.014685 0.487928 0.118337 -0.000078 -0.000007 0.000327 0.000057 -0.000168 0.339436 0.058467 -0.000819 0.000104 0.180983 -0.000040 -0.000559 0.000575 -0.000193 -0.000083 -0.130216 -0.004126 0.075289 -0.447114 -0.001986 0.000222 -0.000003 -0.000192 0.000342 -0.009967 -0.125831 -0.000007 -0.147521 -0.000417 0.283060 0.443754 0.133669 0.110429 0.065628 -0.128642 0.029775 -0.000052 -0.000238 0.238903 -0.073073 0.000156 0.340223 -0.005865 -0.068826 0.000070 -0.000012 -0.071644 0.000044 -0.000041 -0.000013 -0.077437 -0.000208 -0.182236 -0.189636 -0.000010 -0.000287 0.259325 0.143946 -0.038799 -0.000259 -0.034554 -0.410257 0.000064 0.000954 0.000230 -0.019553 -0.000139 -0.032763 -0.152260 0.005813 -0.373909 -0.197344 0.000466 -0.000966 -0.081286 0.005207 -0.001265 -0.000229 0.254382 -0.000150 -0.310171 -0.065587 -0.000225 -0.087646 -0.132408 -0.220542 -0.000133 0.000001 -0.422641 0.025463 0.000319 0.270826 -0.261291 -0.000077 -0.011401 -0.000487 -0.088695 -0.000112 -0.207640 0.079143 0.006064 -0.000205 -0.190788 0.054907 -0.001327 0.073279 0.131633 -0.000186 -0.000194 0.001115 -0.000100 -0.000246 0.097321 0.000745 -0.000576 -0.140079 0.435787 -0.000582 -0.165522 -0.000144 0.000302 -0.268955 0.017349 0.057476 0.174531 0.008284 -0.000068 -0.000171 0.002654 0.046174 -0.000164 0.060921 0.319959 0.000109 -0.112205 0.000288 0.000162 0.000099 -0.000096 0.006108 -0.118875 -0.095467 -0.000066 0.011496 -0.000151 0.021840 0.000134 0.000127 0.000271 0.002825 -0.000120 0.000590 -0.000009 0.000106 0.179929 -0.285719 -0.073989 0.125877 -0.284402 -0.209820 -0.105900 -0.000084 0.000229 -0.149902 0.120097 0.168308 -0.000362 -0.374729 -0.234922 -0.050883 0.000587 0.261344 -0.470629 -0.000292 -0.282250 -0.000019 -0.000119 -0.111664 -0.000453 0.111853 -0.000035 0.043135 -0.000099 -0.000127 0.159114 -0.000208 0.007134 -0.000044 -0.120241 0.298159 0.014376 -0.000105 0.267553 -0.000098 -0.000130 -0.000352 -0.008902 -0.002809 0.029740 -0.080997 -0.000238 0.163275 -0.000122 -0.000130 0.058885 -0.000018 0.269357 0.000212 0.450536 0.046215 0.000543 0.029534 -0.232685 -0.000032 -0.000006 -0.110926 -0.000013 -0.000150 0.121797 -0.127042 0.000069 -0.001022 -0.000077 -0.008690 -0.163793 -0.001041 0.032941 -0.322650 -0.000299 0.001009 0.000078 -0.481163 -0.000072 0.151482 0.223826 0.131904 0.000002 0.000636 -0.040400 -0.000640 -0.159867 0.094028 0.111182 -0.040432 -0.000320 0.236463 -0.181367 0.300730 -0.000236 -0.000772
-0.000575 0.000108 -0.000122 -0.000416 -0.000025 0.000115 -0.000295 0.000037 -0.000094 0.000284 0.000049 -0.000870 -0.001001 -0.000256 -0.000273 -0.000265 -0.000247 0.000154 -0.000059 0.000194 -0.000044 -0.000634 -0.000827 -0.000365 0.000108 -0.000427 0.000157 -0.000180 -0.000003 -0.000110 -0.000748 -0.000533 0.000046 0.000229 -0.000307 -0.000900 -0.000586 -0.000061 -0.000891 -0.000658 -0.000164 -0.000114 0.000175 0.000164 0.000204 -0.001026 -0.000208 -0.000029 -0.000026 -0.000262 0.000572 0.000249 -0.000024 0.000270 0.000107 -0.000476 0.000616 0.000202 -0.000232 -0.000191 -0.000146 0.000028 -0.000190 -0.000252 -0.000468 -0.000191 -0.000385 0.000248 -0.000003 -0.000677 0.000104 -0.000348 0.000123 0.000000 -0.000711 -0.000460 -0.000172 -0.001325 -0.000243 -0.000028 -0.000307 -0.000163 -0.000122 -0.000156 -0.002680 -0.000105 -0.000127 -0.000051 -0.000340 -0.000066 -0.001017 -0.000868 -0.000074 0.000185 -0.000459 -0.000357 -0.000220 -0.000377 -0.000070 -0.000211 0.000020 -0.000355 -0.000478 -0.000244 -0.000120 -0.000664 -0.000357 0.000077 -0.000388 0.000213 -0.000329 -0.001882 -0.000418 0.000033 0.000126 -0.000181 -0.000091 0.000169 -0.000457 -0.000569 -0.000388 -0.000609 -0.000255 -0.000550 -0.000077 -0.000007 -0.000383 -0.000263 -0.000718 -0.000732 -0.000494 -0.000328 0.000170 -0.000002 0.000147 -0.000383 0.000001 0.000371 0.000626 0.000147 -0.000897 0.000112 0.000046 -0.000395 -0.000437 -0.000633 -0.000582 0.000139 0.000076 -0.000425 0.001155 -0.000516 0.000043 0.000178 -0.000240 -0.000837 0.000139 0.000137 0.000060 0.000080 -0.000332 -0.000696 -0.000276 -0.000300 -0.001742 -0.000056 -0.000030 0.000029 -0.000179 -0.000123 -0.000248 -0.000238 -0.000407 -0.000078 -0.001467 0.000615 -0.000120 -0.000119 -0.001321 -0.000320 -0.000099 0.000040 0.000206 -0.001074 -0.000161 0.000090 0.000107 0.000301 -0.000036 0.000094 0.000140 0.000068 -0.000619 0.000081 -0.002107 -0.000915 -0.000079 0.000197 -0.002730 0.000011 0.000405 -0.000237 -0.000079 -0.000611 0.000103 -0.000436 0.000243 -0.000094 0.000105 -0.000085 -0.000087 -0.000073 -0.000561 0.000252 -0.000173 -0.000053 -0.000130 -0.000100 -0.000252 0.000076 0.000021 -0.000453 0.000159 0.000000 0.000096 -0.001522 -0.000158 -0.000546 -0.000236 -0.000536 -0.000484 0.000124 -0.000131 -0.000569 -0.000308 -0.000141 0.000085 -0.000662 0.000139 -0.000035 -0.000481 -0.000504 0.000028 0.000047 -0.000248 0.000099 0.000106 -0.000858 0.000131 -0.000309 0.000383 0.000057 0.000083 -0.000317 0.000161 0.000035
0.000474 -0.000077 0.000514 -0.016449 -0.017107 -0.049334 0.002690 0.000187 0.000089 0.000082 -0.000088 -0.014050 -0.000756 -0.000166 -0.000224 -0.031705 0.000107 -0.000039 -0.000067 0.000251 -0.000031 -0.011335 -0.004159 0.014388 0.001101 0.000237 0.000126 0.002917 -0.000147 -0.000422 -0.003883 0.001105 0.000166 -0.014641 -0.008976 -0.012419 -0.006445 -0.091112 -0.008839 -0.003482 0.003855 0.018015 0.000013 0.000088 0.002388 -0.003197 -0.000178 -0.000201 0.011979 0.013443 -0.000101 0.000247 0.003478 0.000118 -0.000071 -0.000042 0.014683 -0.000114 -0.014030 0.006411 -0.000089 -0.000119 -0.007278 0.015082 -0.005885 -0.000108 -0.010423 0.012340 -0.000098 0.003994 -0.000198 -0.009272 0.000251 0.008103 0.005364 -0.004970 -0.001747 0.001875 -0.000173 0.000241 0.008254 -0.005227 -0.000148 0.000590 -0.009635 0.000083 -0.002204 0.015428 -0.000126 -0.015315 -0.039164 0.000914 0.000019 -0.000137 -0.013099 0.002786 0.001449 0.001582 -0.026245 -0.000821 -0.008509 0.000006 0.014770 -0.000009 0.007414 -0.000039 0.011575 0.000087 -0.071642 0.004089 0.002069 -0.001520 -0.025458 0.000115 -0.000210 -0.000376 -0.000088 -0.000171 0.007344 -0.000265 -0.000164 -0.000006 0.017569 -0.000020 -0.004608 -0.000069 -0.003072 -0.042496 -0.009654 -0.071252 0.008674 -0.009187 -0.000043 0.000207 -0.037179 -0.027306 0.000015 -0.003355 0.016588 -0.000202 -0.011357 -0.001427 -0.000252 -0.000044 -0.000054 -0.010434 0.007655 0.003295 -0.000090 -0.001561 -0.000115 0.000376 -0.000078 0.000058 0.000045 -0.003082 -0.000105 0.000198 0.000122 -0.000103 -0.000433 -0.017611 -0.002054 0.003521 -0.017163 -0.008002 -0.036044 0.000238 -0.000225 -0.007653 -0.002173 0.015925 -0.000102 -0.015841 -0.021278 -0.006441 -0.000127 0.001903 -0.060199 0.003348 -0.012923 0.000020 0.000193 -0.009124 -0.000097 -0.008941 -0.000101 -0.005990 0.000201 0.000026 -0.004978 -0.000111 0.002144 0.000158 -0.001755 -0.017646 -0.004432 -0.000220 -0.003356 -0.000074 -0.000018 0.000062 0.009050 -0.019120 0.004241 -0.069398 0.000076 0.000599 -0.000220 -0.000043 -0.047262 0.000026 0.003802 -0.000235 -0.007395 0.017158 -0.000169 -0.009726 0.001594 -0.000214 -0.000193 -0.007693 -0.000231 -0.000132 0.005323 0.016214 -0.000011 -0.000428 -0.000038 0.000215 0.003748 0.000012 0.008166 -0.006299 -0.000024 -0.000313 -0.000187 0.000852 -0.000153 0.001059 0.021177 -0.002953 -0.000209 0.001594 -0.006982 -0.000444 -0.002032 0.006366 -0.002853 0.015997 0.000031 -0.005282 0.006255 -0.002468 0.000032 -0.000184
0.536713 -0.000114 -0.840989 -0.968081 0.350919 0.421465 -0.001103 0.000013 -0.000494 -0.000046 0.000039 0.169978 -0.255482 0.032537 0.000194 -0.299709 0.000022 -0.000188 -0.000428 -0.000158 -0.000077 0.595697 0.063431 0.074455 -0.837296 -0.003009 0.000081 -0.005116 0.000913 -0.001754 0.565531 -0.253705 -0.000003 -0.191207 -0.034201 0.707513 0.045354 -0.282542 -0.722058 0.538086 -1.032737 0.084795 0.000268 -0.000591 -0.400552 0.574781 0.000609 0.005335 0.008776 0.357764 -0.000483 -0.000101 -0.035983 -0.000049 0.000259 0.001904 0.169859 -0.000046 -0.290150 0.208099 -0.000321 -0.000105 -0.425381 -0.529441 -0.528674 0.000167 -0.284928 -0.400696 -0.000042 0.002142 -0.000139 0.246637 0.000102 -0.024108 -0.657412 -0.080164 -0.161470 0.687554 -0.000323 0.000244 -0.444786 0.011995 -0.000649 0.001723 -0.860287 0.000203 0.112967 0.113601 -0.000172 0.179241 0.620382 -0.435647 0.000032 0.000003 -0.204671 -0.011824 -0.004923 -0.095786 -0.217742 -0.001491 -0.555755 0.000441 -0.327886 0.001327 -0.480963 -0.012820 0.011654 0.000097 -0.135852 0.228462 -0.002739 0.139811 -0.460038 -0.000206 0.000475 0.000100 0.000090 0.000193 0.363140 0.003814 0.005427 0.101847 0.016088 0.003598 -0.602428 -0.000230 -0.005223 0.028476 0.015209 0.102584 -0.129355 -1.074929 -0.000156 -0.000227 -0.126409 -0.810564 0.000076 0.151502 -0.214176 0.000093 0.778135 -0.000936 0.000232 0.002300 -0.000243 -0.468811 -0.628529 0.079312 0.000083 0.177787 0.001598 0.032326 0.000060 -0.000031 0.000791 -0.004780 -0.000032 -0.000654 0.001547 -0.000225 -0.375046 0.020133 1.140402 -0.883545 0.123305 -0.275855 -0.221775 0.000104 0.000047 0.124846 -0.184434 -0.135243 0.000082 -0.464145 0.319749 0.255119 -0.000373 -0.332019 -0.128199 -0.006565 0.094225 0.000116 -0.000160 0.793310 -0.000570 0.146826 -0.000296 0.025020 0.000299 0.000141 0.029924 0.001297 0.018076 0.000083 0.380434 0.076219 0.209270 0.000133 0.277903 -0.000151 0.000331 0.000093 -0.034784 0.394386 -0.430669 -0.296567 0.000227 0.021378 0.000110 -0.000035 0.732464 0.000040 -0.101898 0.000069 -0.369476 -0.084737 -0.000457 0.250883 -0.578068 -0.000072 0.000059 -0.565217 -0.000091 0.000210 -0.085536 0.393731 -0.000909 -0.000311 -0.000179 -0.228533 -0.752025 0.020966 -0.095784 0.857117 0.001179 -0.001010 0.000754 0.272141 0.000128 -0.304898 -0.126480 -0.433529 -0.000107 0.000590 -0.290894 -0.001679 -0.697589 0.258793 -0.587868 -0.000679 0.000120 -0.032371 -0.066515 -0.210934 0.000163 0.001264
-0.041372 -0.000257 0.066536 0.152990 0.364956 -0.306735 -0.000030 -0.000110 -0.000034 0.000206 -0.000128 -0.068099 0.072332 0.000204 -0.000045 -0.293044 -0.000223 0.000242 -0.000127 -0.000050 -0.000187 0.026821 -0.006297 -0.073472 -0.006766 0.001970 0.000178 0.000005 -0.000197 0.004023 0.062294 0.038456 0.000092 -0.266163 0.007411 0.160898 -0.020843 0.397507 -0.050417 0.295413 0.141510 -0.006940 -0.000050 -0.000022 -0.066580 -0.145321 -0.000242 -0.031348 -0.000457 -0.181995 -0.000208 0.000002 0.449152 -0.000200 -0.000094 0.000265 0.183533 -0.000189 -0.026133 -0.053678 -0.000169 -0.000079 0.083968 -0.043155 0.026314 -0.000261 -0.329145 -0.182603 -0.000014 0.001253 -0.000001 -0.319106 -0.000231 0.188780 0.072740 0.036798 -0.092324 -0.190395 -0.000137 -0.000198 -0.120346 -0.000069 -0.000146 -0.001300 -0.130615 -0.000268 0.047311 0.112882 -0.000041 -0.068672 -0.277920 -0.060258 -0.000053 -0.000185 -0.181155 0.039796 0.013776 0.007377 0.080583 0.000278 0.023353 0.000004 -0.036074 -0.002391 0.034721 0.000373 0.003197 -0.000000 -0.183609 0.515693 -0.003366 0.035068 0.183067 -0.000095 -0.000264 0.000645 -0.000162 -0.000154 -0.050562 0.009571 0.011599 -0.101600 -0.017550 0.001535 -0.068365 -0.000239 -0.001094 -0.013583 0.075674 -0.336019 -0.060192 -0.046981 -0.000057 -0.000250 0.215416 0.000596 -0.000166 0.082336 0.278579 -0.000176 0.087148 -0.000745 -0.000114 0.003560 0.000023 -0.049156 -0.146727 0.146061 -0.000188 -0.122298 -0.001689 0.009653 -0.000106 -0.000012 0.001785 -0.004801 -0.000159 -0.000136 -0.000087 -0.000198 -0.194695 -0.080648 -0.194913 -0.049224 -0.239913 0.201415 -0.163024 -0.000204 -0.000025 -0.401315 -0.098910 0.247820 -0.000133 -0.224090 -0.171849 -0.165243 -0.000087 0.081444 -0.410012 0.002818 -0.183198 0.000154 -0.000253 -0.215837 -0.001154 -0.014421 -0.000243 0.012641 -0.000066 -0.000007 -0.059356 -0.000117 0.004026 -0.000218 -0.135029 0.339078 -0.158723 -0.000234 0.011148 0.000234 -0.000108 0.000131 0.001994 -0.016242 0.118680 -0.056568 -0.000142 0.060740 0.000141 -0.000136 0.261496 -0.000213 0.080094 -0.000245 -0.026225 0.104829 -0.000031 -0.054572 -0.005969 -0.000259 -0.000119 -0.224214 -0.000121 -0.000057 0.301681 -0.083402 -0.000163 -0.000236 -0.000176 -0.022038 -0.043853 0.020807 -0.083996 -0.355614 -0.000048 -0.000073 -0.000051 0.020639 -0.000166 -0.170870 -0.060245 -0.049572 -0.000108 -0.003341 -0.261210 0.001561 -0.001169 -0.061538 -0.016574 0.046414 0.000009 0.178423 0.033257 0.318456 -0.000083 -0.000152
-0.000150 0.000066 -0.000281 0.000058 -0.000277 -0.000078 -0.000472 0.000206 -0.000194 0.000181 0.000049 -0.000614 -0.000395 0.000066 0.000088 -0.000969 0.000139 -0.000214 -0.000255 0.000021 -0.000108 -0.000081 -0.000115 -0.000531 -0.000349 -0.000091 0.000060 0.000283 -0.000345 -0.000265 0.000363 -0.000343 0.000008 -0.002227 -0.000833 -0.001451 -0.000271 -0.000100 -0.000819 -0.001195 -0.000366 -0.000221 0.000046 0.000178 0.000059 -0.000247 -0.000225 -0.000028 0.000065 -0.000396 -0.000093 0.000268 -0.000150 -0.000227 0.000087 -0.000277 -0.000205 -0.000252 -0.000272 -0.000097 -0.000138 -0.000134 0.000205 -0.000176 -0.002396 -0.000133 -0.001527 -0.002048 0.000161 0.000195 -0.000056 -0.002695 0.000098 0.000052 -0.000832 -0.000315 0.000129 -0.000236 0.000161 0.000032 -0.000218 -0.000031 -0.000007 0.000343 -0.001283 -0.000203 -0.000320 -0.003655 0.000083 -0.000803 -0.000277 -0.000430 0.000334 0.000167 -0.000669 -0.000008 -0.000182 -0.000162 -0.002521 -0.000075 -0.000021 -0.000010 -0.001319 -0.000413 -0.001588 -0.000412 -0.000672 0.000059 -0.001134 -0.001387 -0.000325 -0.000868 -0.000226 0.000175 0.000524 -0.000390 0.000055 0.000132 -0.000391 -0.000617 -0.000475 -0.000250 0.000073 -0.000369 -0.000466 -0.000145 -0.000092 -0.000500 -0.002727 -0.000720 -0.000097 -0.000298 0.000210 0.000006 0.000047 -0.000287 0.000246 -0.000032 -0.000289 0.000094 -0.000228 0.000043 -0.000429 0.000067 -0.000192 0.000071 -0.001428 0.000286 0.000100 -0.000316 0.000225 0.000146 -0.000049 0.000120 -0.000306 -0.000339 0.000030 0.000123 0.000157 0.000007 -0.001441 -0.000261 -0.000017 -0.000273 -0.001275 -0.001370 -0.000345 0.000224 -0.000219 0.000023 0.000039 0.000054 -0.000190 -0.001047 -0.000833 0.000257 -0.000077 0.000088 -0.004135 -0.000295 -0.000356 -0.000110 0.000083 0.000084 -0.000365 -0.002977 0.000120 -0.000432 -0.000140 0.000227 -0.000332 -0.000290 -0.000089 0.000297 -0.001085 -0.000261 -0.000259 0.000061 -0.000362 0.000168 -0.000182 0.000031 0.000187 -0.000693 0.000000 -0.002914 0.000138 -0.000318 0.000246 -0.000060 0.000028 -0.000075 0.000633 0.000122 0.000194 0.000037 -0.000051 0.000232 -0.000000 0.000000 -0.000115 -0.000946 -0.000190 0.000044 -0.000025 -0.000922 -0.000219 -0.000380 -0.000164 -0.000107 0.000025 0.000171 -0.000187 -0.000085 -0.000087 0.000157 -0.000164 -0.000322 0.000188 -0.000407 -0.000755 -0.000399 -0.000089 -0.000303 -0.000416 -0.000708 -0.000089 0.000146 0.000077 -0.000094 0.000003 -0.000312 -0.000039 -0.001380 0.000178 0.000115
-0.000074 -0.000030 0.000088 -0.000070 -0.000695 -0.000283 0.001122 0.000127 0.000158 -0.000138 0.000068 -0.000349 0.000150 -0.000267 -0.000143 -0.000961 -0.000075 -0.000132 -0.000007 0.000054 0.000080 0.000084 -0.000076 -0.000203 0.000266 0.000196 -0.000162 0.000025 -0.000119 -0.000052 0.000047 -0.000373 0.000194 -0.000487 -0.000359 -0.000343 -0.000265 -0.000634 0.000050 -0.000191 -0.000292 0.000048 0.000098 0.000058 0.000071 -0.000397 0.000093 -0.000218 0.000075 -0.000152 -0.000246 0.000139 -0.000180 -0.000100 0.000212 0.000013 0.000249 -0.000200 -0.000258 0.000136 0.000075 -0.000163 -0.000358 -0.000259 -0.000147 -0.000110 -0.000747 -0.000583 -0.000088 0.000195 0.000200 -0.000228 -0.000147 0.000009 0.000023 0.000246 0.000048 0.000011 0.000142 0.000007 -0.000186 -0.000026 -0.000115 -0.000384 -0.000697 0.000259 0.000136 -0.000234 -0.000611 0.000094 -0.000447 -0.000177 0.000069 0.000018 -0.001095 -0.000126 -0.000419 -0.000115 0.000098 -0.000135 -0.000713 0.000075 -0.000449 -0.000093 -0.000298 -0.000910 -0.000179 0.000053 -0.000714 -0.000556 -0.000070 0.000039 -0.000686 0.000161 -0.000070 -0.000448 -0.000042 -0.000086 -0.000422 0.000245 0.000303 -0.000072 0.000046 0.000018 -0.000109 0.000037 0.000077 -0.000986 -0.000816 -0.000826 -0.000420 -0.000082 0.000182 0.000235 0.000116 -0.000582 -0.000154 -0.000326 0.000241 0.000176 0.000295 -0.000435 -0.000102 -0.000076 -0.000092 0.000093 -0.000324 0.000015 0.000119 -0.000007 -0.000227 0.000114 -0.000321 -0.000080 -0.000182 -0.000141 0.000021 0.000032 -0.000051 0.000138 -0.000476 0.000245 -0.000019 -0.000360 -0.000501 -0.000528 -0.000477 0.000098 0.000012 -0.000651 -0.000172 -0.000049 -0.000029 -0.000169 -0.000844 0.000181 -0.000214 -0.000425 -0.000911 0.000023 -0.000479 -0.000003 0.000216 -0.000244 0.000233 -0.000221 0.000121 -0.000366 0.000354 -0.000068 -0.000126 -0.000159 -0.000054 0.000099 -0.000352 -0.000089 -0.000005 0.000082 -0.000045 -0.000115 0.000470 0.000033 -0.000037 -0.000537 -0.000180 -0.000086 0.000090 -0.000061 0.000200 0.000025 -0.000385 -0.000036 0.000085 0.000062 -0.000208 -0.000080 0.000234 0.000307 0.000018 -0.000187 -0.000074 -0.000411 -0.000239 -0.000225 0.000002 -0.000084 0.000010 0.000038 0.000188 -0.000765 -0.000096 -0.000163 -0.000256 -0.000143 0.000153 0.000008 0.000080 -0.000986 0.000043 -0.000010 -0.000246 -0.000626 0.000103 0.000035 -0.000547 -0.000127 -0.000609 -0.000302 -0.000159 0.000157 -0.000558 -0.000194 -0.000215 -0.000494 -0.000009 -0.000038
0.041374 -0.000070 -0.047551 0.055325 -0.081299 -0.034932 -0.003956 -0.000082 -0.000179 -0.000079 -0.000227 0.010115 0.031838 0.002196 -0.000082 -0.040005 -0.000056 0.000084 -0.000177 -0.000248 -0.000069 -0.032060 0.101559 0.001518 0.016970 0.001494 0.000002 -0.003793 0.001151 0.006951 0.001092 -0.058712 -0.000096 -0.002567 0.019691 -0.016724 -0.030611 -0.024228 -0.010855 0.027380 0.000471 0.061941 0.000001 -0.000234 0.031226 -0.028435 -0.000156 0.010776 0.010867 -0.007187 -0.000579 -0.000126 -0.007771 0.000027 -0.000079 0.000072 -0.010957 -0.000068 -0.007882 0.071538 -0.000631 -0.000215 0.034337 0.012059 -0.053988 -0.000222 -0.035639 0.034970 -0.000161 0.003672 -0.000033 -0.001676 -0.000182 -0.007053 -0.005924 0.038871 -0.023755 0.024338 -0.000034 -0.000203 0.081251 0.006437 -0.000060 -0.000085 -0.068052 -0.000522 0.015435 -0.002106 -0.000249 0.051916 -0.073929 0.005460 -0.000150 -0.000001 -0.025263 -0.007540 0.003428 -0.027393 0.010108 -0.000170 0.018033 -0.000231 -0.044502 -0.001030 -0.023174 -0.026992 0.005750 -0.000086 -0.072726 0.010937 0.072177 -0.033596 -0.017461 -0.000082 -0.000687 -0.000357 -0.000092 -0.000029 -0.024539 0.000842 0.006020 0.025011 -0.015272 0.003013 -0.023002 -0.000138 -0.004365 -0.072535 -0.015398 -0.047008 -0.016479 -0.062670 -0.000070 -0.000199 -0.127141 -0.021179 0.000044 0.031168 0.018428 -0.000045 -0.042674 -0.001181 -0.000203 0.001528 0.000660 -0.042370 0.056797 0.006570 -0.000240 -0.063299 -0.000108 -0.003285 -0.000026 0.000075 -0.000030 -0.003139 -0.000153 -0.001140 0.000279 -0.000039 -0.069728 -0.001467 -0.046856 0.025292 -0.040852 -0.045273 -0.097848 -0.000004 -0.000096 -0.070693 -0.020750 -0.021787 -0.000146 -0.019585 -0.023454 -0.012323 0.001235 0.034084 -0.082359 0.001002 -0.031983 -0.000229 -0.000196 -0.046903 -0.001052 -0.058685 -0.000203 0.007017 -0.000073 -0.000053 0.008585 -0.000392 0.012463 -0.000182 -0.025721 0.022966 -0.000596 -0.000061 0.004844 -0.000212 -0.000223 -0.000082 0.042827 -0.037082 0.022892 -0.052981 -0.000174 -0.006104 -0.000154 -0.000041 -0.062083 0.000173 0.022706 -0.000213 0.008376 0.045409 -0.000106 0.013207 -0.001492 0.001135 -0.000164 0.035320 0.000009 -0.000125 0.002103 -0.049771 -0.000076 0.000174 -0.000202 -0.100593 -0.022805 0.001303 0.084137 -0.050953 -0.000201 -0.000545 0.000110 0.013510 -0.000047 0.006013 -0.036933 0.010063 -0.000055 0.000431 -0.010723 0.009456 -0.018465 0.011678 0.002408 0.053628 0.000737 -0.015996 -0.008380 -0.050886 -0.000153 -0.000159
0.228078 -0.000185 0.457700 0.081551 0.096098 0.030146 -0.000450 0.000228 -0.000230 -0.000080 0.000057 0.497694 0.049829 0.004168 0.000067 0.064145 -0.000143 -0.000391 -0.000835 -0.000049 -0.000014 -0.044023 0.023046 0.090162 0.066498 -0.001225 -0.000040 0.001729 -0.000534 -0.002196 -0.135379 0.410528 -0.000056 0.137161 0.004860 0.234001 -0.027723 0.008189 0.185960 -0.053437 0.112624 0.323102 0.000168 0.000178 0.231714 -0.254727 -0.000359 -0.028937 0.008505 -0.087381 -0.000333 -0.000135 0.057461 0.000166 0.000065 -0.000129 0.272182 0.000159 0.109212 0.202392 -0.000001 -0.000202 -0.325241 0.049200 0.309182 -0.000245 0.280516 0.187275 -0.000184 0.000293 -0.000982 -0.275728 0.000188 0.034873 -0.175887 0.230616 0.064588 0.067636 0.000170 -0.000197 0.379655 0.008075 -0.000063 -0.001275 0.107187 -0.000041 -0.172287 -0.187333 -0.000080 0.658806 -0.079939 0.084765 -0.000183 0.000115 0.102589 0.004784 0.011287 0.136915 -0.274831 -0.000862 -0.006991 0.000222 0.186324 -0.000106 0.083809 0.037883 0.000849 0.000067 -0.117187 0.105464 -0.009068 0.108670 0.431216 -0.000021 -0.000026 -0.002439 -0.000094 -0.000152 -0.412672 -0.002636 -0.014019 -0.034012 0.572119 0.001876 0.260395 -0.000233 0.010535 0.012170 0.008398 -0.409868 -0.375407 0.102344 -0.000223 -0.000213 0.155592 -0.272128 0.000163 -0.111557 -0.053601 0.000006 -0.066097 -0.001066 -0.000004 -0.000538 0.000424 -0.400079 -0.179980 0.358849 0.000223 0.007401 0.003908 0.023755 -0.000075 0.000045 -0.000976 0.000254 -0.000072 -0.001040 -0.001672 -0.000096 -0.081247 0.435906 0.016859 -0.010666 -0.046766 0.298087 0.537144 0.000198 0.000149 -0.398753 0.004019 -0.043578 -0.000034 0.225638 -0.079885 0.088924 0.000787 -0.385105 -0.295437 0.002893 0.144806 -0.000127 0.000244 0.080578 -0.000146 -0.025926 -0.000006 0.006274 -0.000127 -0.000207 -0.065403 -0.000979 0.001608 -0.000222 0.411284 -0.180562 -0.370505 0.000075 -0.081066 0.000085 0.000016 -0.000206 0.032310 -0.473197 0.075338 0.040877 -0.000080 0.111659 -0.000259 -0.000043 -0.046622 -0.000225 0.193568 0.000033 -0.097397 -0.026729 -0.000308 -0.221806 -0.074835 0.000017 0.000236 0.050285 -0.000231 0.000232 -0.092685 -0.144931 0.000127 -0.000036 0.000162 0.030028 0.138712 -0.000998 -0.177306 0.401927 -0.000242 0.000334 -0.000776 0.092700 0.000118 -0.217722 0.011090 0.257211 -0.000080 -0.002000 -0.259401 0.002798 0.373675 0.724217 0.357757 0.012725 -0.000415 0.580781 0.362531 -0.127536 0.000014 -0.000071
